Country Name,Country Code,Year,Tertiary_Enrollment,GDP_per_Capita,Gov_Expenditure_Education,Internet_Usage,Upper_Secondary_Completion,Urban_Population
Afghanistan,AFG,2003.0,1.37434995174408,198.871115728727,3.4620099067688,0.0878912528559713,9.698486925384,19.1600346409089
Afghanistan,AFG,2004.0,1.39064002037048,221.763653873013,3.4620099067688,0.105809030021958,9.698486925384,19.3993593959593
Afghanistan,AFG,2009.0,3.93815994262695,452.053705477043,3.4620099067688,3.55,9.698486925384,21.6885475109053
Afghanistan,AFG,2011.0,3.68686008453369,606.694676337726,3.4620099067688,5.0,9.698486925384,22.8205691572485
Afghanistan,AFG,2014.0,8.39764022827148,625.054941813938,3.69521999359131,7.0,9.698486925384,24.1910166387726
Afghanistan,AFG,2018.0,9.99592018127441,491.337221382603,3.69521999359131,16.79999924,9.698486925384,24.9991645191406
Afghanistan,AFG,2020.0,10.85435962677,510.787063366811,3.69521999359131,17.04850006,11.8347043333891,25.2622103446137
Albania,ALB,2000.0,15.3867101669312,1160.42047054038,3.3304500579834,0.114097346552109,37.0448913574219,41.6135829609314
Albania,ALB,2001.0,15.4820499420166,1326.41652388077,3.34198999404907,0.325798377067964,37.0448913574219,42.354513990929
Albania,ALB,2002.0,16.3895606994629,1479.83884572006,3.00253009796143,0.39008127343332,37.0448913574219,43.1520419609419
Albania,ALB,2003.0,16.3662395477295,1908.69900687608,3.03534007072449,0.971900415195857,37.0448913574219,44.0295089223208
Albania,ALB,2004.0,19.1295795440674,2446.90949947798,3.1308000087738,2.42038779776014,37.0448913574219,44.9784925669394
Albania,ALB,2005.0,22.389009475708,2741.72136549578,3.20023989677429,6.04389086404814,37.0448913574219,45.9937666920583
Albania,ALB,2006.0,26.2101001739502,3057.77257038113,3.10271000862122,9.609999657,37.0448913574219,47.0701050949378
Albania,ALB,2007.0,30.2319297790527,3743.05529896187,3.14638996124268,15.03610039,39.913692520629,48.2022815728384
Albania,ALB,2008.0,31.6839599609375,4498.50486763601,3.14638996124268,23.86,39.8893203735352,49.3850699230207
Albania,ALB,2009.0,32.9239883422852,4213.65007574693,3.14638996124268,41.2,40.7168211248766,50.6132439427449
Albania,ALB,2010.0,43.3279304504395,4149.14469936847,3.14638996124268,45.0,42.0615055762317,51.8815774292716
Albania,ALB,2011.0,49.3997040639925,4465.70914328865,3.17881310743026,47.0,43.4903411865234,53.2917382892465
Albania,ALB,2012.0,58.6214186004979,4280.93316338873,3.29533986928598,49.40000153,45.2791481018066,53.8637553661449
Albania,ALB,2013.0,63.8440585382953,4542.92903556739,3.53355002403259,51.79999924,43.7557131852483,54.2979678058548
Albania,ALB,2014.0,65.5507096860696,4793.59751131525,3.18177734553254,54.29999924,45.9827253915524,54.7325813178673
Albania,ALB,2015.0,61.9608485481051,4199.53912925398,3.41300010681152,56.90000153,48.1863617042111,55.1579291374894
Albania,ALB,2016.0,58.4884791901189,4457.63412207495,3.91997003555298,59.59999847,46.9844844692678,55.5738734464276
Albania,ALB,2017.0,58.0177836674929,5006.36012951959,3.54673004150391,62.40000153,46.3533401489258,55.980276426546
Albania,ALB,2018.0,56.0802964109938,5897.65452588774,3.08201370407389,65.40000153,49.8858232395536,56.377000259892
Albania,ALB,2019.0,61.4085141527142,6069.43903131027,3.8701798915863,68.5503911218006,50.7128654950488,56.7639071287255
Albania,ALB,2020.0,61.5853024328899,6027.91350716348,3.32505011558533,72.23767711,51.0498413335601,57.1408592155544
Albania,ALB,2021.0,59.9698690125562,7242.45513146613,3.00555992126465,79.32371752,51.8425099304159,57.5077187031778
Albania,ALB,2022.0,62.647921513098,7756.96188744253,2.72977995872498,82.61367544,53.2684854264147,57.8643477747383
Albania,ALB,2023.0,64.7293520237257,9730.86921906893,3.09153008460998,83.13559161,53.9683303833008,58.2106086137857
Albania,ALB,2024.0,84.1496200561523,11377.7757431099,3.09153008460998,85.86389923,53.9683303833008,58.5463634043555
Algeria,DZA,2001.0,15.2947797775269,1896.30020878013,8.6917709007891,0.646114016703792,24.1528606414795,60.6177172788536
Algeria,DZA,2002.0,16.9754199981689,1937.46411413019,8.6917709007891,1.59164126035832,24.1528606414795,61.3812658601162
Algeria,DZA,2003.0,18.211820602417,2283.77299346126,8.6917709007891,2.19535973086144,24.1528606414795,62.1427907986812
Algeria,DZA,2004.0,18.8709297180176,2816.99384960555,8.6917709007891,4.63447508776537,24.1528606414795,62.9023132048725
Algeria,DZA,2005.0,20.7098693847656,3233.13339634212,8.6917709007891,5.843900204,24.1528606414795,63.6598541890144
Algeria,DZA,2006.0,21.3458003997803,3660.66104745322,8.6917709007891,7.37598495634886,24.1528606414795,64.4154348614309
Algeria,DZA,2007.0,23.5956306457519,4167.45169937531,8.6917709007891,9.45119062555304,24.1528606414795,65.1690763324461
Algeria,DZA,2009.0,30.5014705657959,4235.42990456612,8.6917709007891,11.23,24.1528606414795,66.5097384559521
Algeria,DZA,2010.0,30.7344437013341,4912.78585503672,8.6917709007891,12.5,24.1528606414795,67.1235057867459
Algeria,DZA,2011.0,32.3866003582095,5916.31364364343,9.12453448642892,14.89999962,13.9760103225708,67.7344007507578
Algeria,DZA,2012.0,33.5570987119466,6033.64884689543,7.02950889772261,18.20000076,13.9760103225708,68.3421258553675
Algeria,DZA,2013.0,35.4386275633738,5979.60138960585,6.65906035504841,22.5,13.9760103225708,68.9463836079277
Algeria,DZA,2014.0,36.0427983596258,6094.69392314956,6.54889841545277,29.5,13.9760103225708,69.5468765157615
Algeria,DZA,2015.0,38.2444735695552,4685.05902729002,6.17633014564047,38.20000076,13.9760103225708,70.1433070861612
Algeria,DZA,2016.0,43.9040620880927,4424.98529027556,6.50210843472458,42.94549942,13.9760103225708,70.7353778263851
Algeria,DZA,2017.0,49.177689984383,4554.66753957828,5.73482350888796,47.69110107,13.9760103225708,71.3227912436551
Algeria,DZA,2018.0,52.8819387317527,4577.21029180491,5.8127512720176,49.0384680793271,13.9760103225708,71.905249845153
Algeria,DZA,2019.0,53.8645018203122,4468.45341883656,5.57536563446523,55.79069901,24.1083202362061,72.4824561380175
Algeria,DZA,2020.0,53.3752192208988,3743.5419522929,6.19391724496515,63.47269821,24.1083202362061,73.0541126293395
Algeria,DZA,2021.0,54.2222597146723,4160.55926736925,5.51403281769924,72.21240234,24.1083202362061,73.6199218261573
Algeria,DZA,2022.0,53.3875786756,4960.30334332888,4.74924673000603,74.78150177,24.1083202362061,74.1795862354514
Algeria,DZA,2023.0,55.5320185816789,5370.477235078,5.61015717726636,76.19760132,24.1083202362061,74.732808364138
Algeria,DZA,2024.0,54.4283410150344,5752.99076651465,8.97772026062012,77.4178009,24.1083202362061,75.2792907190618
Andorra,AND,2002.0,7.31105995178223,26528.1300628236,1.65971004962921,11.2604687170103,42.3038711547852,91.4605308311615
Andorra,AND,2003.0,8.82861995697021,34063.575598394,1.65971004962921,13.546412876439,42.3038711547852,90.9887515425879
Andorra,AND,2004.0,8.74967002868652,39021.1107100919,1.54411995410919,26.8379543894637,51.4541816711426,90.5157699584961
Andorra,AND,2005.0,8.41534996032715,40829.8116399538,1.64497005939484,37.6057662174867,43.9101715087891,89.9563631945418
Andorra,AND,2006.0,9.89391040802002,43467.1963063068,2.24489998817444,48.9368469989479,49.9506492614746,89.3789218918348
Andorra,AND,2008.0,10.986120223999,49132.4925840057,2.87392997741699,70.04,49.9506492614746,88.9407363930477
Andorra,AND,2012.0,12.870249017038,41500.5499988288,2.56577895521486,82.69999695,49.9506492614746,88.6290967082924
Andorra,AND,2013.0,14.5405405405405,42470.3230369366,2.50616002082825,84.40000153,49.9506492614746,88.5809399121053
Andorra,AND,2014.0,13.5399673735726,44369.6712976777,3.07420992851257,86.09999847,47.8374099731445,88.544042920911
Andorra,AND,2015.0,13.8206896551724,38654.95287916,3.28034996986389,87.90000153,47.5452003479004,88.5180850122057
Andorra,AND,2016.0,15.2011095700416,40129.8385811474,3.23707008361816,89.69999695,47.3496894836426,88.5027454634853
Andorra,AND,2017.0,15.6664896441848,40672.9717424447,3.21708989143372,91.5674670273926,47.3496894836426,88.4977035522461
Andorra,AND,2018.0,15.7132150886835,42819.7577456133,3.2467200756073,93.5,47.3496894836426,88.5080998493791
Andorra,AND,2019.0,15.4352596927579,41257.816459345,3.15060997009277,90.71869659,47.3496894836426,88.5391793666245
Andorra,AND,2020.0,15.2605749006777,37361.1070081615,2.63213046553066,93.20570374,47.3496894836426,88.5907780427517
Andorra,AND,2021.0,15.4117647058823,42425.7066454357,2.381921736037,93.89749908,47.3496894836426,88.6627318165299
Andorra,AND,2022.0,34.6414389161411,42414.0479861228,2.64727997779846,94.05169678,61.2193908691406,88.7548766267286
Andorra,AND,2023.0,62.4106937082277,46812.4261013102,1.89867997169495,94.21499634,61.2193908691406,88.8201609217082
Andorra,AND,2024.0,67.6767676767677,49303.6491674336,1.89867997169495,94.39759827,61.2193908691406,88.8850044816278
Angola,AGO,2002.0,0.783640027046204,999.065855913758,2.12011003494263,0.270376745595134,6.49495669978991,52.8926234794038
Angola,AGO,2003.0,2.87620997428894,1133.66331960607,2.12011003494263,0.370682065225727,6.49495669978991,54.0043545370761
Angola,AGO,2004.0,2.14597010612488,1451.47117872493,2.12011003494263,0.464814617985909,6.49495669978991,55.0445280863936
Angola,AGO,2005.0,2.6385600566864,2145.88621096327,2.12011003494263,1.143399954,6.49495669978991,56.0
Angola,AGO,2006.0,2.55977010726929,2930.4442860732,2.28146004676819,1.5,6.49495669978991,56.8939032662772
Angola,AGO,2011.0,6.44004138280629,5184.15269149912,2.28146004676819,4.699999809,12.3044799492131,60.8431610396073
Angola,AGO,2013.0,9.22339720175662,5688.57916215215,4.43894951297476,13.0,12.3044799492131,62.1333075212361
Angola,AGO,2015.0,8.78320868033121,3641.72893919944,3.48689580393413,22.0,17.4365100860596,63.51567832685
Angola,AGO,2016.0,9.78287696232453,2051.81462126253,2.75493664582725,23.20000076,17.4365100860596,64.2992302517989
Angola,AGO,2023.0,10.04935810264,2916.13663284275,2.51273663315785,37.88589859,26.8992195129394,69.8515032220457
Angola,AGO,2024.0,9.9549065722902,2665.87444776753,2.51273663315785,40.70479965,26.8992195129394,70.6551379036435
Antigua and Barbuda,ATG,2009.0,14.8930101394653,16472.2478528568,2.22264003753662,42.0,,26.4808350768849
Antigua and Barbuda,ATG,2010.0,16.6952054794521,15217.3950790922,2.22264003753662,47.0,,26.0170447850587
Antigua and Barbuda,ATG,2011.0,15.1060820367751,14911.7275084471,2.22264003753662,52.0,,25.694689859722
Antigua and Barbuda,ATG,2012.0,25.1156271899089,15639.8078114787,2.13043025907083,58.0,,25.4555618588267
Argentina,ARG,2000.0,54.0843505859375,7637.01489203628,4.58030986785889,7.0386830862178,34.2933502197266,89.1760271133454
Argentina,ARG,2001.0,58.4697608947754,7141.47507662826,4.833740234375,9.78080728532407,34.2933502197266,89.3682951289372
Argentina,ARG,2002.0,61.7228813171387,2569.69963519124,4.01734018325806,10.8821243775325,34.2933502197266,89.5616701920513
Argentina,ARG,2003.0,64.0304870605469,3320.47775133903,3.53504991531372,11.9136965509954,42.1566314697266,89.752468256564
Argentina,ARG,2004.0,64.5891418457031,4242.02099089422,3.48652005195618,16.0366841054923,42.1566314697266,89.9397208794212
Argentina,ARG,2005.0,63.4893112182617,5067.65342293276,3.86000990867615,17.7205833696065,42.1566314697266,90.1233737736072
Argentina,ARG,2006.0,66.9444732666016,5869.38028970204,4.12821006774902,20.9272021035896,42.1566314697266,90.3033726521064
Argentina,ARG,2007.0,66.6672210693359,7185.25155147027,4.46260976791382,25.9466329403819,42.1566314697266,90.4796632279031
Argentina,ARG,2008.0,68.5610733032227,8944.1102657357,4.84438991546631,28.1126234799907,42.1566314697266,90.6521912139817
Argentina,ARG,2009.0,70.6931915283203,8150.23527028221,5.53105020523071,34.0,42.1566314697266,90.8209023233265
Argentina,ARG,2010.0,73.803669361107,10260.1313108254,5.01972007751465,45.0,42.1566314697266,90.9930051940977
Argentina,ARG,2011.0,77.0101185060955,12704.2831819684,5.29063987731934,51.0,42.1566314697266,91.1072286738406
Argentina,ARG,2012.0,78.1465174294761,12949.717486654,5.3458399772644,55.79999924,42.1566314697266,91.2041217246797
Argentina,ARG,2013.0,78.5681646081939,12963.675773326,5.43660020828247,59.90000153,42.1566314697266,91.3014507719473
Argentina,ARG,2014.0,81.072589697739,12233.1444119186,5.36144018173218,64.69999695,42.1566314697266,91.3975345472954
Argentina,ARG,2015.0,83.75569332589,13679.6264980954,5.77611017227173,68.0430641088122,42.1566314697266,91.4923019108628
Argentina,ARG,2016.0,86.6743832906399,12699.9623137756,5.54548978805542,70.9689808206024,42.1566314697266,91.5856817228217
Argentina,ARG,2017.0,89.3297346952415,14532.5009308511,5.45432996749878,74.2949068657957,42.1566314697266,91.6776028433824
Argentina,ARG,2018.0,91.0846512732766,11752.7998922979,4.87773990631104,77.7,42.1566314697266,91.7679941327998
Argentina,ARG,2019.0,95.1928240640628,9955.97478680428,4.77165985107422,79.9469520347551,42.1566314697266,91.8567844513802
Argentina,ARG,2020.0,99.3697348717996,8535.59938004389,5.27689981460571,85.51438646,42.1566314697266,91.9439026594897
Argentina,ARG,2021.0,107.219557633976,10738.0179223384,4.65393018722534,87.15070683,42.1566314697266,92.0292776175651
Argentina,ARG,2022.0,107.103901423423,13962.1894087223,4.79263019561768,88.37535691,54.6562690734863,92.112838186126
Argentina,ARG,2023.0,107.822574129434,14261.8465667948,5.00324010848999,89.22897166,54.6562690734863,92.1945132257907
Armenia,ARM,2000.0,32.5305213928223,593.450581742282,2.77272009849548,1.30047002237784,81.5830764770508,64.959237917436
Armenia,ARM,2001.0,31.3409194946289,659.588988535629,2.46943998336792,1.63109466677715,81.5830764770508,64.8228123790872
Armenia,ARM,2002.0,33.9618911743164,742.651118319819,2.13504004478455,1.9604050458212,81.5830764770508,64.7396211980252
Armenia,ARM,2003.0,35.0657081604004,882.030167695474,2.14505004882812,4.57521722477781,81.5830764770508,64.6663537455064
Armenia,ARM,2004.0,35.8360900878906,1130.08791444158,2.48673009872436,4.8990085713054,81.5830764770508,64.5972633621116
Armenia,ARM,2005.0,37.7094497680664,1557.48458908655,2.71202993392944,5.252999783,81.5830764770508,64.5334210637509
Armenia,ARM,2006.0,41.5903587341309,2041.65267068997,2.71577000617981,5.631800175,81.5830764770508,64.4758978663344
Armenia,ARM,2007.0,44.4558410644531,2962.70234594569,3.01893997192383,6.021299839,87.5961544839807,64.4257647857723
Armenia,ARM,2008.0,46.5244903564453,3777.66859313767,3.17272996902466,6.21,87.5961544839807,64.3840928379746
Armenia,ARM,2009.0,49.0897102355957,2820.5926553347,3.84079003334045,15.30000019,89.9814155908752,64.3519530388516
Armenia,ARM,2010.0,50.5839875932926,3041.34450723339,3.24900007247925,25.0,90.3963600803793,64.3304164043132
Armenia,ARM,2011.0,51.2949290708131,3349.55309771906,3.14384007453919,32.0,90.2376098632812,64.3207449145194
Armenia,ARM,2012.0,44.4855719494927,3511.56399687426,2.77248001098633,37.5,92.0871294900711,64.3268379506998
Armenia,ARM,2013.0,44.8347790892711,3680.16692158886,2.65018010139465,41.9,92.991693911866,64.3584061131466
Armenia,ARM,2014.0,47.7150849538629,3852.11800610384,2.24724006652832,54.6228058583362,95.1422776758471,64.4142934233291
Armenia,ARM,2015.0,48.7313687040259,3512.39350276709,2.80591011047363,59.1008337674937,94.6314347635673,64.4929623431549
Armenia,ARM,2016.0,54.3432877365993,3524.42476874707,2.75812005996704,64.3460297653742,93.9730352238513,64.5928753345316
Armenia,ARM,2017.0,55.5065519523494,3869.05373867752,2.70759010314941,64.7448843250726,90.0966491699219,64.7124948593667
Armenia,ARM,2018.0,57.4585357681354,4196.00562301769,2.11331180512289,68.2450522610271,94.4654445463654,64.8502833795679
Armenia,ARM,2019.0,53.5944174785534,4597.22887399548,2.15984239839771,66.5439496866159,94.7464467221341,65.0047033570428
Armenia,ARM,2020.0,52.3331534448642,4268.68093304583,2.70555996894836,76.50770055,89.880859375,65.174217253699
Armenia,ARM,2021.0,56.6235144830279,4685.17997128509,2.76784992218018,78.61225758,94.7174619293061,65.3572875314441
Armenia,ARM,2022.0,57.1818422625098,6571.97445545099,2.4918999671936,77.02767465,94.865478515625,65.5624462874485
Armenia,ARM,2023.0,56.2770051010456,8159.08720967996,2.43869996070862,79.99663036,92.7667388916016,65.6956882008852
Armenia,ARM,2024.0,52.7748065090859,8556.21406956719,2.43869996070862,81.33930206,92.7667388916016,65.8113671449901
Aruba,ABW,2000.0,28.3303394317627,20681.0230269625,4.71468019485474,15.4428229480349,16.3950805664062,65.3545497799987
Aruba,ABW,2001.0,28.8601303100586,20740.1325828172,4.79898023605347,17.1,16.3950805664062,65.3351137913914
Aruba,ABW,2002.0,28.5816898345947,21307.2482505267,4.87220001220703,18.8,16.3950805664062,65.2820691308217
Aruba,ABW,2003.0,30.3779106140137,21949.4859960868,4.87220001220703,20.8,16.3950805664062,65.1982922587168
Aruba,ABW,2004.0,30.352689743042,23700.6319899197,4.35698986053467,23.0,16.3950805664062,65.0886533661558
Aruba,ABW,2005.0,36.204231262207,24171.8371325422,4.62321996688843,25.4,16.3950805664062,64.9580226442175
Aruba,ABW,2006.0,34.2268714904785,24845.65848362,4.62321996688843,28.0,16.3950805664062,64.811270283981
Aruba,ABW,2007.0,34.8968086242676,26736.3089444046,4.70254993438721,30.9,16.3950805664062,64.6532664765254
Aruba,ABW,2008.0,35.0970611572266,28171.9094008501,4.82730007171631,52.0,16.3950805664062,64.4888814129295
Aruba,ABW,2009.0,34.4308586120605,25134.7712303589,5.79739999771118,58.0,16.3950805664062,64.3229852842726
Aruba,ABW,2010.0,36.0625305175781,24093.1401510626,6.75109004974365,62.0,32.0831718444824,64.1612965549477
Aruba,ABW,2011.0,37.8648109436035,25712.3843015186,5.91466999053955,69.0,32.0831718444824,63.9992605838571
Aruba,ABW,2012.0,38.8641815185547,25119.6655449838,6.3472900390625,74.0,32.0831718444824,63.8252085199599
Aruba,ABW,2013.0,17.1258697509766,25813.5714408438,6.44295978546143,78.9,32.0831718444824,63.6382914355326
Aruba,ABW,2014.0,17.7518997192383,26129.8390617693,5.85128021240234,83.78,32.0831718444824,63.4392531303795
Aruba,ABW,2015.0,16.7312393188477,27458.2201537506,5.88826990127563,88.661226932496,32.0831718444824,63.2288374043053
Aruba,ABW,2016.0,17.1416206359863,27441.5502144601,5.49136018753052,93.542453865048,32.0831718444824,63.0077880571142
Aruba,ABW,2024.0,14.0655418559377,39498.5941293797,5.49136018753052,93.542453865048,32.0831718444824,61.7909396819594
Australia,AUS,2015.0,119.679389953613,56970.3613028094,5.38625001907349,84.5605149091408,75.5475769042969,86.8778642539361
Australia,AUS,2016.0,119.682777404785,50084.4440606385,5.38625001907349,86.54000092,76.4180374145508,87.0166295249235
Australia,AUS,2017.0,109.993309020996,54117.547718609,5.38625001907349,86.5450488476768,77.261360168457,87.12809266445
Australia,AUS,2018.0,103.322090148926,57410.1737346009,5.38625001907349,90.0082016,78.3257598876953,87.2267680845925
Australia,AUS,2019.0,109.759559631348,55194.7585097428,5.38625001907349,93.60990143,79.0479278564453,87.3019647888406
Australia,AUS,2020.0,110.139221191406,51983.4523666382,5.38625001907349,94.6934967,80.0530319213867,87.2713470458985
Australia,AUS,2021.0,112.688293457031,60758.9044397144,5.34109020233154,96.97219849,81.1301116943359,87.2353407632761
Australia,AUS,2022.0,106.240760803223,65169.5191118657,5.05915021896362,96.11940002,81.6710815429688,87.3343268253813
Australia,AUS,2023.0,104.64835357666,65058.3773146674,5.05915021896362,96.1160965,78.9638344978438,87.4866955653765
Australia,AUS,2024.0,108.421989440918,64603.9856308464,5.05915021896362,96.13140106,79.9127182348975,87.6021469990446
Austria,AUT,2007.0,63.8021202087402,46622.9622913635,5.17918014526367,69.37,73.5906066894531,67.0211044863084
Austria,AUT,2008.0,66.1983871459961,51581.3982361071,5.2985200881958,72.87,72.4694595336914,67.0435560819078
Austria,AUT,2009.0,67.9915771484375,47857.4446635266,5.76567983627319,73.45,75.810188293457,67.0705895694924
Austria,AUT,2010.0,75.0402526855469,46611.1393420232,5.73625993728638,75.17,76.5560989379883,67.1047429254747
Austria,AUT,2011.0,77.2625122070312,51116.8953522042,5.62787008285522,78.7399930986888,76.4276962280273,67.1484255415056
Austria,AUT,2012.0,79.5471267700195,48250.4059142637,5.51612997055054,80.0299939169903,76.9751129150391,67.2085909812279
Austria,AUT,2013.0,80.9616012573242,50305.3545774973,5.59404993057251,80.6188,77.3063583374023,67.2981308784247
Austria,AUT,2014.0,81.0195693969727,51314.9722616322,5.49767017364502,80.9958249574764,78.4265899658203,67.4154327591781
Austria,AUT,2015.0,82.2563095092773,43915.228020857,5.49143981933594,83.9401419315026,79.0129013061523,67.5576175537383
Austria,AUT,2016.0,82.8496932983398,45061.4993920192,5.50954008102417,84.3237425711653,79.3689804077148,67.7218061923556
Austria,AUT,2017.0,83.8392562866211,47163.7425775142,5.40181016921997,87.9355865856062,79.6625823974609,67.9051196052802
Austria,AUT,2018.0,85.8698883056641,51194.0749841299,5.25437021255493,87.4791372262556,80.0708180825642,68.1046787227623
Austria,AUT,2019.0,86.3234329223633,49885.9947355204,5.23678016662598,87.7522047870069,80.6740493774414,68.3176044750522
Austria,AUT,2020.0,88.7071990966797,48716.4098900349,5.57961988449097,87.52942813,80.9440184335445,68.5410177924001
Austria,AUT,2021.0,93.940071105957,53648.6437976214,5.48071002960205,92.52915104,78.2005386352539,68.773601700253
Austria,AUT,2022.0,94.5116882324219,52336.7725223758,5.27749013900757,93.61409139,82.0893352573971,68.998085127906
Austria,AUT,2023.0,91.6818237304688,56579.504175468,5.27749013900757,95.33467117,82.5592927591342,69.2265358276021
Austria,AUT,2024.0,92.6126708984375,58268.8787651601,5.27749013900757,94.91974877,82.5592927591342,69.4658181096788
Azerbaijan,AZE,2006.0,19.7894592285156,2472.95725732287,2.55552005767822,11.9921999,88.435417175293,52.6540145874023
Azerbaijan,AZE,2007.0,19.3645992279053,3851.33015175141,2.5492799282074,14.53999996,88.435417175293,52.8281555175781
Azerbaijan,AZE,2008.0,19.0478897094727,5574.46810432575,2.44092988967896,17.08,88.5401382446289,53.063304901123
Azerbaijan,AZE,2009.0,19.057710647583,4950.39949009423,3.22430992126465,27.4,88.6104888916016,53.1358125434574
Azerbaijan,AZE,2010.0,19.2600431394615,5843.5337683582,2.78062009811401,46.0,88.6454010009766,53.2848367714869
Azerbaijan,AZE,2011.0,19.6473062365442,7189.81869211976,2.43564009666443,50.0,88.6587829589844,53.5085461893249
Azerbaijan,AZE,2012.0,20.4384614704139,7495.86527658099,2.06763005256653,54.20000076,88.7130889892578,53.8076442276208
Azerbaijan,AZE,2013.0,21.4404253568261,7875.34536661549,2.44213008880615,73.000001372,88.7197418212891,54.1821087431318
Azerbaijan,AZE,2014.0,23.1597349800287,7890.84028062087,2.63303995132446,75.0000156363396,88.7141723632812,54.6319175926151
Azerbaijan,AZE,2015.0,25.4831961094662,5500.50364628486,2.95167994499206,77.0,88.6650772094727,55.1570486328276
Azerbaijan,AZE,2016.0,27.2368629930846,3880.6852276838,2.90340995788574,78.2,88.6644515991211,55.7574797205266
Azerbaijan,AZE,2017.0,28.4670565431322,4147.1981423222,2.4738199710846,79.0,88.5012283325195,56.4331887124691
Azerbaijan,AZE,2018.0,28.9724903670069,4739.7943123408,2.45543003082275,79.7999954887896,88.4309387207031,57.1841534654123
Azerbaijan,AZE,2019.0,32.9221812477847,4805.75371765917,3.1764600276947,81.0999990651547,88.4195785522461,58.1308191977779
Azerbaijan,AZE,2020.0,36.3854742250215,4229.91064904503,4.33204984664917,84.59999573,88.4195785522461,58.2934691761937
Azerbaijan,AZE,2021.0,39.0095977224788,5408.04535175023,3.7020800113678,85.99998954,88.4195785522461,58.3659969744818
Azerbaijan,AZE,2022.0,41.0017793895325,7770.594223351,3.04689002037048,88.0,88.4195785522461,58.4382815854684
Azerbaijan,AZE,2023.0,41.3907560278377,7133.02838048328,3.66036009788513,89.0,91.8056716918945,58.5075350483702
Azerbaijan,AZE,2024.0,41.3413783372226,7283.8499076179,3.66036009788513,90.43979645,91.8056716918945,58.573795837717
Bahrain,BHR,2003.0,25.1201400756836,14486.0269029822,2.87440991401672,21.5549449917804,54.0475997924805,88.8325339694118
Bahrain,BHR,2005.0,19.0136394500732,17966.1657837625,2.87440991401672,21.30369949,54.0475997924805,91.168165501421
Bahrain,BHR,2006.0,17.5358505249023,19267.282615072,2.87440991401672,28.24399948,54.0475997924805,92.7186075361661
Bahrain,BHR,2011.0,46.3075025646345,25032.7867743333,2.31235396487985,76.9999665032303,54.0475997924805,100.0
Bahrain,BHR,2012.0,47.6811679519633,26438.6733230428,2.54483008384705,88.0,54.0475997924805,100.0
Bahrain,BHR,2013.0,44.1274788546413,26989.7601148469,2.38286995887756,90.0000397,54.0475997924805,100.0
Bahrain,BHR,2014.0,44.7866602427761,26451.7965647453,2.36918997764587,90.5031334814656,54.0475997924805,100.0
Bahrain,BHR,2015.0,45.6439860607554,23734.0551143019,2.55344009399414,93.4783007986129,54.0475997924805,100.0
Bahrain,BHR,2016.0,46.7631772606016,23800.001440631,2.80248290251154,97.9999807024146,54.0475997924805,100.0
Bahrain,BHR,2017.0,48.7280981931009,24784.7693514607,2.21637010574341,95.8781357543453,56.538158416748,100.0
Bahrain,BHR,2018.0,50.2628341348842,26324.4066549559,2.38893976833662,98.6446725799886,64.9282302856445,100.0
Bahrain,BHR,2019.0,52.9045782700327,27259.7438599327,2.11146982812491,99.7015043807778,64.9282302856445,100.0
Bahrain,BHR,2020.0,54.4077922369055,24342.8444554718,2.05801907522052,99.67103159,68.7366790771484,100.0
Bahrain,BHR,2021.0,47.5015525503536,27147.8083882286,1.85115940115918,100.0,68.7366790771484,100.0
Bahrain,BHR,2022.0,50.3073760962771,30470.5219276023,1.71192127094005,100.0,66.9530029296875,100.0
Bahrain,BHR,2023.0,57.0562240948353,29290.1284215098,1.88778167912993,100.0,66.730842590332,100.0
Bahrain,BHR,2024.0,58.3677241853667,29653.5682731534,1.88778167912993,100.0,66.3833465576172,100.0
Bangladesh,BGD,2000.0,5.25165987014771,396.670730249751,2.12507009506226,0.0710394230507683,17.1284294128418,23.3145114975244
Bangladesh,BGD,2001.0,6.17244005203247,394.65641001891,2.17193007469177,0.129807973947512,17.1284294128418,23.6999214768623
Bangladesh,BGD,2002.0,5.91559982299805,393.886422327628,2.01714992523193,0.13992028850905,17.1284294128418,24.1132383547332
Bangladesh,BGD,2003.0,5.99128007888794,426.74880754362,2.06940007209778,0.163877665498048,17.1284294128418,24.5525557512625
Bangladesh,BGD,2004.0,5.55667018890381,455.614016909798,1.94014000892639,0.199036333744363,17.1284294128418,25.0094809886101
Bangladesh,BGD,2005.0,6.13484001159668,480.08585075452,1.94014000892639,0.241600007,17.1284294128418,25.4769540701509
Bangladesh,BGD,2006.0,7.07040023803711,490.388026533289,2.13128995895386,1.0,19.8530266819359,25.9479149992596
Bangladesh,BGD,2007.0,7.66305017471313,537.955492792911,2.20221996307373,1.799999952,19.8530266819359,26.415303779311
Bangladesh,BGD,2008.0,8.62265968322754,613.06204104124,2.0545699596405,2.5,19.8530266819359,26.87206041368
Bangladesh,BGD,2009.0,10.4939298629761,679.211477428056,1.93941998481751,3.099999905,19.8530266819359,27.3111249057412
Bangladesh,BGD,2011.0,13.2663245348367,837.336944695647,2.13269996643066,4.5,24.1828193664551,28.1100162712427
Bangladesh,BGD,2012.0,13.4211598649529,859.680536375497,2.17549991607666,5.0,24.678840637207,28.4787972894576
Bangladesh,BGD,2013.0,13.4900578063704,958.262989798283,1.96616995334625,6.63,22.1853504180908,28.8407036106763
Bangladesh,BGD,2014.0,13.5777392703559,1094.46199702838,2.09871663086838,9.052900314,23.2181606292725,29.1944442321013
Bangladesh,BGD,2015.0,15.5739926180902,1224.38647668165,1.87225417109978,12.36880016,28.5621795654297,29.5395099477892
Bangladesh,BGD,2016.0,17.3985207411042,1649.28380858601,1.28183996677399,16.89909935,28.9691696166992,29.8753915517965
Bangladesh,BGD,2017.0,18.5175604399834,1811.08221668646,2.11342875356648,21.5,29.7941703796387,30.2015798381799
Bangladesh,BGD,2018.0,19.5710492453779,1965.24372731467,2.09477473545666,25.56509972,30.5447692871094,30.5175656009959
Bangladesh,BGD,2019.0,22.7094642473405,2129.79896954606,1.13094997406006,30.38310051,31.330099105835,30.8228396343012
Bangladesh,BGD,2020.0,22.6923019564501,2248.85078828233,2.13974351741877,36.10910034,31.330099105835,31.1168927321524
Bangladesh,BGD,2021.0,23.9006822335243,2482.84917843357,2.17090882504654,38.91744466,33.6561393737793,31.3992156886061
Bangladesh,BGD,2022.0,23.5005059888653,2716.48592780431,2.08538657806243,41.61650085,33.6561393737793,31.673734726234
Bangladesh,BGD,2023.0,24.2003442708621,2551.01773827307,2.16213826344701,44.50274195,33.6561393737793,32.1578465036834
Bangladesh,BGD,2024.0,23.7295608009814,2593.41611680774,2.0343847791384,53.42171316,33.6561393737793,32.6783196323307
Barbados,BRB,2000.0,41.9254302978516,11674.6736471764,4.71585988998413,3.97367835457927,24.2057304382324,62.5379397803044
Barbados,BRB,2001.0,41.2074584960938,11639.5160522054,6.05536985397339,11.9364503383984,24.2057304382324,62.3048911059175
Barbados,BRB,2007.0,60.2387390136719,17235.4396434785,5.22061014175415,58.20000076,24.2057304382324,59.803942722226
Barbados,BRB,2009.0,74.2060775756836,16294.9099491834,5.11040019989014,64.69999695,24.2057304382324,59.2944920242948
Barbados,BRB,2010.0,69.5953279239237,20610.5150721363,6.05261993408203,65.09999847,24.2057304382324,59.2366008990356
Barbados,BRB,2011.0,66.9463967271583,20508.1498810382,6.05261993408203,66.5,24.2057304382324,59.236693205614
Barbados,BRB,2012.0,70.0289730657796,20804.1150004694,4.58823013305664,71.19999695,24.2057304382324,59.2372151062924
Barbados,BRB,2013.0,73.1807704972012,20410.2065438568,4.50306987762451,71.80000305,24.2057304382324,59.2385370835674
Barbados,BRB,2014.0,71.2682628742848,20192.7084081797,5.35950994491577,71.92459869,24.2057304382324,59.2410313429534
Barbados,BRB,2015.0,57.2814457564167,20424.2087530019,5.15997517232471,72.04940033,24.2057304382324,59.2450700899645
Barbados,BRB,2016.0,52.0533712473342,20295.5672072046,4.19719982147217,71.57299805,24.2057304382324,59.2510255301153
Barbados,BRB,2017.0,51.0106696691866,20284.5762052461,3.956209897995,71.14849854,24.2057304382324,59.25926986892
Barbados,BRB,2018.0,45.8751983077737,21381.2426303209,5.40447825597088,70.72650146,24.2057304382324,59.270175311893
Barbados,BRB,2019.0,48.935497470489,21912.1501242857,3.72228002548218,70.30709839,24.2057304382324,59.2841140645486
Barbados,BRB,2020.0,52.971630831,19194.4919736739,3.86529994010925,69.89009857,24.2057304382324,59.3014583324011
Barbados,BRB,2021.0,54.672,21079.6145271791,4.49793004989624,69.4756012,24.2057304382324,59.3220365433819
Barbados,BRB,2022.0,55.0600902713579,24387.0387293761,4.14000988006592,69.06359863,24.2057304382324,59.3538514107686
Barbados,BRB,2023.0,54.2600399378744,25583.878782727,3.7754499912262,69.67510223,24.2057304382324,59.4235740235775
Barbados,BRB,2024.0,53.5815662047086,26544.8707282621,3.55593188106322,70.36470032,24.2057304382324,59.5397032429174
Barbados,BRB,2025.0,50.801079116886,26544.8707282621,3.55593188106322,70.36470032,24.2057304382324,59.5397032429174
Belarus,BLR,2000.0,54.5108413696289,1276.2880341,6.19661998748779,1.86039812615388,84.8541030883789,69.9172295434732
Belarus,BLR,2001.0,56.5885696411133,1244.37318523431,6.19661998748779,4.30061602151712,84.8541030883789,70.3147201538086
Belarus,BLR,2002.0,58.9719886779785,1479.38066337175,6.19661998748779,8.95097131467325,84.8541030883789,70.8804702758789
Belarus,BLR,2003.0,61.6584510803223,1819.52653114699,6.19661998748779,8.95097131467325,84.8541030883789,71.3092422485352
Belarus,BLR,2004.0,62.9585113525391,2378.33700470129,5.7122597694397,8.95097131467325,84.8541030883789,71.7658538818359
Belarus,BLR,2005.0,65.4601211547852,3126.07176665248,5.8710298538208,8.95097131467325,84.8541030883789,72.0310134887695
Belarus,BLR,2006.0,68.3140869140625,3848.22350300163,6.07696008682251,16.2,84.8541030883789,72.6113815307617
Belarus,BLR,2007.0,71.1050872802734,4735.48107556066,5.15210008621216,19.7,84.8541030883789,73.0913467407227
Belarus,BLR,2008.0,71.3163528442383,6376.17569162063,5.15210008621216,23.0,84.8541030883789,73.5531692504883
Belarus,BLR,2009.0,75.3678512573242,5352.48809190697,4.3689398765564,27.43,84.8541030883789,74.1909646620571
Belarus,BLR,2010.0,80.1169697729485,6034.67885177216,5.22003984451294,31.8,84.8541030883789,74.5501403808594
Belarus,BLR,2011.0,87.3373753061346,6527.6593428786,4.68479013442993,39.6488956598961,84.8541030883789,75.0597534179688
Belarus,BLR,2012.0,93.4729592664074,6953.21591683101,4.95964002609253,46.91,84.8541030883789,75.5281066894531
Belarus,BLR,2013.0,95.4975003100193,7998.0802045456,5.0094199180603,54.17,84.8541030883789,75.94970703125
Belarus,BLR,2014.0,94.316359554493,8341.31809294883,4.81830978393555,59.0163187101542,84.8541030883789,76.3405227661133
Belarus,BLR,2015.0,93.7888271999214,5967.05595058777,4.78751993179321,62.230360906803,84.8541030883789,76.6263885498047
Belarus,BLR,2016.0,91.5206757734477,5039.77560949445,4.94654989242554,71.1130457603832,96.8443697907492,76.8458709716797
Belarus,BLR,2017.0,89.4706479354735,5785.54491935194,4.79500007629395,74.4364454136036,97.1415486552086,77.0208206176758
Belarus,BLR,2018.0,84.7097808751504,6360.037502312,4.83656978607178,79.1298866919307,97.4142697820584,77.2132720947266
Belarus,BLR,2019.0,81.2921953254514,6837.77339645635,4.97948980331421,82.7891520910901,94.7378082275391,77.4550771852757
Belarus,BLR,2020.0,79.900160036935,6542.85579976768,4.86263990402222,85.08791245,97.6255870924055,77.7890385790408
Belarus,BLR,2021.0,78.6027133367864,7489.71894713888,4.60641002655029,86.88841196,97.5256860683346,78.131086803694
Belarus,BLR,2022.0,77.0977334087936,7994.64806074889,4.62823009490967,89.50733148,97.8953833172194,78.4732787892908
Belarus,BLR,2023.0,72.8250212584046,7896.75388295584,4.90902996063232,91.51249979,97.890668183791,78.8146420666327
Belarus,BLR,2024.0,70.1107509145358,8317.63399913792,5.04593992233276,94.26182128,97.890668183791,79.1551015210848
Belgium,BEL,2001.0,56.7148895263672,23015.0712632462,5.79584980010986,31.2883955056566,50.6804325763941,82.3356893921976
Belgium,BEL,2002.0,58.1100807189941,25006.191397109,5.79584980010986,46.33,52.0275696980575,82.6509663267055
Belgium,BEL,2003.0,59.6124610900879,30655.2092679024,5.79584980010986,49.97,52.6089216413124,82.9609538786731
Belgium,BEL,2004.0,62.0411491394043,35429.4077933344,5.79584980010986,53.86,54.6454246114712,83.2655230829461
Belgium,BEL,2005.0,62.8203315734863,36809.7013403619,5.79584980010986,55.81999969,56.7683075754643,83.5645449743707
Belgium,BEL,2006.0,63.3717384338379,38705.1067959147,5.79584980010986,61.9818700222023,57.7329292297363,83.8578905877926
Belgium,BEL,2007.0,62.461841583252,44319.165448813,5.79584980010986,66.7604202433135,58.8487291480579,84.1454309580577
Belgium,BEL,2008.0,62.7642097473145,48303.397956286,6.33294010162354,68.8573221425131,60.4241600036621,84.427037120012
Belgium,BEL,2009.0,64.9798431396484,44923.3400135081,6.43465995788574,74.5441455527336,61.6929016113281,84.7025801085014
Belgium,BEL,2010.0,66.8578872680664,44197.393671162,6.44078016281128,77.6397855126946,61.7283782958984,84.9719309583717
Belgium,BEL,2011.0,67.7034072875977,47760.8298776546,6.38481998443604,81.6099959955952,62.7599296569824,85.2349607044689
Belgium,BEL,2012.0,69.7490615844727,44874.1709182123,6.56625986099243,80.7199905482042,63.2111015319824,85.4915403816388
Belgium,BEL,2013.0,71.7841110229492,46964.5946777056,6.60135984420776,82.1702,64.2786865234375,85.7415410247275
Belgium,BEL,2014.0,74.0397262573242,47995.7786961339,6.55866003036499,85.0012379539925,64.0188827514648,85.9848336685807
Belgium,BEL,2015.0,76.423942565918,40893.804537772,6.46963977813721,85.0529417508701,66.210578918457,86.2212893480444
Belgium,BEL,2016.0,77.2435073852539,41854.5498296444,6.48613023757935,86.5164766644457,67.0826416015625,86.4507790979645
Belgium,BEL,2017.0,80.7738189697266,44035.3239358548,6.44915008544922,87.6796808175598,69.1504516601562,86.6731739531869
Belgium,BEL,2018.0,79.1237487792969,47487.2100392561,6.38883018493652,88.6473429951691,70.0668254662657,86.8883449485575
Belgium,BEL,2019.0,79.3044815063477,46716.6227467964,6.32381010055542,90.275428012141,71.4462585449219,87.0961631189222
Belgium,BEL,2020.0,79.4996032714844,45906.2875805246,6.75470018386841,91.52641629,72.139644732898,87.2964994991269
Belgium,BEL,2021.0,82.6882019042969,51658.238294958,6.38081979751587,92.78867618,73.6399120754637,87.4305564090635
Belgium,BEL,2022.0,83.5736465454102,50605.7496677086,6.27611017227173,94.00783071,73.6852679280953,87.489200269855
Belgium,BEL,2023.0,82.1475601196289,55291.4754541329,6.27611017227173,94.62625074,74.4232374318134,87.551492636772
Belize,BLZ,2001.0,15.1962203979492,4718.77715104739,4.23519992828369,5.68425121358763,24.8250007629394,47.6257993221451
Belize,BLZ,2002.0,17.0946197509766,4858.86062599362,4.23519992828369,5.68425121358763,24.8250007629394,47.4865009861554
Belize,BLZ,2003.0,16.2938194274902,4959.74012434605,3.90120005607605,5.68425121358763,24.8250007629394,47.2806245981404
Belize,BLZ,2004.0,15.6906204223633,5153.71308265363,4.0096697807312,9.8,24.8250007629394,47.0226655922949
Belize,BLZ,2005.0,16.1422500610352,5270.41479135312,4.0096697807312,17.0,24.8250007629394,46.7271194028137
Belize,BLZ,2006.0,16.941520690918,5524.78167834986,4.0096697807312,24.0,24.8250007629394,46.4084814638913
Belize,BLZ,2007.0,17.9253196716309,5762.21023302938,4.0096697807312,24.60000038,24.8250007629394,46.0812472097226
Belize,BLZ,2008.0,18.78537940979,5711.81458859709,4.29996013641357,26.29999924,24.8250007629394,45.7599120745023
Belize,BLZ,2009.0,22.0563106536865,5399.67100001919,4.8011999130249,27.20000076,24.8250007629394,45.4589714924251
Belize,BLZ,2010.0,21.5657311669129,5461.40735999001,5.24251985549927,28.2,36.827018737793,45.1914838193558
Belize,BLZ,2011.0,21.5464009784327,5596.05222152289,5.51786910233588,30.70000076,36.827018737793,44.9417819131729
Belize,BLZ,2012.0,24.0271611386785,5732.66519942347,5.47351989539787,31.0,36.827018737793,44.6903068035216
Belize,BLZ,2013.0,24.0045345047471,5957.34953619006,5.12474012374878,33.59999847,37.9717471104897,44.4380542363795
Belize,BLZ,2014.0,24.0154633440872,6128.12053089077,5.1395001411438,38.70000076,38.4909257348598,44.1850161758379
Belize,BLZ,2015.0,23.4350622690571,6154.62264230369,5.35711002349854,41.59000015,32.5941200256348,43.931184585988
Belize,BLZ,2016.0,24.4760136680388,6140.86713919469,5.72603988647461,44.57569885,39.9577467978532,43.6765514309211
Belize,BLZ,2017.0,24.731690676743,6071.85451846453,5.95071983337402,48.8771019,39.1543990807057,43.4211086747287
Belize,BLZ,2018.0,24.5883446033139,6011.99036888587,6.12779998779297,53.59360123,39.1543990807057,43.164848281502
Belize,BLZ,2019.0,25.138736158351,6171.61449761423,5.96377992630005,58.76520157,39.1543990807057,42.9077622153323
Belize,BLZ,2020.0,25.9421694120047,5238.54078175696,5.21301984786987,64.43589783,43.2856292724609,42.649842440311
Belize,BLZ,2021.0,23.6813942822198,6142.98930557031,5.96298980712891,70.65370178,43.2856292724609,42.3910809205294
Belize,BLZ,2022.0,23.9767727412258,7068.21728043145,4.60415983200073,69.98329926,42.886848449707,42.1373251262137
Belize,BLZ,2023.0,22.3734089825019,7424.75821321022,4.23143005371094,70.18720245,42.886848449707,41.9459437504976
Belize,BLZ,2024.0,24.8098643151325,7681.24400583113,4.62276317232973,80.00582262,42.886848449707,41.7532107338224
Benin,BEN,2000.0,3.49604988098144,487.424141384242,2.11366009712219,0.225247851473369,8.70121891704129,38.2759517258875
Benin,BEN,2001.0,4.20038986206055,492.401499509072,2.36509990692139,0.363417890016082,8.70121891704129,38.6186257669218
Benin,BEN,2002.0,4.92833995819092,546.463829658159,2.15949010848999,0.7029455951039,8.70121891704129,39.0035069872981
Benin,BEN,2003.0,5.43203020095825,676.002878084282,2.28315997123718,0.951327114915695,8.70121891704129,39.4169696013044
Benin,BEN,2004.0,5.47938013076782,758.695803786371,2.56690001487732,1.18254096518994,8.70121891704129,39.8525699078742
Benin,BEN,2005.0,5.41120004653931,779.437777753268,2.6566801071167,1.271000028,8.70121891704129,40.3097749006517
Benin,BEN,2006.0,6.20295000076294,809.147072506221,2.56340003013611,1.537899971,8.70121891704129,40.7877794072449
Benin,BEN,2007.0,7.43086004257202,912.338247188342,2.36331009864807,1.79,8.70121891704129,41.2857782552618
Benin,BEN,2008.0,7.34216022491455,1060.60254502099,2.77728009223938,1.85,8.70121891704129,41.8029662723105
Benin,BEN,2009.0,9.3462495803833,1024.10277858112,3.08927011489868,2.24,8.70121891704129,42.338538285999
Benin,BEN,2010.0,12.6081895828247,973.244254931526,3.67997002601623,3.13,8.70121891704129,42.8916891239353
Benin,BEN,2011.0,11.8088598251343,1059.41358852588,3.67997002601623,4.14832306562512,8.70121891704129,43.4616136137276
Benin,BEN,2012.0,12.8605403900147,1071.5258366283,3.56202006340027,4.5,8.70121891704129,44.0475065829838
Benin,BEN,2013.0,14.7752199172974,1168.92699279226,3.3275101184845,4.900000095,8.70121891704129,44.6502883669319
Benin,BEN,2014.0,14.6916198730469,1204.39918670094,3.161789894104,6.0,8.70121891704129,45.2880529235999
Benin,BEN,2015.0,12.4851799011231,1002.41886879614,3.17298007011414,11.25500011,8.70121891704129,45.9407403257663
Benin,BEN,2016.0,11.9529895782471,1010.5338961993,2.89910006523132,14.5,8.70121891704129,46.6094559006664
Benin,BEN,2017.0,11.337929725647,1054.97408066814,3.53558993339539,18.7,5.01374006271362,47.2942774880391
Benin,BEN,2018.0,11.5739097595215,1151.7409703472,2.93161988258362,19.0,5.01374006271362,47.9952829275963
Benin,BEN,2019.0,10.3906803131103,1130.82135339795,2.73204741460628,20.50099945,6.36512994766235,48.7125500590248
Benin,BEN,2020.0,10.3808002471924,1200.19426557789,2.89898431911618,22.12059975,6.36512994766235,49.4461567219896
Benin,BEN,2021.0,9.82796955108643,1318.65158075198,3.09692638090381,28.20470047,6.4660701751709,50.1961807561354
Benin,BEN,2022.0,10.2350101470947,1266.42711031904,3.0972642678305,30.53730011,6.41501998901367,50.9627000010887
Bermuda,BMU,2006.0,32.5518684387207,97781.4558996721,2.28920006752014,69.8996551617012,77.0159683227539,100.0
Bermuda,BMU,2007.0,29.2320194244385,107395.651483891,2.28920006752014,74.3505940302669,77.0159683227539,100.0
Bermuda,BMU,2008.0,29.9917602539062,110268.562401264,2.28920006752014,82.3,77.0159683227539,100.0
Bermuda,BMU,2009.0,38.3707885742188,104711.712420357,2.28920006752014,83.25,77.0159683227539,100.0
Bermuda,BMU,2010.0,36.5495414733887,104111.824244802,2.30668997764587,84.21,77.0159683227539,100.0
Bermuda,BMU,2011.0,37.8277206420898,99049.0169927667,2.19656988306324,88.336,77.0159683227539,100.0
Bermuda,BMU,2012.0,36.9150810241699,100213.493385287,2.38597137100485,91.2993045243401,77.0159683227539,100.0
Bermuda,BMU,2013.0,35.1997718811035,101704.40746217,2.2795032068669,95.3,77.0159683227539,100.0
Bermuda,BMU,2014.0,33.3333282470703,100961.576602811,1.5368800163269,96.8,77.0159683227539,100.0
Bermuda,BMU,2015.0,30.6167392730713,104855.366822135,1.50163996219635,98.3236096537251,77.0159683227539,100.0
Bermuda,BMU,2017.0,21.8093700408936,112339.425587467,1.32495999336243,98.37,77.0159683227539,100.0
Bermuda,BMU,2018.0,22.3407592773438,113204.82210838,1.93595466792564,98.37,77.0159683227539,100.0
Bermuda,BMU,2023.0,17.3357105255127,132604.439086216,1.86510440752276,98.37,77.0159683227539,100.0
Bhutan,BTN,2005.0,4.87233018875122,1299.94938578359,6.76420021057129,3.847100019,5.50574016571045,30.9379917831613
Bhutan,BTN,2006.0,5.12222003936768,1405.6071618158,6.76420021057129,4.518300056,5.50574016571045,31.5664945864425
Bhutan,BTN,2007.0,5.54621982574463,1850.41570433398,6.76420021057129,5.92,5.50574016571045,32.1738216649326
Bhutan,BTN,2008.0,6.58204984664917,1919.59774896395,4.56950998306274,6.55,5.50574016571045,32.76371954591
Bhutan,BTN,2009.0,6.29682016372681,1918.39599211093,4.41887998580933,7.17,5.50574016571045,33.3396804958817
Bhutan,BTN,2010.0,6.57718143152316,2435.5798056672,3.82318997383118,13.6,5.50574016571045,33.9051967813552
Bhutan,BTN,2011.0,7.70502526511554,2787.97967608562,4.31658983230591,14.39999962,5.50574016571045,34.4637606688377
Bhutan,BTN,2012.0,7.60806024678839,2751.2128864294,4.31658983230591,15.60000038,5.50574016571045,35.0188644248365
Bhutan,BTN,2013.0,10.362939215902,2679.95217201538,5.16565990447998,22.39999962,5.50574016571045,35.5740003158589
Bhutan,BTN,2017.0,14.8354989456323,3435.28804735662,6.61724996566772,54.33549881,17.3154907226562,37.8645544995016
Bhutan,BTN,2018.0,14.9303808051574,3400.20417245342,6.47810983657837,63.48680115,17.3154907226562,38.4661892776975
Bhutan,BTN,2019.0,15.9420291550317,3576.87987100503,4.50982783818663,74.17939758,17.3154907226562,39.0746823405146
Bhutan,BTN,2020.0,16.8650740250552,3191.66906999331,5.46991778261464,76.85079956,17.3154907226562,39.6888839873439
Bhutan,BTN,2021.0,14.7382447141292,3570.61257980872,6.5983860642268,85.63688389,17.3154907226562,40.3075199874379
Bhutan,BTN,2022.0,14.5780698560857,3711.32767981591,7.46981980280053,88.35620117,19.22580909729,40.9365143617581
Bhutan,BTN,2023.0,15.0074996948242,3831.32535494609,5.84518003463745,90.02140045,19.22580909729,41.7352457989939
Bhutan,BTN,2024.0,13.011259392916,3831.32535494609,5.84518003463745,91.27739716,19.22580909729,42.5645249803412
Bosnia and Herzegovina,BIH,2000.0,15.3945398330688,1338.48059636261,3.31473965674631,1.08296074971207,51.8769177503296,42.5539898606589
Bosnia and Herzegovina,BIH,2001.0,16.782470703125,1387.89362942121,3.31473965674631,1.20052695129649,51.8769177503296,42.8761478375679
Bosnia and Herzegovina,BIH,2002.0,17.0357398986816,1606.5467454132,3.31473965674631,2.64826791361244,51.8769177503296,43.1975585685863
Bosnia and Herzegovina,BIH,2003.0,18.8590297698975,2033.94700935864,3.31473965674631,3.96503683387051,51.8769177503296,43.5181993184523
Bosnia and Herzegovina,BIH,2004.0,21.1273002624512,2452.6860917386,3.31473965674631,15.4689716227665,51.8769177503296,43.8380473519042
Bosnia and Herzegovina,BIH,2005.0,24.1594295501709,2739.61076866057,3.31473965674631,21.3267010007738,51.8769177503296,44.1570799336802
Bosnia and Herzegovina,BIH,2006.0,27.0378398895264,3166.12865344833,3.31473965674631,25.1223856852117,51.8769177503296,44.4752743285185
Bosnia and Herzegovina,BIH,2007.0,30.7171401977539,3931.48948737505,3.31473965674631,27.92,51.8769177503296,44.7926078011574
Bosnia and Herzegovina,BIH,2008.0,34.473949432373,4841.69311934649,3.31473965674631,34.66,51.8769177503296,45.1090576163352
Bosnia and Herzegovina,BIH,2009.0,36.9575691223145,4539.91863774968,3.31473965674631,37.74,53.4625551493833,45.4246010387901
Bosnia and Herzegovina,BIH,2010.0,38.5334587097168,4506.47828548389,3.31473965674631,42.75,57.0089525072219,45.7392153332604
Bosnia and Herzegovina,BIH,2011.0,41.9769592285156,4982.69375768263,3.31473965674631,43.88769913,56.8820301119927,46.0528777644843
Bosnia and Herzegovina,BIH,2012.0,44.7015495300293,4693.78899115381,3.31473965674631,45.0644989,57.8995639754601,46.3655655972
Bosnia and Herzegovina,BIH,2013.0,51.3600883483887,5034.56634817068,3.31473965674631,48.52130127,59.1528756099602,46.6954224739896
Bosnia and Herzegovina,BIH,2014.0,54.1655807495117,5206.06573475132,3.31473965674631,49.91770172,59.5738906860352,47.130783484831
Bosnia and Herzegovina,BIH,2015.0,55.5336608886719,4662.25869219448,3.0181128667772,52.59999847,60.8295707702637,47.5711645087011
Bosnia and Herzegovina,BIH,2016.0,56.9546089172363,4928.5665903114,4.26451015472412,60.2565354318987,62.3772583007812,48.0248845752382
Bosnia and Herzegovina,BIH,2017.0,54.528678894043,5345.01978766473,2.83868424239217,64.8920205128383,61.7170969984451,48.4918401819106
Bosnia and Herzegovina,BIH,2018.0,49.7987518310547,6047.84707207392,3.89297008514404,70.1201350394885,63.5065383911133,48.971927825824
Bosnia and Herzegovina,BIH,2019.0,46.6677894592285,6122.37541352353,4.04449987411499,69.9463476317266,62.9002278405043,49.4650440037758
Bosnia and Herzegovina,BIH,2020.0,43.8039207458496,6130.31187968266,3.01954088371123,73.21175294,69.086181640625,49.9710852122997
Bosnia and Herzegovina,BIH,2021.0,45.0589485168457,7295.34378682258,4.13622999191284,75.67620138,71.1498119603508,50.4899479477034
Bosnia and Herzegovina,BIH,2022.0,45.6063499450684,7655.59421024383,2.97012986426524,78.8455371,72.3236999511719,51.0215287060993
Bosnia and Herzegovina,BIH,2023.0,45.5027618408203,8663.02326458629,3.24564826597779,83.3771539,72.0473875223632,51.5657239834305
Botswana,BWA,2000.0,6.98083019256592,3450.81180622992,10.6785898208618,2.90266662177209,13.2221913507966,53.2047727398794
Botswana,BWA,2001.0,7.48678016662598,3206.07123689853,10.6785898208618,3.43088678702599,13.2221913507966,54.0489894446035
Botswana,BWA,2002.0,7.80341005325317,3117.25087183011,10.6785898208618,3.38592235064273,13.2221913507966,55.0142988603802
Botswana,BWA,2003.0,9.07960033416748,4230.12326909926,10.6785898208618,3.3451901740614,13.2221913507966,56.0979233496432
Botswana,BWA,2004.0,9.56877994537354,4956.69287735214,10.6785898208618,3.30488925316113,13.2221913507966,57.2582489329358
Botswana,BWA,2005.0,9.23077964782715,5391.07076619634,10.6785898208618,3.262599945,13.2221913507966,58.4535554684584
Botswana,BWA,2006.0,10.0698099136353,5291.58379144849,10.6785898208618,4.28993297515968,13.2221913507966,59.6421228144112
Botswana,BWA,2007.0,10.2232799530029,5529.12574632532,9.04666996002197,5.28,13.2221913507966,60.7822308289942
Botswana,BWA,2008.0,14.2659397125244,5503.07395314313,9.04666996002197,6.25,13.2221913507966,61.8321593704079
Botswana,BWA,2009.0,21.9871006011963,5082.93388332404,9.8253002166748,6.150000095,16.4856527382353,62.7501882968523
Botswana,BWA,2010.0,19.5398902893066,6215.73216077919,9.8253002166748,6.0,16.4856527382353,63.4945974665277
Botswana,BWA,2011.0,17.5134506225586,7287.38295334919,10.8265537416631,9.0,16.4856527382353,64.0187810722889
Botswana,BWA,2012.0,21.6663608551025,6595.53845015424,8.1098729741114,16.0,16.4856527382353,64.3993247826904
Botswana,BWA,2013.0,26.3370990753174,6666.91219583487,8.0172064061589,30.0,16.4856527382353,64.7579735458393
Botswana,BWA,2014.0,24.8355648460166,7122.36423421503,7.88874188960311,36.74474744423,16.4856527382353,65.0965122400825
Botswana,BWA,2015.0,26.8692925538756,6141.20394726616,8.39457941644674,38.89379883,16.4856527382353,65.4103584313295
Botswana,BWA,2016.0,22.6605855291776,6749.05994339013,8.73589296358928,41.16859818,16.4856527382353,65.6949296854899
Botswana,BWA,2017.0,21.4762885165012,7104.96401088027,7.80924443947392,43.57640076,16.4856527382353,65.9456435684731
Botswana,BWA,2019.0,21.4965480211896,7172.08956480028,8.3989966033446,48.82279968,42.9777369383479,66.3271694845464
Botswana,BWA,2020.0,22.4017870513653,6323.2974967659,8.05833660991541,51.67819977,42.3264083862305,66.4488166494554
Botswana,BWA,2021.0,21.2032904951187,7807.88794570471,8.05833660991541,54.70069885,44.2292943215654,66.5182767068255
Botswana,BWA,2022.0,20.7095613715302,8328.7090572666,8.05833660991541,57.9,44.9155478130298,66.5889787170477
Botswana,BWA,2023.0,20.5658232475186,7826.35376483298,8.05833660991541,57.9,43.012279510498,67.0212655349864
Botswana,BWA,2024.0,21.4087908549348,7695.75319445165,8.05833660991541,57.45950036,43.012279510498,67.4623537838418
Brazil,BRA,2012.0,43.8344116210938,12521.7238454434,5.85510015487671,48.56,40.6111907958984,84.8973874181312
Brazil,BRA,2013.0,44.9966697692871,12458.8903396625,5.8388500213623,51.04,41.8536682128906,85.1676585442726
Brazil,BRA,2014.0,47.8131904602051,12274.9941630213,5.94848012924194,54.5510018796392,42.5613784790039,85.4331367898168
Brazil,BRA,2015.0,49.0805015563965,8936.1955889444,6.24105978012085,58.3279517340924,43.7763481140137,85.6935697061881
Brazil,BRA,2016.0,48.9665794372559,8836.28546025694,6.31403017044067,60.8725400681261,45.1083183288574,85.9487048448108
Brazil,BRA,2017.0,50.7326316833496,10080.5078722821,6.32047986984253,67.4712845236305,46.1742515563965,86.1982897571091
Brazil,BRA,2018.0,52.05712890625,9300.66072904004,6.08851003646851,70.4342825404361,47.4328689575195,86.4420719945072
Brazil,BRA,2019.0,53.6215400695801,9029.83304401079,5.96346998214722,73.9124399133589,50.2,86.6797991084296
Brazil,BRA,2020.0,55.529109954834,7074.19407495707,5.7714900970459,81.34269353,52.9,86.9112186503004
Brazil,BRA,2021.0,57.6311988830566,7972.53696080695,5.4969801902771,80.68989314,53.5,87.1360781715439
Brazil,BRA,2022.0,61.0000915527344,9281.33282136864,5.61920976638794,80.52775094,54.0,87.349556243881
Brazil,BRA,2024.0,69.7317733764648,10310.5488778166,5.61920976638794,84.46347227,61.7327776308577,87.8958549533146
British Virgin Islands,VGB,2000.0,49.8008003234863,,4.70449999843962,18.8857412653447,,41.9814254086647
British Virgin Islands,VGB,2001.0,43.8400993347168,,4.70449999843962,18.8857412653447,,42.0235454180552
British Virgin Islands,VGB,2002.0,47.8233413696289,,4.70449999843962,18.8857412653447,,42.4409178875828
British Virgin Islands,VGB,2004.0,65.4377899169922,,4.70449999843962,18.8857412653447,,43.2860433292828
British Virgin Islands,VGB,2009.0,70.4889373779297,,4.70449999843962,36.0,,45.7790735229619
British Virgin Islands,VGB,2015.0,40.3414634146341,,4.70449999843962,36.0,,49.4863955390847
British Virgin Islands,VGB,2016.0,39.173320807891,,3.25467711875258,77.7014296797074,,50.1800618642422
British Virgin Islands,VGB,2018.0,17.7551020408163,,2.42556060278319,77.7014296797074,,51.6322667220883
British Virgin Islands,VGB,2019.0,24.2532322781988,,2.500967871937,77.7014296797074,,52.3907871425786
British Virgin Islands,VGB,2020.0,30.475763016158,,2.70539282589676,77.7014296797074,,53.1709074822645
British Virgin Islands,VGB,2021.0,30.3667262969589,,3.0245532067775,77.7014296797074,,53.972618684518
British Virgin Islands,VGB,2022.0,29.0409725348942,,2.48401807300907,77.7014296797074,,54.795911692548
British Virgin Islands,VGB,2023.0,26.6493055555556,,3.17283855528435,77.7014296797074,,55.6407774494219
British Virgin Islands,VGB,2024.0,29.5605306799337,,3.17283855528435,77.7014296797074,,56.5072068980827
Brunei Darussalam,BRN,2000.0,13.4959297180176,20130.2572346624,3.38460993766785,8.99628453448726,62.9979209899902,71.2246805488418
Brunei Darussalam,BRN,2001.0,14.6684103012085,18287.8272281914,3.38460993766785,12.9177690823013,62.9979209899902,71.657883335906
Brunei Darussalam,BRN,2002.0,14.1154699325562,18621.2922577525,3.38460993766785,15.329879855735,62.9979209899902,72.1021556496525
Brunei Darussalam,BRN,2003.0,14.257490158081,20677.9001143188,3.38460993766785,19.5950032207342,62.9979209899902,72.577635652792
Brunei Darussalam,BRN,2004.0,15.1707801818848,24423.0946995548,3.38460993766785,29.7156041447864,62.9979209899902,73.0675067339261
Brunei Darussalam,BRN,2005.0,15.2498598098755,29386.2703822862,3.38460993766785,36.4663919475782,62.9979209899902,73.552870858133
Brunei Darussalam,BRN,2006.0,15.2068796157837,34674.7995236452,3.38460993766785,42.1863491609307,62.9979209899902,74.0148299904911
Brunei Darussalam,BRN,2007.0,15.4847002029419,36217.3290706015,3.38460993766785,44.68,62.9979209899902,74.4344860960786
Brunei Darussalam,BRN,2008.0,15.7385101318359,42156.5685838672,3.38460993766785,46.0,62.9979209899902,74.7929411399737
Brunei Darussalam,BRN,2009.0,16.5658493041992,30946.4673773828,3.38460993766785,49.0,62.9979209899902,75.0712970872547
Brunei Darussalam,BRN,2010.0,15.3331604003906,34937.5555357155,1.84384000301361,53.0,62.9979209899902,75.2506559029998
Brunei Darussalam,BRN,2011.0,17.4244594573975,46382.8274255349,3.32213997840881,56.0,62.9979209899902,75.312125504778
Brunei Darussalam,BRN,2012.0,22.0733509063721,46968.5971164922,2.88964009284973,60.27310181,62.9979209899902,75.2714233503027
Brunei Darussalam,BRN,2013.0,23.4649200439453,44003.0644273461,2.88964009284973,64.5,62.9979209899902,75.1756915148608
Brunei Darussalam,BRN,2014.0,30.0799102783203,41026.5084247957,3.35321998596191,68.76999664,70.6451314714651,75.0572639801502
Brunei Darussalam,BRN,2015.0,28.6641292572021,30625.1287744656,3.35321998596191,71.19999695,67.5941925048828,74.9484620568562
Brunei Darussalam,BRN,2016.0,28.6644096374512,26663.2972950602,4.42539978027344,90.0,67.5941925048828,74.8816070556641
Brunei Darussalam,BRN,2017.0,31.2433910195239,28024.3824580252,4.42539978027344,94.86669922,67.798432665848,74.8476440654983
Brunei Darussalam,BRN,2018.0,27.9285989469629,30988.1190267227,4.42539978027344,95.0,68.3763364360234,74.8172471714305
Brunei Darussalam,BRN,2019.0,27.7715019255456,30426.5730656528,4.42539978027344,95.0,69.2162924505964,74.7923311783673
Brunei Darussalam,BRN,2020.0,27.4692556634304,26834.3592233943,4.42539978027344,96.30549622,67.4217208868073,74.7748108912151
Brunei Darussalam,BRN,2021.0,27.4258937503291,31006.9636289785,4.42539978027344,97.62879944,70.8407319388492,74.7667316936175
Brunei Darussalam,BRN,2022.0,31.1925368707703,36632.9280952155,4.42539978027344,98.97042579,68.7706399814038,74.7772642014221
Brunei Darussalam,BRN,2023.0,36.4182725443167,32890.5491812019,4.42539978027344,98.97039795,67.8724923905063,74.8199193881365
Bulgaria,BGR,2001.0,41.0407791137695,1770.90704918691,3.38423991203308,7.6122977487982,59.4621200561523,69.196711983564
Bulgaria,BGR,2002.0,41.4290084838867,2092.98288625558,3.38608002662659,9.08,61.8875100019404,69.4859161376953
Bulgaria,BGR,2003.0,42.8536109924316,2719.49436859287,3.99845004081726,12.04,61.4832000193503,69.7808456420898
Bulgaria,BGR,2004.0,43.6935691833496,3389.68743360274,4.24988985061646,18.13,61.7715892025619,69.9193344116211
Bulgaria,BGR,2005.0,46.225269317627,3899.82596332878,4.10879993438721,19.97,63.0249069427748,70.0869598388672
Bulgaria,BGR,2006.0,47.7948303222656,4523.1465578805,3.90346002578735,27.09,64.4489135742188,70.5075225830078
Bulgaria,BGR,2007.0,51.2403411865234,5888.57081403932,3.680340051651,33.64,67.0206527709961,70.6844177246094
Bulgaria,BGR,2008.0,52.6504096984863,7271.30338858025,4.2190899848938,39.67,67.6123504638672,70.902099609375
Bulgaria,BGR,2009.0,55.0083694458008,6988.27316296465,4.27429008483887,45.0,68.2597579956055,71.3017349243164
Bulgaria,BGR,2010.0,58.354850769043,6853.94805511171,3.85746002197266,46.23,69.6149520874023,71.5149307250977
Bulgaria,BGR,2011.0,59.8246803283691,7849.58061302818,3.54690003395081,47.9799930506026,70.6531677246094,72.6101653885532
Bulgaria,BGR,2012.0,62.1616516113281,7431.95789508871,3.47650003433227,51.8999876658503,72.4808578491211,72.7684860229492
Bulgaria,BGR,2013.0,68.2013397216797,7795.98092108928,4.05766010284424,53.0615,73.9379577636719,72.9632821572019
Bulgaria,BGR,2014.0,72.981559753418,8069.60005667684,4.19388008117676,55.4903766299262,73.8130874633789,73.0844879150391
Bulgaria,BGR,2015.0,78.2999572753906,7268.65445473873,3.88469004631042,56.6562516053086,74.9126663208008,73.1030578613281
Bulgaria,BGR,2016.0,80.6399612426758,7822.49923292968,3.81435990333557,59.825547661014,75.5995407104492,73.1750030517578
Bulgaria,BGR,2017.0,81.2245864868164,8696.68930427924,4.07754993438721,63.4101013837926,76.4485397338867,73.3904571533203
Bulgaria,BGR,2018.0,83.134880065918,9849.38397225174,4.05201005935669,64.78201069118,77.3435588476829,73.600212097168
Bulgaria,BGR,2019.0,84.7503128051758,10353.7204584127,4.21430015563965,67.9469809417603,76.6335894620298,73.7162322998047
Bulgaria,BGR,2020.0,85.5331115722656,10760.211975413,4.48298978805542,70.16248359,77.7781982421875,73.3239898681641
Bulgaria,BGR,2021.0,85.3017501831055,12966.1457543396,4.7092399597168,75.27144583,80.2392272949219,73.346765618041
Bulgaria,BGR,2022.0,84.1293563842773,13999.1949530956,4.50109004974365,79.12686326,79.0050510077588,73.4799164005224
Bulgaria,BGR,2023.0,79.8532333374023,15853.208636704,4.50109004974365,80.38956462,80.193131845955,73.7322671584613
Bulgaria,BGR,2024.0,69.5460433959961,17596.0173663521,4.50109004974365,82.438955,80.193131845955,73.9499356882481
Burkina Faso,BFA,2001.0,1.11434996128082,259.485223380436,3.94112992286682,0.157732464653607,4.00731992721558,18.8591452143893
Burkina Faso,BFA,2002.0,1.34107005596161,285.654087637533,3.94112992286682,0.200992597925001,4.00731992721558,19.725053583448
Burkina Faso,BFA,2003.0,1.50508999824524,362.373899996953,3.94112992286682,0.373440303233526,4.00731992721558,20.563327262892
Burkina Faso,BFA,2005.0,2.14314007759094,441.164148016012,3.94112992286682,0.469900012,4.00731992721558,22.0179778440204
Burkina Faso,BFA,2006.0,2.25787997245789,455.513655620024,3.98218989372253,0.632700026,4.00731992721558,22.5528306908743
Burkina Faso,BFA,2007.0,2.40549993515015,514.684451177238,4.07982015609741,0.75,4.00731992721558,22.9741760828193
Burkina Faso,BFA,2008.0,2.92968010902405,619.437533256264,4.07982015609741,0.920000017,4.00731992721558,23.3633747838557
Burkina Faso,BFA,2009.0,3.26682996749878,601.569520671859,4.07982015609741,1.129999995,4.00731992721558,23.7452325601116
Burkina Faso,BFA,2010.0,3.34944579587797,624.957252224766,3.50222992897034,2.400000095,4.00731992721558,24.115092498158
Burkina Faso,BFA,2011.0,3.91906920981907,725.024767725475,3.98515009880066,3.0,4.00731992721558,24.4682976845657
Burkina Faso,BFA,2012.0,4.33792685706514,731.470138867833,3.60315990447998,3.724999905,4.00731992721558,24.8001912059054
Burkina Faso,BFA,2013.0,4.57338342077701,759.762065168498,4.08343982696533,5.0,4.00731992721558,25.106116148748
Burkina Faso,BFA,2014.0,4.89539917725699,764.861675106225,4.05329990386963,6.0,2.80549001693726,25.3814155996643
Burkina Faso,BFA,2015.0,4.90356866333498,630.124750752312,3.67008996009827,6.545700073,2.80549001693726,25.621432645225
Burkina Faso,BFA,2016.0,5.40541465878063,663.742364842886,3.67008996009827,7.140999794,2.80549001693726,25.821510372001
Burkina Faso,BFA,2017.0,5.8341880408112,709.091535894695,5.62846994400024,7.790400028,2.80549001693726,25.9769918665632
Burkina Faso,BFA,2018.0,6.31826110291158,777.465618514048,5.488609790802,8.498900414,6.15245008468628,26.0832202154822
Burkina Faso,BFA,2019.0,6.90532594926159,764.853077774946,5.45615632520251,9.27180600953186,7.82172012329102,26.1187254401157
Burkina Faso,BFA,2020.0,7.64277062242324,825.237038782475,5.21148277030166,12.97319984,7.82172012329102,26.3578373628627
Burkina Faso,BFA,2021.0,9.30513098594236,895.535288442991,5.24913346712028,18.1522007,6.34940004348755,26.8114307743017
Burkina Faso,BFA,2022.0,9.67069485831779,827.330843486661,5.29456753304241,25.3987999,5.32712870386465,27.2791369742712
Burkina Faso,BFA,2023.0,10.1078755635882,873.482589651003,5.32757840997187,25.36120033,5.26034182476624,27.7872478365158
Burkina Faso,BFA,2024.0,10.0419678526515,981.992649769081,5.32757840997187,28.25270081,5.15915695580717,28.3352514896662
Burundi,BDI,2000.0,1.05474996566773,134.537861752389,2.64547991752625,0.077248447383456,3.14735159121368,8.04381449833197
Burundi,BDI,2001.0,1.03059995174408,132.159554541932,2.90390992164612,0.106001245363203,3.14735159121368,8.24107308668089
Burundi,BDI,2002.0,1.60111999511719,120.952308575468,3.00493001937866,0.118228412267794,3.14735159121368,8.45108277415092
Burundi,BDI,2004.0,2.10109996795654,125.194965184533,3.74495005607605,0.349060461879596,3.14735159121368,8.9185547789176
Burundi,BDI,2005.0,2.13503003120422,147.234619294225,3.63216996192932,0.542100012,3.14735159121368,9.1806167624459
Burundi,BDI,2006.0,2.16554999351502,161.892755640319,3.63216996192932,0.657599986,3.14735159121368,9.4646291775586
Burundi,BDI,2007.0,2.26625990867615,166.162744906755,3.63216996192932,0.7,3.14735159121368,9.77289185737152
Burundi,BDI,2008.0,2.49793004989624,189.502074570768,5.19289016723633,0.81,7.41938018798828,10.1064353383035
Burundi,BDI,2009.0,2.6779100894928,198.431524048225,6.17194986343384,0.899999976,7.41938018798828,10.4979900434482
Burundi,BDI,2010.0,3.05528938002435,216.727705301976,6.77523994445801,1.0,7.41938018798828,10.9843097335487
Burundi,BDI,2012.0,2.92052732762984,231.098787811507,6.16776990890503,1.220000029,7.41938018798828,12.2244596804615
Burundi,BDI,2013.0,3.70341642841244,234.844770150871,5.99539995193481,1.2642181112,7.41938018798828,12.9670962745892
Burundi,BDI,2014.0,4.46892058042299,250.544492155185,6.78452014923096,1.04239212643994,3.3253800868988,13.7839781740413
Burundi,BDI,2015.0,5.25856537918645,254.402585226788,6.37133979797363,2.0,3.3253800868988,14.6695085474754
Burundi,BDI,2016.0,3.97908916361797,232.937812100153,4.69199991226196,2.200000048,3.3253800868988,15.6180905635494
Burundi,BDI,2017.0,4.30528005798307,246.060725714184,4.76202011108398,2.6607485347534,5.59581995010376,16.6241273909209
Burundi,BDI,2018.0,4.55281922933846,245.661678332009,5.07863998413086,4.019499779,5.59581995010376,17.6820221982475
Burundi,BDI,2023.0,6.02545976638794,250.627253097255,5.07863998413086,7.172299862,5.59581995010376,23.5534768372276
Burundi,BDI,2025.0,6.38454008102417,250.627253097255,4.5040397644043,7.172299862,5.59581995010376,23.5534768372276
Cabo Verde,CPV,2000.0,1.77746999263763,1189.51479345891,7.87682008743286,1.82244385164396,20.037130355835,53.9332149202283
Cabo Verde,CPV,2001.0,1.54462003707886,1223.33055331575,7.87682008743286,2.68533271272311,20.037130355835,54.7762172320995
Cabo Verde,CPV,2002.0,3.76713991165161,1328.57874270666,7.87682008743286,3.5187571749658,20.037130355835,55.5703407979481
Cabo Verde,CPV,2003.0,4.45262002944946,1717.97565369655,7.87682008743286,4.32488539053715,20.037130355835,56.3297071979641
Cabo Verde,CPV,2004.0,5.89057016372681,1929.49081468781,7.47664022445679,5.31883206957883,20.037130355835,57.0677167011018
Cabo Verde,CPV,2005.0,7.33844995498657,2004.14680417563,7.47664022445679,6.07408710659813,20.037130355835,57.7977695763157
Cabo Verde,CPV,2006.0,8.3322696685791,2256.99666191075,6.52960014343262,6.80891100753313,20.037130355835,58.5332660925599
Cabo Verde,CPV,2007.0,9.42763996124268,3324.57675212498,4.95982980728149,8.28321981953034,20.037130355835,59.287606518789
Cabo Verde,CPV,2008.0,11.6451501846313,3908.64885822576,5.03464984893799,14.0,20.037130355835,60.0741911239572
Cabo Verde,CPV,2009.0,14.5845203399658,3659.72046361628,4.86588001251221,21.0,20.037130355835,60.906420177019
Cabo Verde,CPV,2010.0,17.2396798150949,3579.46006137809,5.0765700340271,30.0,20.037130355835,61.7974262732302
Cabo Verde,CPV,2011.0,19.8174684695304,4002.01386888785,4.59785985946655,32.0,20.037130355835,62.7419929036884
Cabo Verde,CPV,2012.0,19.8951290654347,3736.81517011087,5.39769575795208,34.74,20.037130355835,63.7260454520996
Cabo Verde,CPV,2013.0,22.2468122776255,3960.97596791345,4.56156015396118,37.5,20.037130355835,64.7486207521826
Cabo Verde,CPV,2014.0,23.2703965538205,3985.60706548134,4.52133989334106,40.25999832,20.037130355835,65.8085112712742
Cabo Verde,CPV,2015.0,22.524027665499,3415.06266730931,4.80622005462646,42.6830141582781,20.037130355835,66.9045094767116
Cabo Verde,CPV,2016.0,23.6934975221505,3608.96605234906,4.75475978851318,50.3228178676892,20.037130355835,68.0354078358316
Cabo Verde,CPV,2017.0,24.5594648459854,3893.09571382506,4.59278011322021,57.1621463484891,20.037130355835,69.1999988159713
Cabo Verde,CPV,2018.0,24.2905954414767,4294.96510035729,4.78792270184537,59.5,20.037130355835,70.3970748844677
Cambodia,KHM,2000.0,1.86557996273041,296.426687526334,1.64869999885559,0.047022640068885,5.91235625969463,18.6242216655572
Cambodia,KHM,2001.0,1.97913002967834,327.500984314444,1.6550600528717,0.0769560555527296,6.59695176052096,18.7186818716995
Cambodia,KHM,2002.0,2.33661007881165,350.147276634294,1.62863004207611,0.226983237666204,6.59695176052096,18.803641734126
Cambodia,KHM,2003.0,3.01460003852844,386.691123931778,1.62863004207611,0.260570197574002,6.59695176052096,18.8881765274479
Cambodia,KHM,2004.0,3.07344007492065,444.199067529081,1.56035995483398,0.300436644360101,6.59695176052096,18.9813615262763
Cambodia,KHM,2005.0,3.77035999298096,525.797325120926,1.56035995483398,0.317321781089656,6.59695176052096,19.0922720052225
Cambodia,KHM,2006.0,6.20005989074707,612.252648550727,1.56035995483398,0.468400002,6.59695176052096,19.2299832388976
Cambodia,KHM,2007.0,7.67417001724243,731.692295125426,1.36423003673553,0.49,6.42405986785889,19.4035705019128
Cambodia,KHM,2008.0,8.92994976043701,866.283999789749,1.36423003673553,0.51,6.42405986785889,19.6574509865325
Cambodia,KHM,2009.0,10.6747398376465,875.748936193569,1.38576996326447,0.53,6.26351976394653,20.1979728726519
Cambodia,KHM,2010.0,12.1998596191406,952.274616324008,1.24872994422913,1.26,6.26351976394653,21.1232251168762
Cambodia,KHM,2011.0,11.4902860215331,1088.98152823081,1.20887994766235,3.099999905,6.26351976394653,22.3824788531276
Cambodia,KHM,2015.0,13.615484963166,1547.32010444393,1.20887994766235,6.43319107021405,9.29681015014648,30.0669222549819
Cambodia,KHM,2017.0,12.5181529981862,1826.35391688754,1.20887994766235,32.9002785437986,12.1864056881054,35.0127905056235
Cambodia,KHM,2018.0,13.2671737077763,2036.67377566578,1.60336995124817,65.0,12.1864056881054,37.6404336372742
Cambodia,KHM,2019.0,12.9409846754696,2225.87705485686,2.13345387893978,52.305878224498,9.41808986663818,39.5830241256026
Cambodia,KHM,2020.0,13.8767573747135,2081.73914242939,2.2476462495972,56.37590027,9.60516360406116,39.832658030922
Cambodia,KHM,2021.0,13.5005634857238,2167.40324198499,1.96232691812756,60.76269913,11.5267601013184,40.1091858128847
Cambodia,KHM,2022.0,14.6069513022825,2325.03050040841,1.95793279576416,65.49079895,11.5267601013184,40.374616187368
Cambodia,KHM,2023.0,17.4362364390629,2429.74853452838,2.1809128340295,68.92549896,10.4465105139796,40.6290788072508
Cambodia,KHM,2024.0,21.4437426836662,2627.87969756224,2.1809128340295,68.47530365,10.4465105139796,40.8727033252729
Cameroon,CMR,2000.0,4.69010019302368,708.565731625965,1.70284998416901,0.252120077733662,11.1209292405097,46.2449829402599
Cameroon,CMR,2001.0,4.71602010726929,715.470296470585,2.29733991622925,0.277051321848797,11.1209292405097,46.7627509050978
Cameroon,CMR,2002.0,5.15587997436523,789.623811072554,2.29733991622925,0.360871584267755,11.1209292405097,47.2589242513436
Cameroon,CMR,2003.0,5.22031021118164,988.241276791846,2.82259011268616,0.587622611130454,11.1209292405097,47.7325523560061
Cameroon,CMR,2004.0,5.22725009918213,1133.39326749673,2.79530000686646,0.976075415490902,11.1209292405097,48.1826845960942
Cameroon,CMR,2005.0,6.03904008865356,1142.62466252106,2.65652990341186,1.402699947,11.1209292405097,48.5837852394685
Cameroon,CMR,2006.0,7.07693004608154,1191.45458990968,2.53990006446838,2.028700113,11.1209292405097,49.2044173412861
Cameroon,CMR,2007.0,7.57396984100342,1325.67248215933,2.87814998626709,2.93,10.8721331946775,49.7027028593758
Cameroon,CMR,2008.0,8.20874977111816,1492.14269801453,2.49826002120972,3.400000095,10.8721331946775,50.0858325268669
Cameroon,CMR,2009.0,9.40400981903076,1461.38999232337,2.90790009498596,3.84,10.8721331946775,50.4714131335678
Cameroon,CMR,2010.0,11.5745716750246,1398.58702025047,2.84802007675171,4.300000191,6.19027996063232,50.8505075371362
Cameroon,CMR,2011.0,12.5102445161105,1513.96056994878,2.65335988998413,5.0,6.19027996063232,51.2229843034125
Cameroon,CMR,2012.0,13.5363302230835,1449.09874362279,2.60304999351502,7.5,6.19027996063232,51.5887119982861
Cameroon,CMR,2013.0,15.7712802886963,1575.92882118897,2.65546989440918,10.0,6.19027996063232,51.9475591877024
Cameroon,CMR,2014.0,16.7535896301269,1649.4433905949,2.58396005630493,16.2148722257524,21.1658493817117,52.2993944376709
Cameroon,CMR,2015.0,17.2970758627753,1415.00009710569,2.65791010856628,18.29999924,21.1658493817117,52.6440863142742
Cameroon,CMR,2016.0,12.7046554004596,1441.7201725688,2.56234002113342,20.60000038,21.1658493817117,52.9815033836792
Cameroon,CMR,2017.0,12.9818161813936,1496.08951771242,3.05961990356445,23.2029719748646,21.1658493817117,53.3115142121504
Cameroon,CMR,2018.0,14.5449548868213,1610.69641591017,3.03096008300781,29.70000076,14.257869720459,53.6339873660653
Cameroon,CMR,2019.0,15.0528614131463,1555.22660476477,3.0473994932468,36.53919983,14.257869720459,53.9487914119331
Cameroon,CMR,2020.0,15.5519566247682,1555.60370660749,3.10390139858492,37.69749832,14.257869720459,54.2557949164174
Cameroon,CMR,2021.0,17.1581831920239,1672.32657340872,2.8493076272306,38.89260101,14.257869720459,54.5548664463635
Cameroon,CMR,2022.0,16.4371527754335,1604.87726954895,2.65952378267367,40.12559891,14.257869720459,54.8458745688318
Cameroon,CMR,2023.0,16.0404395184936,1720.47510154506,2.83907623667935,42.24380112,14.257869720459,55.1286878511388
Cameroon,CMR,2024.0,16.6614294830602,1830.00833684727,2.83907623667935,46.25880051,14.257869720459,55.4031748609078
Canada,CAN,2000.0,58.5191192626953,24271.0020563821,5.42330980300903,51.3,74.4628776088083,78.6292995508947
Canada,CAN,2002.0,58.4131507873535,24256.0192337185,4.99306011199951,61.5932992681952,74.4628776088083,79.0990234802234
Canada,CAN,2007.0,63.8298110961914,44660.0838892281,4.76642990112305,73.2,80.5808185700987,80.4425615136782
Canada,CAN,2008.0,64.3074111938477,46710.2526864484,4.62612009048462,76.69999695,81.2651154956689,80.6628944916604
Canada,CAN,2009.0,63.6236991882324,40874.8831932903,4.84057998657227,80.3,81.8416260755718,80.8591838893921
Canada,CAN,2010.0,61.8845901489258,47560.6666009406,5.35637998580933,80.3,82.6343912276864,81.0120892252937
Canada,CAN,2011.0,63.1586990356445,52223.8588398531,5.26204013824463,83.0,82.7489929199219,81.1031425434213
Canada,CAN,2012.0,63.603271484375,52670.3447335415,5.26204013824463,83.0,83.5809403647013,81.1513483248791
Canada,CAN,2013.0,65.7477188110352,52638.1187235237,4.58899021148682,85.80000305,84.3148771836703,81.183439957458
Canada,CAN,2014.0,67.1677017211914,50960.8431174661,4.84358978271484,87.12000275,84.7867676404273,81.211183161556
Canada,CAN,2015.0,67.2690963745117,43594.1941045394,4.73936986923218,90.0,85.311018515734,81.2465670276699
Canada,CAN,2016.0,69.2459411621094,42314.0615817218,4.81642007827759,91.16000366,84.4691925048828,81.3023011093703
Canada,CAN,2017.0,70.2687072753906,45129.628116623,4.95998001098633,92.70140076,86.4637574349962,81.4018945832226
Canada,CAN,2018.0,69.3507232666016,46539.1761570405,4.88898992538452,94.64,87.1723476899967,81.5500341646653
Canada,CAN,2019.0,73.1128768920898,46352.8693445211,4.77293014526367,91.91290283,87.4373043734491,81.7363672047941
Canada,CAN,2020.0,75.2389068603516,43537.839298904,4.88794994354248,92.3,88.1384114499308,81.9509888710566
Canada,CAN,2021.0,79.7657318115234,52886.6616372703,4.74858999252319,93.93710327,86.5175704956055,82.1779279079275
Canada,CAN,2022.0,78.8488311767578,56256.8007264015,4.84426021575928,94.0,89.1743662135055,82.3500897353968
Canada,CAN,2023.0,76.2666931152344,54220.3285039875,4.84426021575928,94.14530182,89.5703840585895,82.5250564408346
Cayman Islands,CYM,2000.0,21.135799407959,87085.0945866141,,44.5,73.564582824707,100.0
Cayman Islands,CYM,2001.0,21.8025798797607,87085.0945866141,,44.5,73.564582824707,100.0
Cayman Islands,CYM,2002.0,19.2189903259277,87085.0945866141,,44.5,73.564582824707,100.0
Cayman Islands,CYM,2003.0,19.8089809417725,87085.0945866141,,44.5,73.564582824707,100.0
Cayman Islands,CYM,2006.0,19.4577903747559,87085.0945866141,,44.5,73.564582824707,100.0
Cayman Islands,CYM,2007.0,22.1045207977295,89888.2611264853,,52.0,73.564582824707,100.0
Cayman Islands,CYM,2008.0,33.0195503234863,89655.1185574521,,61.0,77.2876663208008,100.0
Chad,TCD,2000.0,0.79297000169754,163.121663683369,2.64670991897583,0.03570707628555,5.51997995376587,21.6527690760484
Chad,TCD,2001.0,0.816110014915466,194.32295331156,2.42614006996155,0.0459341343557353,5.51997995376587,21.6780982595188
Chad,TCD,2003.0,0.942139983177185,289.087621122168,2.42614006996155,0.320308555366775,5.51997995376587,21.7207031172239
Chad,TCD,2004.0,1.20975995063782,445.850767157087,1.59294998645782,0.360920107034467,5.51997995376587,21.7377792120134
Chad,TCD,2005.0,1.4159699678421,838.092107712557,1.30189001560211,0.399257700084004,5.51997995376587,21.7519046977973
Chad,TCD,2008.0,1.95048999786377,1166.36883453841,1.30189001560211,1.19,5.51997995376587,21.7755796038887
Chad,TCD,2009.0,2.01651000976562,1035.63719694254,1.74366998672485,1.5,5.10442018508911,21.7784396568755
Chad,TCD,2010.0,2.0962732183809,1141.80069268412,1.50397002696991,1.700000048,5.10442018508911,21.8472378191095
Chad,TCD,2011.0,2.21312898390939,1308.1421872538,1.64717996120453,1.899999976,5.10442018508911,21.9558736797638
Chad,TCD,2014.0,3.38820626861646,1278.78981422494,2.32031229563021,2.900000095,5.10442018508911,22.5294513486009
Chad,TCD,2015.0,3.22750677590433,993.990730610869,2.34283149521162,3.5,5.10442018508911,22.8011258828974
Chad,TCD,2020.0,4.39665967267065,866.947814890409,2.73960390423748,8.343099594,5.10442018508911,24.7341921795416
Chile,CHL,2000.0,35.4313201904297,5052.99245766325,3.75707006454468,16.6,43.9,86.2710912457813
Chile,CHL,2002.0,40.2664985656738,4430.84741157984,4.04881000518799,22.1,43.9,86.6114115090282
Chile,CHL,2003.0,43.5181999206543,4773.40177520754,3.91868996620178,25.4737788864723,45.9,86.6792973033246
Chile,CHL,2004.0,44.3284606933594,6120.59152055344,3.54307007789612,28.1779101232438,50.0224189758301,86.7336754490112
Chile,CHL,2005.0,50.2735595703125,7480.32330998636,3.28016996383667,31.1753006,50.0224189758301,86.7768244484887
Chile,CHL,2006.0,49.3216896057129,9318.65655296121,3.04014992713928,34.4977511736017,47.2,86.8125123390851
Chile,CHL,2007.0,54.7230491638184,10346.4138184533,3.2331600189209,35.90000153,50.5686492919922,86.8445071581285
Chile,CHL,2008.0,56.7743988037109,10683.2188772511,3.79189991950989,37.29999924,51.8613586425781,86.8765769429469
Chile,CHL,2009.0,59.9912910461426,10098.8017167286,4.25475978851318,41.56,52.3,86.9124897308683
Chile,CHL,2010.0,66.3445205688477,12632.8704724192,4.18953990936279,45.0,52.8601493835449,86.9560135592209
Chile,CHL,2011.0,70.8241806030273,14487.3927832032,4.06173992156982,52.2496072877744,50.8061485290527,87.0109164653326
Chile,CHL,2012.0,75.0770721435547,15241.9069981119,4.06173992156982,55.04999924,57.9416809165017,87.0824943735696
Chile,CHL,2013.0,79.8703384399414,15683.5486369155,4.54814004898071,58.0,53.8420600891113,87.1827777654221
Chile,CHL,2014.0,83.6629791259766,14529.6767206336,4.75168991088867,61.11000061,60.3100448821158,87.3133701497978
Chile,CHL,2015.0,86.4181137084961,13433.9202987032,4.90390014648438,76.6295919508796,56.9636688232422,87.4653320342387
Chile,CHL,2016.0,88.8458862304688,13649.8520452803,5.36645984649658,83.5585860244169,62.4565158145167,87.6306290578181
Chile,CHL,2017.0,89.921989440918,14879.9086227187,5.43278980255127,82.3274869338464,59.2311515808105,87.8000295757281
Chile,CHL,2018.0,91.1974792480469,15659.4808675628,5.473060131073,84.90000153,65.7721194585188,87.9620493753008
Chile,CHL,2019.0,92.0659713745117,14495.716721687,5.62629985809326,85.01760101,66.8381594272598,88.1273685623538
Chile,CHL,2020.0,89.1124877929688,13114.815470545,5.62992000579834,87.45929718,65.3,88.2953490438375
Chile,CHL,2021.0,96.2227935791016,16206.8325493421,5.00225019454956,90.23280334,66.9972330056142,88.4660511664452
Chile,CHL,2022.0,99.3372802734375,15405.6165774073,4.91201019287109,92.31819916,66.6,88.6395352768685
Chile,CHL,2023.0,104.734062194824,17067.0364799154,4.91201019287109,94.45742345,68.4254952608668,88.8158617217972
Chile,CHL,2024.0,110.176902770996,16709.8893972307,4.91201019287109,95.590243,69.8416178051439,88.9950908479196
China,CHN,2000.0,7.57777976989746,969.199513696287,3.89714002609253,1.77591320677415,13.8146864870906,36.4320234662299
China,CHN,2001.0,9.28069019317627,1065.40597574519,3.89714002609253,2.63965021485872,13.8146864870906,37.6597442626953
China,CHN,2002.0,11.8050804138184,1163.55957673426,3.89714002609253,4.59570433077551,13.8146864870906,39.0897827148438
China,CHN,2003.0,14.513970375061,1306.97245408557,3.89714002609253,6.2,13.8146864870906,40.5302314758301
China,CHN,2004.0,16.9004402160644,1530.92726215723,3.89714002609253,7.3,13.8146864870906,41.7600135803223
China,CHN,2005.0,18.6565208435059,1777.64496828464,3.89714002609253,8.52325700269541,13.8146864870906,42.9899978637695
China,CHN,2006.0,20.5667705535889,2129.25696999613,3.89714002609253,10.5231526193851,13.8146864870906,44.3430099487305
China,CHN,2007.0,21.4715595245361,2734.72709877693,3.89714002609253,16.0,13.8146864870906,45.8892440795898
China,CHN,2008.0,21.8667392730713,3523.44302065213,3.89714002609253,22.6,13.8146864870906,46.9895057678223
China,CHN,2009.0,23.2886295318604,3898.24459158811,3.89714002609253,28.9,13.8146864870906,48.3417053222656
China,CHN,2010.0,25.2883066277701,4629.24551710077,3.89714002609253,34.3,22.3159999847412,49.2340270628041
China,CHN,2011.0,26.7875039907406,5703.76027973346,3.89714002609253,38.3,22.3159999847412,51.8300285339355
China,CHN,2012.0,29.3081906903292,6405.0574241349,3.89714002609253,42.30009842,22.3159999847412,53.1003112792969
China,CHN,2013.0,32.7191603158803,7147.03518622344,3.89714002609253,45.79999924,22.3159999847412,54.4900016784668
China,CHN,2014.0,43.7110051016854,7781.06597484974,3.89714002609253,47.90000153,22.3159999847412,55.7502555847168
China,CHN,2015.0,47.1192619330726,8175.33285077393,3.89714002609253,50.29999924,22.3159999847412,57.3297843933105
China,CHN,2016.0,49.309077375597,8254.86859320357,3.89714002609253,53.2,22.3159999847412,58.8399238586426
China,CHN,2017.0,51.0678812273407,8979.67652709856,3.89714002609253,54.3,22.3159999847412,60.2402687072754
China,CHN,2018.0,53.3987984572814,10085.6638148819,3.89714002609253,65.35839844,22.3159999847412,61.5001983642578
China,CHN,2019.0,56.6050917923292,10342.9009524335,3.89714002609253,64.080881297515,22.3159999847412,62.7099151611328
China,CHN,2020.0,61.6124675996947,10627.4637989619,3.89714002609253,70.05275998,31.7697906494141,63.5234230266258
China,CHN,2021.0,66.8186077597542,12887.4357242941,3.89714002609253,73.05323517,31.7697906494141,64.721076965332
China,CHN,2022.0,71.5799465086024,12970.6056414327,3.89714002609253,75.61131603,31.7697906494141,65.2176361083984
China,CHN,2023.0,74.5933014618366,12951.1782397043,3.89714002609253,90.6,31.7697906494141,65.5301448035523
China,CHN,2024.0,76.8757843123403,13303.1481543868,3.89714002609253,92.0,31.7697906494141,65.8946980998325
Colombia,COL,2000.0,25.5096893310547,2555.00751039968,3.5112099647522,2.207532992624,32.3,74.3493570179247
Colombia,COL,2001.0,26.3812599182129,2472.99084035833,3.70867991447449,2.85419997133433,32.3,74.7938371677676
Colombia,COL,2002.0,26.5130996704102,2428.92969771584,4.26812982559204,4.6,32.3,75.192444355543
Colombia,COL,2004.0,29.5034599304199,2818.57195413044,4.07934999465942,9.1186903029666,34.9496612548828,75.8080569479496
Colombia,COL,2005.0,32.253978729248,3456.06610874512,4.02098989486694,11.0072638904585,33.7099494934082,76.004938901378
Colombia,COL,2006.0,34.3662109375,3789.85361217027,3.91671991348267,15.3416745365682,32.2696800231934,76.1619191918164
Colombia,COL,2007.0,35.4785308837891,4769.926147194,4.08301019668579,21.79999924,36.5237693786621,76.3144038775849
Colombia,COL,2008.0,37.9448013305664,5541.83629665898,3.9387800693512,25.6,38.061840057373,76.4596761810047
Colombia,COL,2009.0,39.5088005065918,5250.97292433518,4.77651977539062,30.0,37.6516304016113,76.5964145836792
Colombia,COL,2010.0,41.529670715332,6398.2958447102,4.83382987976074,36.5,39.1352615356445,76.7232975672119
Colombia,COL,2011.0,45.2873306274414,7400.9940695669,4.46608018875122,40.3509157546318,40.2652816772461,76.839003613206
Colombia,COL,2012.0,47.4669914245605,8108.59838244229,4.37038993835449,48.98,41.4074287414551,76.942211203265
Colombia,COL,2013.0,50.7474899291992,8279.10255642981,4.87855005264282,51.7,43.2897491455078,77.0315988189922
Colombia,COL,2014.0,53.1794395446777,8187.20824890084,4.62945985794067,52.568136539247,44.59130859375,77.1058449419909
Colombia,COL,2015.0,54.7961311340332,6248.51490534512,4.47038984298706,55.9049725142924,45.4046592712402,77.1636280538646
Colombia,COL,2016.0,57.1437492370605,5959.84250367574,4.47721004486084,58.1364935728703,47.2685508728027,77.2036266362166
Colombia,COL,2017.0,58.3960418701172,6479.53231292429,4.53551006317139,62.2598803162841,47.7,77.2245191706503
Colombia,COL,2018.0,57.3205413818359,6816.96818309544,4.44910001754761,64.1263768204459,49.7744789123535,77.2804816598084
Colombia,COL,2019.0,56.6663017272949,6472.54544924705,4.51068019866943,65.0069007159493,51.0982284545898,77.4595528518377
Colombia,COL,2020.0,55.7331085205078,5339.68711357943,5.26166009902954,69.79533474,53.1528701782227,77.6382533537045
Colombia,COL,2021.0,58.3159217834473,6222.62164397614,5.26166009902954,73.02837449,53.7,77.8339570326128
Colombia,COL,2022.0,59.2901382446289,6680.44506854481,5.26166009902954,72.79637855,56.1,78.0464633137335
Comoros,COM,2000.0,1.60367000102997,633.309032776244,2.8304500579834,0.271740607285909,11.3405539651115,28.0360512192055
Comoros,COM,2003.0,3.42070007324219,959.691049354812,2.8304500579834,0.848189370151537,11.3405539651115,27.9448864609618
Comoros,COM,2007.0,4.39438009262085,1289.73631056361,2.8304500579834,2.5,11.3405539651115,28.2493321448949
Comoros,COM,2009.0,6.19504022598267,1410.30516959473,2.8304500579834,3.5,11.3405539651115,28.6217975367563
Comoros,COM,2010.0,7.90405216581276,1386.5742428453,2.8304500579834,5.099999905,11.3405539651115,28.8540982913801
Comoros,COM,2011.0,9.48193229364778,1531.43789372951,2.8304500579834,5.5,11.3405539651115,29.1136750253686
Comoros,COM,2012.0,10.5360636883691,1490.31511351281,2.74783992767334,5.975299835,11.3405539651115,29.397950693899
Comoros,COM,2013.0,9.13247966766357,1603.32797107303,2.3827600479126,6.5,11.3405539651115,29.7043482521482
Comoros,COM,2014.0,9.5927242808028,1615.71723662012,2.74472999572754,6.980000019,11.3405539651115,30.0302906552932
Comoros,COM,2017.0,18.8190281456697,1423.9248027797,2.74472999572754,8.478199959,11.3405539651115,31.0996559689293
"Congo, Dem. Rep.",COD,2006.0,4.20873022079468,255.445229568751,2.06220006942749,0.296099991,19.8470401763916,37.8024827128113
"Congo, Dem. Rep.",COD,2007.0,4.20303010940552,294.101615124419,2.06220006942749,0.370000005,19.8470401763916,38.201781337298
"Congo, Dem. Rep.",COD,2008.0,5.27932977676392,352.900363371995,2.06220006942749,0.439999998,19.8470401763916,38.5997245210844
"Congo, Dem. Rep.",COD,2009.0,6.261549949646,280.178991035792,2.06220006942749,0.560000002,19.8470401763916,38.9962670496049
"Congo, Dem. Rep.",COD,2011.0,7.55883979797363,372.514273875789,2.06220006942749,1.200000048,19.8470401763916,39.7849692825859
"Congo, Dem. Rep.",COD,2012.0,7.63979005813599,409.931424783784,2.06220006942749,1.679999948,19.8470401763916,40.1770385579151
"Congo, Dem. Rep.",COD,2013.0,6.37279987335205,460.370334930107,2.06220006942749,2.200000048,19.8470401763916,40.5675263197158
"Congo, Dem. Rep.",COD,2016.0,5.9003701210022,459.765036590388,2.1186900138855,10.1,27.2640800476074,41.7290483782911
"Congo, Dem. Rep.",COD,2020.0,6.37987995147705,486.425572682256,2.62263835311571,14.51049995,27.2640800476074,43.2528602500115
"Congo, Rep.",COG,2000.0,5.24350023269653,1024.30159109181,3.20831990242004,0.0263547320580279,,58.8947380255871
"Congo, Rep.",COG,2001.0,4.20174980163574,854.598314408095,3.20831990242004,0.0322236164306931,,59.4417859130405
"Congo, Rep.",COG,2002.0,3.7616400718689,905.538135544704,3.20831990242004,0.157249517243982,,59.9716066874511
"Congo, Rep.",COG,2003.0,3.79619002342224,1016.82363412143,2.8361599445343,0.460014186837522,,60.4694583791889
"Congo, Rep.",COG,2009.0,5.87968015670776,2271.15219175966,2.8361599445343,4.5,,62.2172294650265
"Congo, Rep.",COG,2011.0,7.95887994766235,3396.16505817952,2.64652978173867,5.6,,62.5597508130231
"Congo, Rep.",COG,2012.0,9.09545040130615,3732.32737320389,2.73923061622047,6.106699944,,62.7187169094345
"Congo, Rep.",COG,2013.0,8.56632041931152,3697.41705884249,5.0138814089415,6.599999905,,62.8682817180686
"Congo, Rep.",COG,2017.0,12.1461896896362,2211.63309874797,4.17235994338989,8.649999619,,63.3544545340423
"Congo, Rep.",COG,2023.0,10.3812103271484,2477.97845544866,3.34005209256916,43.15039825,,63.6626757615625
Costa Rica,CRI,2004.0,25.8056793212891,4431.0117207843,4.89062976837158,20.7923067055542,29.9,63.6596013546005
Costa Rica,CRI,2011.0,44.6711883544922,9276.39107511347,6.37988996505737,39.2121959961842,36.5434799194336,72.8426586679914
Costa Rica,CRI,2012.0,46.6885414123535,10126.9991024177,6.58239984512329,47.5,37.384651184082,73.3895020668217
Costa Rica,CRI,2013.0,47.5057106018066,10803.2401962173,6.68738985061646,45.96,36.4,73.9431776192863
Costa Rica,CRI,2014.0,50.3342781066895,10911.497878334,6.67953014373779,53.0,40.2186393737793,74.4866963181212
Costa Rica,CRI,2015.0,51.2845802307129,11714.7105980732,6.87349987030029,59.7629501371681,37.9914588928223,75.0198195767549
Costa Rica,CRI,2016.0,51.6516418457031,12091.0301606154,6.89395999908447,65.8804491942718,38.2961387634277,75.5423088085047
Costa Rica,CRI,2017.0,54.4492301940918,12317.0902771304,7.06981992721558,71.5816646195022,36.7,76.0539254265608
Costa Rica,CRI,2018.0,52.6140899658203,12590.2493781614,6.76992988586426,73.4797284369906,39.6567306518555,76.5544308439668
Costa Rica,CRI,2019.0,55.0202903747559,12884.6859951989,6.73809003829956,81.2025964435269,38.4,77.0435864735963
Cote d'Ivoire,CIV,2007.0,7.9370698928833,1367.53817722326,3.01614999771118,1.799999952,9.99058935250628,45.930317338965
Cote d'Ivoire,CIV,2008.0,7.48366022109985,1583.97066701372,3.09853005409241,1.899999976,9.99058935250628,46.3620274395029
Cote d'Ivoire,CIV,2009.0,7.18858003616333,1540.45393569596,3.1739399433136,2.0,9.99058935250628,46.7979596502274
Cote d'Ivoire,CIV,2010.0,6.53099472386889,1553.54887048143,3.24651002883911,2.700000048,9.99058935250628,47.2374301523201
Cote d'Ivoire,CIV,2011.0,2.92101759305363,1596.62826565998,2.8657500743866,2.900000095,9.99058935250628,47.6797551269623
Cote d'Ivoire,CIV,2013.0,7.35426503598509,1786.15862031324,3.45859003067017,6.599999905,9.99058935250628,48.5702332186208
Cote d'Ivoire,CIV,2014.0,7.73897659286671,1991.36539423404,3.31416988372803,10.0,14.1761598587036,49.0173144557368
Cote d'Ivoire,CIV,2015.0,8.46433224598306,1814.71855088017,3.49412989616394,38.4400001654616,14.1761598587036,49.4694894689553
Cote d'Ivoire,CIV,2016.0,8.89557845705252,1862.59597081287,3.93593001365662,41.2078149304414,10.2420784852343,49.929991034032
Cote d'Ivoire,CIV,2017.0,9.52488768872621,1964.29930338343,3.73654007911682,43.8399208514876,10.2420784852343,50.3977309654344
Cote d'Ivoire,CIV,2019.0,10.3256981639741,2141.76836170115,3.4130699634552,36.2889545655205,10.2420784852343,51.3514799771241
Cote d'Ivoire,CIV,2020.0,10.2664091345849,2179.72934832935,3.78674006462097,36.01660156,10.2420784852343,51.8357660823651
Cote d'Ivoire,CIV,2021.0,10.7725833415282,2455.98127641148,3.32717990875244,35.95069885,16.8069095611572,52.3183461956059
Cote d'Ivoire,CIV,2022.0,11.1134926507622,2333.37128301259,3.47484993934631,38.41328122,16.8069095611572,52.8492549676673
Cote d'Ivoire,CIV,2023.0,11.5724272130065,2591.9659048119,3.39421010017395,40.65284979,16.8069095611572,53.4075201638704
Cote d'Ivoire,CIV,2024.0,12.3354902267456,2727.8935220697,3.61279988288879,41.43219902,16.8069095611572,53.9733113940142
Croatia,HRV,2001.0,36.3740501403809,5364.83824691607,3.82305002212524,11.5585731811648,59.601978302002,55.6913829056559
Croatia,HRV,2002.0,39.1618309020996,6219.58164143945,3.82305002212524,17.76,59.42094184218,55.6745468592554
Croatia,HRV,2003.0,42.3809814453125,8190.11135193887,3.87019991874695,22.75,59.1926622090778,55.6386960202113
Croatia,HRV,2004.0,44.0762214660645,9718.97322801967,3.82386994361877,30.91,60.1638253315847,55.5890878734365
Croatia,HRV,2005.0,47.2947196960449,10443.5278353294,3.82386994361877,33.13999939,60.8355118436337,55.5307217475444
Croatia,HRV,2006.0,48.5975112915039,11501.2099669894,3.82386994361877,37.97999954,62.2649365189661,55.4685969711483
Croatia,HRV,2007.0,50.530590057373,13755.8321073292,3.96898007392883,41.44,65.222177794672,55.4077128728613
Croatia,HRV,2008.0,52.3514518737793,15888.0606949392,4.2783899307251,44.24,66.2865892220749,55.3530687812969
Croatia,HRV,2009.0,51.9583015441895,14474.6519774194,4.36217021942139,50.58,67.4012668138715,55.3096640250682
Croatia,HRV,2010.0,57.0685997009277,13729.7654965022,4.20651006698608,56.55,67.9429093406412,55.2824979327886
Croatia,HRV,2011.0,59.3388595581055,14691.558296292,4.10584020614624,57.7899789891444,70.7059707641602,55.2773793281248
Croatia,HRV,2012.0,62.0256614685059,13507.7805260991,4.10584020614624,61.9399731527956,71.4543554801919,55.3042888624873
Croatia,HRV,2013.0,66.7111129760742,14134.9474982889,4.50127983093262,66.7476,72.7378831925185,55.3659479687433
Croatia,HRV,2014.0,68.6392517089844,14186.7295493276,4.50127983093262,68.5678992528467,73.2367342524235,55.4591834926844
Croatia,HRV,2015.0,68.4413986206055,12283.7840620053,4.50127983093262,69.8450359238281,73.9317184374003,55.5812594509004
Croatia,HRV,2016.0,69.5889511108398,12820.1653893008,4.50127983093262,72.6972696701463,73.7981942734265,55.7294398599808
Croatia,HRV,2017.0,71.3775863647461,13901.7878144679,3.87207007408142,67.0961920368478,74.7702240518096,55.9009887365155
Croatia,HRV,2018.0,72.8625411987305,15460.3669595491,3.92432999610901,75.2946259897258,75.9294495069669,56.093170097094
Croatia,HRV,2019.0,74.0501174926758,15563.5987295029,3.94555997848511,79.0797836757554,76.7432110062647,56.303247958306
Croatia,HRV,2020.0,74.738037109375,14807.5608543265,4.40854978561401,78.32090004,77.8751961615857,56.5284863367411
Croatia,HRV,2021.0,78.0067901611328,17788.7865816658,4.0916600227356,81.25396608,79.2693838869089,56.7683502560171
Croatia,HRV,2022.0,80.7626724243164,18465.5414420364,4.0916600227356,82.07155532,80.2918126045041,56.9977571733605
Croatia,HRV,2023.0,81.1775207519531,22184.2279304842,4.0916600227356,83.24117599,81.3520408036277,57.2431560672198
Cuba,CUB,2000.0,22.9956703186035,2751.3817714814,7.70481014251709,0.541182548811058,40.3534393310547,75.635383605957
Cuba,CUB,2001.0,26.0719394683838,2842.96704310394,8.3580904006958,1.07975172188907,40.3534393310547,75.887565612793
Cuba,CUB,2002.0,27.423469543457,3005.21104247868,9.57116985321045,3.77058503769014,40.3534393310547,75.8514891112497
Cuba,CUB,2003.0,32.568790435791,3202.78109865637,9.9408597946167,5.2412690536929,40.3534393310547,75.8636638735113
Cuba,CUB,2004.0,52.4411582946777,3399.21962893402,10.2682304382324,8.40798475900703,40.3534393310547,75.917681659226
Cuba,CUB,2005.0,60.115119934082,3786.33799225291,10.5577802658081,9.73806220781346,40.3534393310547,76.0033319545493
Cuba,CUB,2006.0,84.7447280883789,4329.98265964383,9.05716991424561,11.1596013147617,40.3534393310547,76.1121531072403
Cuba,CUB,2007.0,105.017448425293,4807.43888960684,11.8682098388672,11.69,40.3534393310547,76.2356834650585
Cuba,CUB,2008.0,117.163070678711,4986.12436479175,14.0590801239014,12.94,40.3534393310547,76.365461375763
Cuba,CUB,2009.0,113.827087402344,5089.23519757167,13.1248598098755,14.33,40.3534393310547,76.4930251871133
Cuba,CUB,2010.0,93.544739814446,5272.26755824835,12.8373098373413,15.9,40.3534393310547,76.6099132468685
Cuba,CUB,2011.0,78.4791611574931,6104.46105236166,12.8373098373413,16.0172907996413,40.3534393310547,76.707663902788
Cuba,CUB,2012.0,61.3519866952141,6470.83673392653,11.5516604913797,21.20000076,57.4055290222168,76.7776920066844
Cuba,CUB,2013.0,47.9938388668246,6828.36428245396,10.67169596101,27.93,57.4055290222168,76.81640625
Cuba,CUB,2014.0,40.8057214253261,7146.70459051328,9.6074568445536,29.0701843656523,57.4055290222168,76.8442459106445
Cuba,CUB,2015.0,36.7510276842099,7727.91997207998,8.9633578559392,37.3050974155373,57.4055290222168,76.8702850341797
Cuba,CUB,2016.0,35.0523986816406,8110.55874283616,9.01309318032688,42.9786751910106,57.4055290222168,76.9115829467773
Cuba,CUB,2017.0,41.1702416547293,8610.60829605429,8.44413540438793,57.1484043170788,57.4055290222168,76.9603271484375
Cuba,CUB,2018.0,42.3506387045364,8911.46205998726,8.02498461098619,62.6789236230601,57.4055290222168,77.0156326293945
Cuba,CUB,2019.0,44.7791807576091,9232.26115935183,9.04700486137163,67.9708086565152,55.3308181762695,77.0728225708008
Cuba,CUB,2020.0,46.7357262964117,9605.27914559614,11.5248184008093,71.11907507,55.3308181762695,77.1080322265625
Cuba,CUB,2021.0,51.8885571735926,9605.27914559614,9.3858620562531,67.64354869,55.3308181762695,77.0987701416016
Cuba,CUB,2023.0,49.7285704304293,9605.27914559614,9.3858620562531,69.55580139,55.3308181762695,77.1259872296321
Cuba,CUB,2024.0,43.1040700506779,9605.27914559614,9.3858620562531,70.47699738,55.3308181762695,77.1664929228275
Curacao,CUW,2013.0,23.0842005676443,19721.292182955,5.11633014678955,,,91.2938785868797
Cyprus,CYP,2001.0,21.6125202178955,14821.44921875,5.11552000045776,18.8187590408455,54.6698590406431,68.8024068077544
Cyprus,CYP,2002.0,25.1022891998291,16093.2158203125,5.58166980743408,28.32,56.6720118528246,68.7863589370716
Cyprus,CYP,2003.0,31.9552307128906,20252.24609375,6.6702299118042,30.09,56.4413889416798,68.7120973207373
Cyprus,CYP,2004.0,36.0204582214355,23792.619140625,6.11772012710571,33.83,57.1389083862305,68.5908141437316
Cyprus,CYP,2005.0,34.102180480957,24959.26171875,6.28667020797729,32.81,58.6673393249512,68.4340674211981
Cyprus,CYP,2006.0,34.3019485473633,26729.28125,6.33027982711792,35.83,61.2007484436035,68.2534151682801
Cyprus,CYP,2007.0,36.2316017150879,31244.87890625,6.28083992004395,40.77,63.5253410339355,68.0604154001212
Cyprus,CYP,2008.0,40.8491706848145,35397.296875,6.72277021408081,42.31,64.4992599487305,67.8666261318649
Cyprus,CYP,2009.0,47.6964492797852,32236.44921875,7.20547008514404,49.81,63.8221397399902,67.6836053786548
Cyprus,CYP,2010.0,48.311580657959,31105.02734375,6.52559995651245,52.99,65.4537200927734,67.5229111556342
Cyprus,CYP,2011.0,46.5397300720215,32485.798828125,6.52042007446289,56.8598923503507,67.7841033935547,67.3979892758544
Cyprus,CYP,2012.0,45.8635902404785,28991.935546875,6.52042007446289,60.6898684001903,68.9212112426758,67.3010289148738
Cyprus,CYP,2013.0,47.470890045166,27764.73046875,6.46747016906738,65.4548,69.8925476074219,67.2102333625375
Cyprus,CYP,2014.0,52.1083793640137,26993.103515625,6.42111015319824,69.3286967086473,69.4995498657227,67.1230558819804
Cyprus,CYP,2015.0,59.8640594482422,23088.44140625,6.30491018295288,71.7157409175171,69.050651550293,67.0402477918073
Cyprus,CYP,2016.0,68.3754730224609,24280.056640625,6.11811017990112,75.9002054030125,71.1635284423828,66.9625604106231
Cyprus,CYP,2017.0,79.827522277832,26247.44921875,5.69961977005005,80.743188971932,71.8102957503546,66.8907450570326
Cyprus,CYP,2018.0,86.5899276733398,29120.375,5.69961977005005,84.4335825186889,72.9813537597656,66.8255530496405
Cyprus,CYP,2019.0,93.9260711669922,29227.173828125,5.16293001174927,86.0636299618935,73.3406585636693,66.7677357070518
Cyprus,CYP,2020.0,102.390762329102,28130.341796875,5.56462001800537,90.80194644,74.4701614379883,66.7180443478713
Cyprus,CYP,2021.0,106.362930297852,32937.83984375,5.08247995376587,90.75951564,76.4441402590559,66.6718365394971
Cyprus,CYP,2022.0,105.384979248047,33231.04296875,4.74210977554321,89.60099194,77.6551767374596,66.6694829407584
Cyprus,CYP,2023.0,107.26212310791,36623.69140625,4.74210977554321,91.22110357,78.2866909362192,66.6739477522639
Cyprus,CYP,2024.0,120.87727355957,38674.29296875,4.74210977554321,89.60099246,78.2866909362192,66.6824259192483
Czechia,CZE,2001.0,32.0267791748047,6669.07494847497,3.71491003036499,14.6971721171129,79.2367669993301,73.9131752504002
Czechia,CZE,2002.0,36.8876609802246,8101.26018588111,3.9390299320221,23.93,79.2367669993301,73.8360067578753
Czechia,CZE,2003.0,39.2078895568848,9852.45677945801,4.10311985015869,34.3,79.2367669993301,73.7649150201353
Czechia,CZE,2004.0,45.4242782592773,11782.5546676117,3.98130011558533,35.5,79.2367669993301,73.6991647167017
Czechia,CZE,2005.0,49.1181411743164,13442.4916284309,3.86250996589661,35.27,79.2367669993301,73.6375545423198
Czechia,CZE,2006.0,49.8811302185059,15259.0788162004,4.19625997543335,47.93,85.4778289794922,73.578883191735
Czechia,CZE,2007.0,54.1809005737305,18452.6532812196,3.85006999969482,51.93,85.7760925292969,73.5219493596925
Czechia,CZE,2008.0,57.9171714782715,22774.7045076205,3.73207998275757,62.97,86.137077331543,73.4655517409377
Czechia,CZE,2009.0,61.4115715026855,19817.4215836554,4.1553201675415,64.43,87.2494125366211,73.4084890302159
Czechia,CZE,2010.0,64.9327697753906,20160.4355077059,3.99341988563538,68.82,87.9936599731445,73.3495599222723
Czechia,CZE,2011.0,66.7968215942383,22049.1080788682,4.20787000656128,70.49,88.3989562988281,73.2878338394746
Czechia,CZE,2012.0,66.9287719726562,20014.0354015165,4.19049978256226,73.4300078241036,88.5255432128906,73.2249239592898
Czechia,CZE,2013.0,66.3243179321289,20260.4954999375,4.02132987976074,74.1104,89.1595687866211,73.1622186934979
Czechia,CZE,2014.0,67.3959732055664,20038.4163180257,3.93603992462158,74.2317116367383,89.6333618164062,73.0995921041469
Czechia,CZE,2015.0,67.2303619384766,17931.5987670768,5.71913003921509,75.668838699279,89.7707138061523,73.0370442874355
Czechia,CZE,2016.0,67.5056381225586,18753.9686718096,5.50080013275146,76.4811986951838,90.2288589477539,72.9745753395623
Czechia,CZE,2017.0,67.7142181396484,20913.197632212,3.75574994087219,78.7191728513432,90.5752105712891,72.9121853567256
Czechia,CZE,2018.0,66.7902221679688,23705.9329811299,4.21541023254395,80.6881675434288,90.5812617260621,72.8498744351241
Czechia,CZE,2019.0,66.8802185058594,24062.7190013343,4.46737003326416,80.8669444139622,90.6672668457031,72.7876426709563
Czechia,CZE,2020.0,67.1843719482422,23472.8915454417,4.62503004074097,81.33889705,90.9993348123296,72.7254901604208
Czechia,CZE,2021.0,69.8369293212891,27696.4619527544,4.65163993835449,82.67062427,90.849006652832,72.6810594374316
Czechia,CZE,2022.0,70.8145904541016,28282.2236715857,4.30291986465454,84.54009378,91.3589555303177,72.6967638379524
Czechia,CZE,2023.0,66.7282867431641,31761.5944102491,4.30291986465454,85.99404818,91.3880308548045,72.7352388396817
Denmark,DNK,2001.0,61.3673095703125,30768.4775471112,8.21092987060547,42.9575247201878,75.277785193348,85.188307882087
Denmark,DNK,2002.0,64.2234725952148,33257.1622586509,8.20600032806396,64.25,75.277785193348,85.3000030517578
Denmark,DNK,2003.0,68.1712493896484,40519.0974905924,8.10986042022705,76.26,84.2631683349609,85.4199981689453
Denmark,DNK,2004.0,74.9665069580078,46625.050098011,8.1876802444458,80.93,82.2784805297852,85.7130276911593
Denmark,DNK,2005.0,80.8124618530273,48925.8076698784,8.06474018096924,82.74,82.2784805297852,86.0059706832865
Denmark,DNK,2006.0,78.5057678222656,52119.1787984282,7.71623992919922,86.65,74.6938038217694,86.2501288149818
Denmark,DNK,2007.0,78.243293762207,58631.6566433635,7.59683990478516,85.03,75.8241806030273,86.4251464366349
Denmark,DNK,2008.0,74.8606262207031,64616.6657583663,7.441969871521,85.02,78.7898864746094,86.583137512207
Denmark,DNK,2009.0,73.1106262207031,58412.7472358513,8.41279029846191,86.84,72.6581420898438,86.7617653139929
Denmark,DNK,2010.0,72.4951477050781,58104.5445594981,8.55023002624512,88.72,72.2302627563477,86.8652420043945
Denmark,DNK,2011.0,75.9300231933594,61809.737898222,8.47716045379639,89.8100133895232,73.1235580444336,87.1567653955846
Denmark,DNK,2012.0,77.7465515136719,58443.7747103968,7.24570989608765,92.2600117153012,76.0023803710938,87.2336196899414
Denmark,DNK,2013.0,80.4186782836914,61377.5940590412,8.46860980987549,94.6297,76.549072265625,87.5436524760432
Denmark,DNK,2014.0,81.3143615722656,62520.4509747011,7.63833999633789,95.9935053764454,76.8349990844727,87.6823985731907
Denmark,DNK,2015.0,83.300407409668,53094.0133607574,7.63833999633789,96.3305016195436,77.749137878418,87.7254056577329
Denmark,DNK,2016.0,82.1714935302734,54500.9260410217,7.71534013748169,96.9677852516645,78.184440612793,87.6999969482422
Denmark,DNK,2017.0,81.3220062255859,57521.5514992225,7.3700098991394,97.0993621555621,76.1561593865924,88.0161943799509
Denmark,DNK,2018.0,81.1405487060547,61324.7665045565,7.32747983932495,97.3192043651002,79.2777328491211,88.1059762310689
Denmark,DNK,2019.0,81.6945877075195,59404.2663247723,7.27585983276367,98.0464347521549,77.0355227639042,88.2096490810669
Denmark,DNK,2020.0,82.6643295288086,60985.4885601514,7.38574981689453,96.54914573,79.3219375610352,88.2394485473632
Denmark,DNK,2021.0,83.982292175293,69340.7334922138,6.95915985107422,98.8658506,77.7216621761722,88.2616449318149
Denmark,DNK,2022.0,84.5866088867188,67781.0940939514,6.35586023330688,97.86011812,77.638493070176,88.3880239837703
Denmark,DNK,2023.0,81.2308197021484,68043.5466971243,6.35586023330688,98.77559197,78.0609216351925,88.552638542867
Denmark,DNK,2024.0,78.9604110717773,71026.4832271897,6.35586023330688,99.76915157,78.0609216351925,88.6960552688405
Djibouti,DJI,2000.0,0.257360011339188,737.612183644052,9.65999984741211,0.194500528399956,,73.3486361649708
Djibouti,DJI,2001.0,0.654820024967194,742.133791107063,7.80539989471435,0.343526262964202,,72.8935327252495
Djibouti,DJI,2002.0,0.934469997882843,743.013270420348,8.44758987426758,0.48697170451894,,72.4503357641707
Djibouti,DJI,2003.0,1.14007997512817,764.634465224597,8.88988971710205,0.625940229399888,,72.0304414068997
Djibouti,DJI,2004.0,1.43494999408722,806.261652944964,9.26467037200928,0.781317175068661,,71.6452457786012
Djibouti,DJI,2005.0,2.15187001228333,844.4483573908,8.36588954925537,0.953599989,,71.3061450044404
Djibouti,DJI,2006.0,2.43639993667602,898.464628136774,8.27877998352051,1.269999981,,71.0245352095823
Djibouti,DJI,2007.0,2.70820999145508,969.573220191902,8.40625,1.62,,70.8118125191918
Djibouti,DJI,2008.0,2.89696002006531,1119.15233346969,8.40625,2.26,,70.6793730584341
Djibouti,DJI,2009.0,3.63386988639831,1150.9375857489,8.40625,4.0,,70.6383251554484
Djibouti,DJI,2010.0,3.61855006217956,1213.23352553429,4.49022006988525,6.5,,70.6486554782903
Djibouti,DJI,2011.0,5.16012001037598,1306.34552844977,4.49022006988525,7.0,,70.6776532458676
Dominican Republic,DOM,2003.0,33.6751098632812,2383.26171780393,1.84465003013611,7.89839293716387,25.7,64.426197134766
Dominican Republic,DOM,2012.0,48.6290038507636,6013.81965002603,1.84465003013611,42.32,32.6120910644531,74.2398679969568
Dominican Republic,DOM,2014.0,49.3192689674723,6496.45166971142,3.62243443144513,49.58000183,34.1712112426758,74.1931533822153
Dominican Republic,DOM,2015.0,51.7471143700009,6800.95309395474,3.60400277306673,54.2157663369785,34.8687400817871,74.1372305958285
Dominican Republic,DOM,2016.0,54.498998211862,7160.44200982307,3.85049560792469,63.8708647408206,37.4,74.0506780735522
Dominican Republic,DOM,2017.0,59.9155940980465,7412.71571571512,3.92026752279272,67.5712453277737,37.6,73.926806252977
Dominican Republic,DOM,2020.0,58.7264105314523,7135.22273255899,4.51769850778985,81.61730194,41.9,73.2643793773663
Dominican Republic,DOM,2021.0,56.4690832383051,8527.0754858205,3.58043271614957,85.24298638,42.8,72.9243347395035
Dominican Republic,DOM,2022.0,55.1665311527454,10104.2449349081,3.61088872070271,81.51269675,43.8,72.4203155643711
Dominican Republic,DOM,2023.0,58.2428049803824,10630.431743829,3.7606477375256,86.12689972,44.5,72.3577991823338
Dominican Republic,DOM,2024.0,57.6509476207267,10875.6618443092,3.7606477375256,91.0022446,49.4071197509766,72.4121874752151
Ecuador,ECU,2008.0,38.1871795654297,4194.75750661981,4.65310001373291,18.8,33.225700378418,62.5395521004212
Ecuador,ECU,2012.0,39.2524690384971,5634.08393191094,4.65310001373291,35.1351464545516,37.8762588500977,62.8408732819135
Ecuador,ECU,2013.0,39.7734405802353,6109.29031510341,4.92997980117798,40.279121941,38.6495094299316,62.8837286624122
Ecuador,ECU,2015.0,44.5371492743653,5976.1596805651,5.10570001602173,48.9404337892669,42.2561302185059,62.959188676731
Ecuador,ECU,2018.0,47.3311832253279,6303.91886658338,4.6250260585881,57.5,42.3,63.0433276812321
Ecuador,ECU,2019.0,47.2627814012203,6205.05765246766,4.24576997756958,59.2,42.9,63.0627139714638
Ecuador,ECU,2020.0,56.9066311483682,5463.64515348598,4.26103019714355,70.7,43.3669815063477,63.0773897782521
Ecuador,ECU,2022.0,59.879782344866,6515.58528418336,3.61301994323731,69.71811356,45.4,63.0901835932266
Ecuador,ECU,2023.0,67.8851161961618,6737.84748379638,3.81964993476868,72.6943146,45.9,63.1307729554263
"Egypt, Arab Rep.",EGY,2001.0,27.8922500610352,1295.1374184163,4.94563007354736,0.838945611477604,40.3802604675293,42.7835506765333
"Egypt, Arab Rep.",EGY,2002.0,28.9182395935059,1116.82884626213,4.94563007354736,2.71999971465421,40.3802604675293,42.8347629483917
"Egypt, Arab Rep.",EGY,2003.0,26.0245094299316,1031.27556291284,4.94563007354736,4.03788510706701,40.3802604675293,42.8834685533792
"Egypt, Arab Rep.",EGY,2004.0,27.2862091064453,991.255689145253,4.67072010040283,11.92,40.3802604675293,42.9255593360476
"Egypt, Arab Rep.",EGY,2005.0,28.4127006530762,1105.53920713903,4.79442977905273,12.75,40.3802604675293,42.9569271409488
"Egypt, Arab Rep.",EGY,2006.0,28.3695907592773,1298.97900203124,4.00178003311157,13.66,40.3802604675293,42.9729991680104
"Egypt, Arab Rep.",EGY,2007.0,28.8399200439453,1547.74170735909,3.68460988998413,16.03,40.3802604675293,42.9729666344509
"Egypt, Arab Rep.",EGY,2008.0,28.6861095428467,1896.21594269779,3.76082992553711,18.01,39.1433353272559,42.9608989120873
"Egypt, Arab Rep.",EGY,2009.0,29.2693099975586,2161.63964573927,3.76082992553711,20.0,40.3402716932126,42.9383470624904
"Egypt, Arab Rep.",EGY,2010.0,30.0727383660214,2455.08194645282,3.76082992553711,21.6,43.5075794723397,42.9057175520154
"Egypt, Arab Rep.",EGY,2011.0,25.5901820932158,2590.64384891965,3.76082992553711,25.6,44.0003470754328,42.8634168470177
"Egypt, Arab Rep.",EGY,2012.0,26.2271566255146,2996.0677072015,3.76082992553711,26.4,44.9668456262027,42.8118514138525
"Egypt, Arab Rep.",EGY,2013.0,28.3479816954113,3025.52563552448,3.76082992553711,29.4,44.0942644002008,42.7514277188751
"Egypt, Arab Rep.",EGY,2014.0,29.1134325604942,3133.39102265541,3.76082992553711,33.8946039115275,44.2305609240231,42.6825522284408
"Egypt, Arab Rep.",EGY,2015.0,32.8848991394043,3306.98159414141,3.76082992553711,37.8193834276939,47.3302106410428,42.6056314089048
"Egypt, Arab Rep.",EGY,2016.0,31.8731307983398,3270.6287768197,3.76082992553711,41.2480670885772,47.5332383158435,42.5210717266225
"Egypt, Arab Rep.",EGY,2017.0,33.1018892935221,2395.10333299491,3.76082992553711,44.9502042452857,47.4089584400473,42.4486008687179
"Egypt, Arab Rep.",EGY,2018.0,36.1230010986328,2484.70315630508,3.76082992553711,46.92433676792,49.7118492005103,42.4577177449969
"Egypt, Arab Rep.",EGY,2019.0,33.622825887244,2962.98892023003,3.76082992553711,57.2828663990195,49.7118492005103,42.4812027332648
"Egypt, Arab Rep.",EGY,2020.0,38.773998260498,3511.11381026379,3.76082992553711,71.91420096,49.7118492005103,42.5181534630674
"Egypt, Arab Rep.",EGY,2021.0,35.1185317783157,3827.35415374308,3.76082992553711,72.05599976,52.9199600219727,42.5686062621468
"Egypt, Arab Rep.",EGY,2022.0,36.462230682373,4233.30783744856,3.76082992553711,72.19806556,54.3136582910509,42.6325129008032
"Egypt, Arab Rep.",EGY,2023.0,37.9005584716797,3456.78968456253,3.76082992553711,74.01190186,55.6923702917355,42.7098115041919
"Egypt, Arab Rep.",EGY,2024.0,37.5781274463676,3338.47371395895,3.76082992553711,74.64839935,55.6923702917355,42.8004363938404
"Egypt, Arab Rep.",EGY,2025.0,38.0398346509947,3338.47371395895,3.76082992553711,74.64839935,55.6923702917355,42.8004363938404
El Salvador,SLV,2000.0,19.7553405761719,1982.87093542615,2.8386800289154,1.17739726914477,21.8,56.5638569810457
El Salvador,SLV,2001.0,18.9663391113281,2058.04459070452,2.8386800289154,1.5,22.9,57.4526760394716
El Salvador,SLV,2002.0,19.7187805175781,2115.41187355626,3.242840051651,1.9,23.6,58.3486233966841
El Salvador,SLV,2003.0,20.5764999389648,2207.83089518069,3.13467001914978,2.5,24.8,59.2468576589718
El Salvador,SLV,2004.0,21.6425590515137,2285.68907438892,3.13467001914978,3.2,23.8,60.1425374326239
El Salvador,SLV,2005.0,22.4542694091797,2447.39140845394,3.17785000801086,4.199999809,24.4,61.0308213239291
El Salvador,SLV,2006.0,23.2541999816894,2665.61807194853,3.49298000335693,5.5,20.8798103332519,61.9068679391763
El Salvador,SLV,2007.0,24.743709564209,2830.65693770733,3.60984992980957,6.11,21.5564403533936,62.7676878093683
El Salvador,SLV,2008.0,25.5441799163818,2983.24829577976,4.45810985565185,10.08,24.8010501861572,63.6372503452723
El Salvador,SLV,2009.0,25.9216804504394,2910.18651752011,4.65950012207031,12.11,25.0720996856689,64.5299047495248
El Salvador,SLV,2010.0,26.3151708858206,3040.07300952878,4.04807996749878,15.9,26.6920509338379,65.4327927543162
El Salvador,SLV,2011.0,27.32486420544,3330.60049486653,3.89854001998901,18.89999962,25.3179702758789,66.334413642034
El Salvador,SLV,2012.0,28.0979076272602,3497.91256915509,3.7124400138855,20.3213877242007,26.5747890472412,67.2232666950659
El Salvador,SLV,2013.0,28.2731299038736,3582.26694005169,3.80149006843567,23.1093,26.9873600006104,68.0878511957995
El Salvador,SLV,2014.0,27.5441027812368,3666.01248913873,3.82416009902954,24.7617121459061,30.3,68.9166664266223
El Salvador,SLV,2015.0,27.3929262374809,3790.34089108162,3.90987992286682,26.8026049600572,30.9,69.6982116699219
El Salvador,SLV,2016.0,27.1794802471695,3901.34014965811,3.82523989677429,28.99710083,30.338020324707,70.3990173339844
El Salvador,SLV,2017.0,27.6409104549006,4020.12671373919,3.7252299785614,33.8207289048526,29.6169300079346,71.0856704711914
El Salvador,SLV,2018.0,28.194336537252,4183.54620971358,3.60575008392334,43.79999924,32.8,71.7577209472656
El Salvador,SLV,2019.0,28.5178063545936,4320.11671534627,3.38710999488831,50.4911940673888,33.5802917480469,72.4148941040039
El Salvador,SLV,2020.0,30.9986370324013,3997.19279583709,3.66088008880615,54.60136976,33.6127014160156,73.0570220947266
El Salvador,SLV,2021.0,30.3043325211094,4642.60743101342,3.57766008377075,57.26380157,35.0,73.6838531494141
El Salvador,SLV,2022.0,31.4538910186841,5074.60210221806,3.26848006248474,60.05609894,35.9,74.1465021298679
El Salvador,SLV,2023.0,32.3802636612661,5365.44491399171,3.18734002113342,62.61989975,33.8053207397461,74.6080675149903
El Salvador,SLV,2024.0,32.8347079463918,5579.65969165029,3.31666994094849,66.47769928,33.8053207397461,75.0674905102199
Equatorial Guinea,GNQ,2000.0,1.84452998638153,1487.3165506701,,0.132354665123789,,38.8154587133988
Eritrea,ERI,2000.0,2.00988006591797,314.357396753501,4.0471601486206,0.136711941104496,,34.0983619689941
Eritrea,ERI,2001.0,2.69304990768433,325.409161513593,4.0471601486206,0.157815289303043,,34.3253211975098
Eritrea,ERI,2002.0,2.54442000389099,304.775756465092,3.52390003204346,0.227090137626716,,34.5420799255371
Eritrea,ERI,2004.0,1.97107994556427,426.840947887032,3.14896988868713,0.227090137626716,,34.9324645996094
Eritrea,ERI,2009.0,3.67761993408203,642.92572288007,3.14896988868713,0.540000021,,35.5742034912109
Eritrea,ERI,2010.0,4.35516023635864,539.699512069686,3.14896988868713,0.610000014,,35.6346549987793
Eritrea,ERI,2014.0,4.12871980667114,539.699512069686,3.14896988868713,0.99000001,,35.639720916748
Eritrea,ERI,2015.0,3.51574993133545,539.699512069686,3.14896988868713,1.083699942,,35.591007232666
Eritrea,ERI,2016.0,3.20262002944946,539.699512069686,3.14896988868713,1.177099943,,35.5254287719727
Estonia,EST,2001.0,58.7174797058105,4502.66614992392,5.23217010498047,31.5274897673756,81.8472626472586,67.3926456349791
Estonia,EST,2002.0,61.7471008300781,5343.18310760735,5.433030128479,41.52,81.8472626472586,67.4090870965661
Estonia,EST,2003.0,64.2222671508789,7205.40703313243,5.27171993255615,45.32,82.8214206534403,67.4341760348669
Estonia,EST,2004.0,65.7773971557617,8916.0728274602,4.87566995620728,53.2,83.7242934831737,67.467351453949
Estonia,EST,2005.0,67.9843521118164,10414.6381183565,4.80935001373291,61.45,85.2033229882456,67.5080523578799
Estonia,EST,2006.0,68.7950820922852,12641.4800976473,4.80935001373291,63.51,84.9207305908203,67.5557177507269
Estonia,EST,2007.0,68.8220596313477,16745.4308011148,4.6196699142456,66.19,85.6972579956055,67.6097866365576
Estonia,EST,2008.0,67.8356094360352,18205.9064113446,5.48375988006592,70.58,85.3210983276367,67.6696980194394
Estonia,EST,2009.0,67.8494186401367,14712.4494217916,5.9597601890564,72.5,85.6841125488281,67.7348909034398
Estonia,EST,2010.0,68.7101593017578,14663.7041018705,5.51753997802734,74.1,86.4620971679688,67.8048042926262
Estonia,EST,2011.0,71.0235290527344,17555.5455239426,4.99514007568359,76.5,86.5545501708984,67.8775556334506
Estonia,EST,2012.0,72.9364700317383,17568.2137969714,4.67340993881226,78.3899259259259,87.2545623779297,67.9629593320316
Estonia,EST,2013.0,75.4523162841797,19310.3874900757,4.78006982803345,80.0043,88.4385375976562,68.0923458296768
Estonia,EST,2014.0,76.2024536132812,20581.7898991695,4.32586002349854,84.2415280294352,85.9455490112305,68.2668382808032
Estonia,EST,2015.0,74.5832824707031,17722.1557669523,5.05127000808716,88.4097035040431,86.5550918579102,68.4796609690553
Estonia,EST,2016.0,73.0334320068359,18666.3736521706,5.05511999130249,87.2402327514547,86.8937530517578,68.724038178078
Estonia,EST,2017.0,72.1369781494141,20851.5223496861,4.86288022994995,88.1024568740199,86.9619216918945,68.9931941915158
Estonia,EST,2018.0,72.0659637451172,23618.1361254581,5.13962984085083,89.3570077747426,87.6303024291992,69.2803532930133
Estonia,EST,2019.0,72.7060317993164,24021.2501413306,5.16415023803711,90.2289281997919,87.6303024291992,69.5787397662154
Estonia,EST,2020.0,72.0443572998047,23933.9939421065,5.44180011749268,89.05828666,85.7552032470703,69.8815778947665
Estonia,EST,2021.0,73.1502075195312,27951.1659277744,5.21514987945557,90.97970174,84.7481689453125,70.1777274135822
Estonia,EST,2022.0,71.4251937866211,28340.3826549406,5.20733976364136,91.52016546,86.4713100533557,70.4892333736738
Estonia,EST,2023.0,67.6179275512695,30264.0064885057,5.20733976364136,93.18342241,86.6171537463114,70.6770085523126
Estonia,EST,2024.0,65.6692276000977,31428.3547816104,5.20733976364136,92.23796204,86.6171537463114,70.6981161541961
Eswatini,SWZ,2000.0,4.26582002639771,1629.67038842815,5.50848007202148,0.926191777269401,,22.8409330761997
Eswatini,SWZ,2002.0,4.41731977462769,1315.73634647994,4.44086980819702,1.81620380712642,,22.5690884303038
Eswatini,SWZ,2004.0,5.39188003540039,2525.5640452625,5.40160989761353,3.22868507316111,,22.3077107838089
Eswatini,SWZ,2005.0,4.7824501991272,2871.06877437449,6.48462009429932,3.697000027,,22.2102447619336
Eswatini,SWZ,2006.0,4.6042799949646,2964.95865200682,6.55475997924805,3.69653878906882,,22.1505527018245
Eswatini,SWZ,2011.0,7.02840092827937,4225.06049411911,6.86432981491089,18.13,,22.4634753665393
Eswatini,SWZ,2013.0,6.43545771863543,3949.94310039907,5.08461029694871,24.70000076,,22.8121644356992
Ethiopia,ETH,2000.0,1.17114996910095,122.269202606069,3.88614988327026,0.0152637672082567,4.84484068131152,14.9193096160889
Ethiopia,ETH,2001.0,1.47605001926422,118.457204255261,3.7002899646759,0.0371623810686744,4.84484068131152,15.1177673339844
Ethiopia,ETH,2002.0,1.68374001979828,109.593813612988,3.63245010375977,0.0724022618698295,4.84484068131152,15.333233833313
Ethiopia,ETH,2003.0,2.40167999267578,116.800491132777,3.63245010375977,0.105811658802603,4.84484068131152,15.5438537597656
Ethiopia,ETH,2004.0,2.72982001304627,133.169812538096,3.63245010375977,0.155334520794722,4.84484068131152,15.7585906982422
Ethiopia,ETH,2005.0,2.94167995452881,158.243458082465,3.63245010375977,0.219659818999505,4.84484068131152,15.982967376709
Ethiopia,ETH,2008.0,3.53211998939514,316.410475118075,5.40819978713989,0.449999988,4.84484068131152,16.7936706542969
Ethiopia,ETH,2009.0,5.09216022491455,368.574712267445,4.42207002639771,0.540000021,4.84484068131152,17.1511001586914
Ethiopia,ETH,2010.0,6.96482992172241,330.619412798644,4.49659013748169,0.75,4.84484068131152,17.4937839508057
Ethiopia,ETH,2011.0,7.27566003799438,343.024942351887,5.4857702255249,1.100000024,8.83605003356934,17.863790512085
Ethiopia,ETH,2012.0,7.62416982650757,452.101031885754,5.56677007675171,2.900000095,8.83605003356934,18.2061367034912
Ethiopia,ETH,2014.0,5.9192507771213,549.986577082588,4.60201978683472,7.699999809,8.83605003356934,19.0262870788574
Euro area,EMU,2000.0,54.636791229248,20039.4002655128,4.58325004577637,,,73.6205869309853
Euro area,EMU,2001.0,56.2347106933594,20289.6505275093,5.23217010498047,,,73.8745634126226
Euro area,EMU,2002.0,57.7058181762695,22047.2795660791,5.02388501167297,,,74.0639844263158
Euro area,EMU,2003.0,59.5358581542969,27010.5876151819,5.06332993507385,,,74.225898135006
Euro area,EMU,2004.0,61.2149200439453,30803.286099919,5.0411901473999,,,74.3766855702146
Euro area,EMU,2005.0,62.4031982421875,31781.6618833533,4.97546482086181,,,74.5352220090069
Euro area,EMU,2006.0,63.1356391906738,33646.2303491169,4.92629504203796,,,74.6858266193059
Euro area,EMU,2007.0,63.1724586486816,38544.2258256115,4.78697991371155,,,74.8135154665053
Euro area,EMU,2008.0,63.1868896484375,42172.9388150163,5.0658848285675,,,74.9146557887777
Euro area,EMU,2009.0,63.742259979248,38464.1586390033,5.62079000473022,,,75.0384089140619
Euro area,EMU,2010.0,65.1743316650391,37491.6114073082,5.43067002296448,,,75.1951485291125
Euro area,EMU,2011.0,66.5702667236328,40569.5862836129,5.19892978668213,,,75.3067945322961
Euro area,EMU,2012.0,67.2605895996094,37481.4502473034,5.1546049118042,,,75.4687025194882
Euro area,EMU,2013.0,67.9843521118164,39097.5925470426,5.24852991104126,,,75.683369177995
Euro area,EMU,2014.0,69.9664688110352,39979.3009314013,5.12005996704102,,,75.8697574138535
Euro area,EMU,2015.0,71.4340972900391,34471.1747135027,4.92477488517761,,,76.0823620934604
Euro area,EMU,2016.0,72.2064819335938,35228.4854539428,4.8338451385498,,,76.3490742080358
Euro area,EMU,2017.0,73.6193008422852,37243.5651015997,4.80105996131897,,,76.4737406464159
Euro area,EMU,2018.0,74.7783737182617,40107.5362854643,4.6793999671936,,,76.6346252265652
Euro area,EMU,2019.0,76.0138626098633,39220.5136743355,4.78115510940551,,,76.8077280588719
Euro area,EMU,2020.0,76.9254837036133,38236.5543048506,5.29139995574951,,,76.9231896657797
Euro area,EMU,2021.0,79.9525680541992,42984.5697414154,5.08247995376587,,,77.0333277900748
Euro area,EMU,2022.0,81.6640472412109,41608.7123275598,4.96064496040344,,,77.1544577812445
Euro area,EMU,2023.0,81.8938369750977,45330.1093015768,4.96064496040344,,,77.2759599495269
Euro area,EMU,2024.0,81.8938369750977,46945.4188234427,4.96064496040344,,,77.4022582866534
Fiji,FJI,2003.0,14.7718696594238,2655.58079586044,6.20915985107422,6.72543473821551,44.5563583374023,49.1260494882891
Fiji,FJI,2004.0,14.5726699829102,3097.19096651759,6.20915985107422,7.4129434854202,44.5563583374023,49.4772922157817
Fiji,FJI,2005.0,14.4559001922607,3377.69126953493,5.16705989837646,8.45363663371359,44.5563583374023,49.8421361321385
Fiji,FJI,2014.0,69.4327641990718,5293.35676680464,3.76960923580896,37.40000153,44.5563583374023,54.0838287543856
Fiji,FJI,2015.0,68.4167953525995,5097.53106864695,4.80931781024695,42.5,44.5563583374023,54.6234188083653
Fiji,FJI,2016.0,77.5601234063116,5363.79026679243,4.83590249175322,49.41999817,44.5563583374023,55.1734720973874
Fiji,FJI,2017.0,82.343551650893,5826.84814459328,4.65119160575452,53.6473999,44.5563583374023,55.7408343449609
Fiji,FJI,2018.0,79.1464225438552,6085.41979485376,4.79706049383602,58.2364006,44.5563583374023,56.2328347385698
Fiji,FJI,2019.0,77.5562006170027,5842.07344577597,5.15273175975853,63.21789932,44.5563583374023,56.70989552257
Fiji,FJI,2020.0,83.7613654490349,4620.6457238014,5.80519512902055,68.62560272,44.5563583374023,57.186684691874
Fiji,FJI,2021.0,76.7030156165859,4536.73312110335,4.8526862712935,70.56800079,44.5563583374023,57.6618364761928
Fiji,FJI,2022.0,68.7794855157684,5414.12092119088,3.93839539074194,72.56549835,44.5563583374023,58.1352701465266
Fiji,FJI,2023.0,60.9679066767014,5926.20586394763,4.24679790890603,74.1160965,44.5563583374023,58.6069049738768
Fiji,FJI,2024.0,75.0089752283697,6425.74151715712,4.24679790890603,74.7052002,44.5563583374023,59.0766602292457
Finland,FIN,2001.0,85.9510498046875,24965.202996776,5.84084987640381,43.1053633522263,64.7408727989187,67.4982392821958
Finland,FIN,2002.0,86.788932800293,26989.389260959,6.01865005493164,62.43,64.7408727989187,67.7951641569199
Finland,FIN,2003.0,88.286979675293,32920.0857192568,6.168869972229,69.22,64.3962936401367,68.0425549126858
Finland,FIN,2004.0,90.1379318237305,37768.1334202029,6.15823984146118,72.39,67.0293155369584,68.2766596767133
Finland,FIN,2005.0,91.9409408569336,39049.8703780223,6.02582979202271,74.48,66.1979904174805,68.5140529517604
Finland,FIN,2006.0,93.4309921264648,41214.0187765069,5.92960977554321,79.66,67.1308517456055,68.7588279849327
Finland,FIN,2007.0,95.0834808349609,48473.0240091455,5.67164993286133,80.78,67.968391418457,69.0200377316963
Finland,FIN,2008.0,95.8668518066406,53769.4726240385,5.83046007156372,83.67,68.7850875854492,69.2943672196361
Finland,FIN,2009.0,92.0154724121094,47478.3495310999,6.45998001098633,82.49,69.6325378417969,69.546259966947
Finland,FIN,2010.0,93.1867599487305,46506.2919016566,6.504310131073,86.89,70.4480590820312,69.7855798796947
Finland,FIN,2011.0,93.2884292602539,51060.3242589767,6.45624017715454,88.70999491353,71.2015533447266,70.0583261874252
Finland,FIN,2012.0,91.5533828735352,47551.6740841369,7.1715497970581,89.879997974222,71.953727722168,70.3661363168712
Finland,FIN,2013.0,91.2365264892578,49691.0145200739,7.15288019180298,91.5144,72.8120803833008,70.6742118159277
Finland,FIN,2014.0,89.9938812255859,50073.7760815871,7.13832998275757,86.5303927529377,73.5687713623047,70.9879168940753
Finland,FIN,2015.0,89.6573791503906,42560.3456767103,7.07199001312256,86.4221333325445,74.0170669555664,71.3054930040604
Finland,FIN,2016.0,89.3280029296875,43451.2562442158,6.90873003005981,87.7036499599455,79.2824044314709,71.6158383428171
Finland,FIN,2017.0,90.6983871459961,46085.0174739036,6.40826988220215,87.4689290730615,75.5235595703125,71.9563038312956
Finland,FIN,2018.0,92.3850021362305,49654.2497035329,6.31771993637085,88.8899599985585,80.5879813171853,72.3423467740343
Finland,FIN,2019.0,94.5891189575195,48358.1807773701,6.45300006866455,89.6073851129779,77.4507217407227,72.7431214358314
Finland,FIN,2020.0,96.4726333618164,48828.6846862799,6.6812801361084,92.17027106,82.2440854646059,73.0849439791673
Finland,FIN,2021.0,100.868072509766,53099.1351400148,6.58820009231567,92.80806082,80.9304580688477,73.3710215780329
Finland,FIN,2022.0,104.944221496582,50440.560224974,6.37578010559082,92.98879471,81.4098120073436,73.6967597835949
Finland,FIN,2023.0,108.130409240723,52834.2916752703,6.37578010559082,93.51385075,82.0747215050785,74.0062548602828
Finland,FIN,2024.0,110.304496765137,53149.7671934051,6.37578010559082,93.72405196,82.0747215050785,74.2637190463636
France,FRA,2001.0,50.4472885131836,22331.7948343036,5.46482992172241,26.3259035521688,54.0097701514293,76.9074413607811
France,FRA,2002.0,50.2516899108887,24144.5727019529,5.46482992172241,30.18,54.8652810589949,77.2543866607525
France,FRA,2003.0,52.3169784545898,29479.5222101175,5.46482992172241,36.14,55.9803302158916,77.4691216035138
France,FRA,2004.0,53.4576301574707,33644.9282220364,5.46482992172241,39.15,55.6975784301758,77.4900500011961
France,FRA,2005.0,53.8823318481445,34696.3718316971,5.46482992172241,42.87,56.5906105041504,77.4363315105438
France,FRA,2006.0,53.8754196166992,36431.5658906555,5.46482992172241,46.87,54.1190123030074,77.3467240068648
France,FRA,2007.0,52.9475402832031,41486.1907828787,5.46482992172241,66.09,59.4229507446289,77.2457976606157
France,FRA,2008.0,52.4755210876465,45464.8181385158,5.46482992172241,70.68,60.3495597839355,77.1561901569367
France,FRA,2009.0,52.7731018066406,41728.0884164132,5.46482992172241,71.58,60.4208717346191,77.1005391809676
France,FRA,2010.0,54.881721496582,40694.8211697025,5.46482992172241,77.28,61.8988800048828,77.0962844808803
France,FRA,2011.0,55.6257286071777,43929.7840873812,5.46482992172241,77.8199989926706,62.7715682983398,77.1182717387509
France,FRA,2012.0,57.9090118408203,40863.5814412333,5.46482992172241,81.44,63.7497215270996,77.1669464919916
France,FRA,2013.0,59.8487586975098,42669.1795111893,5.46482992172241,81.9198,66.3351593017578,77.2440721470918
France,FRA,2014.0,61.5104789733887,43148.0459288416,5.46482992172241,83.7510996681821,68.5302200317383,77.3524296788613
France,FRA,2015.0,62.7859306335449,36702.4323733379,5.46482992172241,78.0060377071902,69.4374313354492,77.7610919150066
France,FRA,2016.0,64.7276763916016,37024.2157133669,5.46482992172241,79.2698113207547,69.6656265258789,78.5999114705779
France,FRA,2017.0,65.8022308349609,38687.1626407164,5.46482992172241,80.5024597243607,70.0754928588867,78.6467804026368
France,FRA,2018.0,67.5435180664062,41418.1766484844,5.42540979385376,82.0431867788484,71.153117074531,78.6714432536599
France,FRA,2019.0,67.7331314086914,40408.2848574751,5.36638021469116,83.3397440866883,72.1873474121094,78.6890784549356
France,FRA,2020.0,68.8709411621094,39169.8606000707,5.65871000289917,84.70639801,73.3635315888032,78.7119131765249
France,FRA,2021.0,69.9397888183594,43725.0999521245,5.41743993759155,86.09548575,76.7527928388629,78.7364603392338
France,FRA,2022.0,71.5107269287109,40988.6396406579,5.32434988021851,85.33331734,77.6175811257937,78.7591921123356
France,FRA,2023.0,70.4536437988281,44700.1384177544,5.32434988021851,86.83635789,78.0396655209166,78.7804323126547
France,FRA,2024.0,71.5346908569336,46103.0840855884,5.32434988021851,88.65381638,78.0396655209166,78.7999750964116
Gabon,GAB,2001.0,7.45746994018555,3835.75718279727,,1.34762022159633,,80.4090993437448
Gabon,GAB,2003.0,7.65526008605957,4710.74862768151,,2.65958659385985,,81.9970830091574
"Gambia, The",GMB,2004.0,1.07393002510071,593.285346326581,0.622470021247864,3.30800347812937,,51.5062022597801
"Gambia, The",GMB,2010.0,1.79782111896994,801.033372714536,2.56322002410889,9.2,,56.0110896605662
"Gambia, The",GMB,2011.0,2.79681586845883,710.608411468152,2.50116991996765,10.87030029,,56.6696692994225
"Gambia, The",GMB,2012.0,1.18089454395552,692.579361628102,2.63756990432739,12.44919968,,57.3207304207091
"Gambia, The",GMB,2024.0,13.4765901565552,871.340291776294,2.63756990432739,49.49430084,,64.2994103409645
Georgia,GEO,2000.0,40.6597099304199,749.908534993961,2.18105006217956,0.484746298540492,83.6632766723633,52.4935999592259
Georgia,GEO,2001.0,41.7714691162109,801.98383707929,2.13750004768372,0.992344436138154,83.6632766723633,52.4098165040349
Georgia,GEO,2002.0,44.0944595336914,853.526171868939,2.23501992225647,1.58787562980332,83.6632766723633,52.4127676027039
Georgia,GEO,2003.0,45.2726097106934,1010.03151630868,2.06559991836548,2.55881648068489,83.6632766723633,52.5144705663341
Georgia,GEO,2004.0,44.4988403320312,1305.04748557208,2.91420006752014,3.88622135350273,83.6632766723633,52.7173199317225
Georgia,GEO,2005.0,49.7896995544434,1642.78359414797,2.48431992530823,6.079500198,83.6632766723633,53.0036280624359
Georgia,GEO,2006.0,42.33203125,1996.02013272284,3.00364995002747,7.52687684487832,83.6632766723633,53.3593916521584
Georgia,GEO,2007.0,41.5539588928223,2635.36650276116,2.69687008857727,8.26,83.6632766723633,53.7706073945741
Georgia,GEO,2008.0,38.640739440918,3324.7537205015,2.9195499420166,10.01000023,83.6632766723633,54.2232719833673
Georgia,GEO,2009.0,28.6668605804443,2822.68939668797,3.22237992286682,20.06999969,83.6632766723633,54.7033821122222
Georgia,GEO,2010.0,32.7360912804725,3281.72930937343,2.76179333360622,26.9,83.6632766723633,55.1969344748228
Georgia,GEO,2011.0,35.9205541584628,4119.66818307193,2.5149199962616,31.52000046,83.6632766723633,55.6899257648533
Georgia,GEO,2012.0,33.6164699594408,4530.69533409431,1.86033999919891,36.93999863,90.9254989624023,56.1683526759979
Georgia,GEO,2013.0,40.5870663959566,4712.00229382665,2.8330966857175,43.3,92.2256460791917,56.6182119019407
Georgia,GEO,2014.0,46.3290537874173,4830.33486170249,2.94113947736272,49.1024547144647,92.0671615600586,57.0237612994258
Georgia,GEO,2015.0,51.9050659422441,4086.6223465965,3.10870368877345,47.5697596438736,93.5209496140226,57.3803800455672
Georgia,GEO,2016.0,58.1988080034057,4143.40125686315,3.52338004112244,58.4592896118725,93.4507904052734,57.6984032005062
Georgia,GEO,2017.0,63.535040959252,4418.75206546679,3.52442002296448,59.7055045962571,92.4962997436523,57.9996827205757
Georgia,GEO,2018.0,66.747813990461,4804.0546040444,3.46094989776611,62.7179081974285,92.3965398062412,58.3038181862576
Georgia,GEO,2019.0,69.6463934713126,4741.2832715876,3.82985997200012,68.8467135616978,92.1729507446289,58.6304091780343
Georgia,GEO,2020.0,71.8064531290391,4300.85701291207,3.80951130708125,72.53157487,92.48141173712,58.9990552763878
Georgia,GEO,2021.0,77.2303110681266,5083.60695484577,3.59441995620727,76.4427093,92.5888211045913,59.4293560618005
Georgia,GEO,2022.0,79.3253367493498,6729.84659930283,3.75498008728027,78.71127536,92.8601684570312,60.0101622679115
Georgia,GEO,2023.0,78.2652247393707,8283.66960652261,3.70918011665344,81.88425624,92.5722427368164,60.7523077799724
Georgia,GEO,2025.0,89.4861221313477,8283.66960652261,3.70918011665344,81.88425624,92.5722427368164,60.7523077799724
Germany,DEU,2013.0,60.8984489440918,47206.8353514242,4.83911991119385,84.17,82.3082504272461,80.4732318400362
Germany,DEU,2014.0,65.1844787597656,48959.5991203133,4.82582998275757,86.1937006578756,82.9972076416016,80.57574023743
Germany,DEU,2015.0,68.23291015625,41929.7549110722,4.76157999038696,87.5897993525767,83.083366394043,80.6974371632814
Germany,DEU,2016.0,67.9464111328125,42948.9381932694,4.76321983337402,84.1652066441212,83.0064163208008,80.8347870684725
Germany,DEU,2017.0,68.4692306518555,45553.9341495339,4.77830982208252,84.3941537010844,83.6649584098387,80.9842544038853
Germany,DEU,2018.0,69.1634292602539,48916.1686612154,4.88401985168457,87.037112092841,83.4613037109375,81.1423036204018
Germany,DEU,2019.0,72.705078125,47656.199739747,5.02757978439331,88.1345169091916,84.3155578699176,81.3053991689039
Germany,DEU,2020.0,72.3894195556641,47394.8734504469,5.51600980758667,89.81294133,83.6961288452148,81.4700055002738
Germany,DEU,2021.0,75.6655426025391,52349.2459994422,5.36734008789062,91.43060973,81.6805888379566,81.6325870653934
Germany,DEU,2022.0,77.3656997680664,50506.5179638543,5.23916006088257,91.62984383,81.4180852571742,81.7867852780995
Germany,DEU,2023.0,78.5947494506836,54776.7668235491,5.23916006088257,92.4763763,81.86753991238,81.9034366692129
Germany,DEU,2024.0,76.7096862792969,56103.7323182554,5.23916006088257,93.49999579,81.86753991238,82.0211432579125
Ghana,GHA,2005.0,5.35099983215332,478.611909191028,7.42208003997803,1.83119746104616,12.3958664391576,47.4528437795757
Ghana,GHA,2006.0,4.7728099822998,906.441027564887,5.14794015884399,2.72317597313987,12.3958664391576,48.1388926229785
Ghana,GHA,2007.0,5.92381000518799,1050.12461524926,5.51986980438232,3.85,12.3958664391576,48.8125122665918
Ghana,GHA,2008.0,7.91365003585815,1182.65761256016,5.75795984268188,4.27,12.3958664391576,49.4708679942306
Ghana,GHA,2009.0,8.29780006408691,1047.70430093586,5.31744003295898,5.44,12.3958664391576,50.1111250897099
Ghana,GHA,2011.0,11.2824466895305,1507.43573198753,8.14097023010254,9.0,12.3958664391576,51.3304086646488
Ghana,GHA,2012.0,11.4938894891938,1543.77524235764,7.91913986206055,10.6,12.3958664391576,51.9197918381031
Ghana,GHA,2013.0,13.4205396326832,2294.79584693743,4.57644987106323,15.0,18.847842111156,52.4985794475913
Ghana,GHA,2014.0,15.0809451652103,1949.90832923846,4.39978981018066,19.0,18.847842111156,53.0663398797148
Ghana,GHA,2015.0,15.5618871637579,1722.77282833606,4.43404006958008,23.0,22.0841406835318,53.6226415210752
Ghana,GHA,2016.0,15.606270735823,1912.47991339951,4.3945198059082,28.0,22.0841406835318,54.167052758274
Ghana,GHA,2017.0,16.2065694246062,2012.28662641265,3.53362989425659,37.88420105,15.5985603332519,54.6991419779128
Ghana,GHA,2018.0,15.9045597520982,2195.32166016377,3.8861300945282,43.0,15.5985603332519,55.218477566593
Ghana,GHA,2019.0,17.3607250095097,2186.65822682613,3.15307114842573,22.0732,15.5985603332519,55.7246279109161
Ghana,GHA,2020.0,18.6139938594155,2195.45481659987,3.40915991351725,62.51760101,15.5985603332519,56.2171613974837
Ghana,GHA,2021.0,19.2005186528071,2445.18662529344,3.4005042684722,68.6,23.7084903717041,56.6952556826536
Ghana,GHA,2022.0,20.44559258931,2229.89122647803,2.90963831638452,69.91329956,23.1625595092773,57.250609602871
Ghana,GHA,2023.0,22.0958254757285,2383.90410483418,2.90963831638452,70.67430115,23.1643104553223,57.8074737774654
Ghana,GHA,2024.0,21.330810546875,2390.77237652715,2.90963831638452,72.17569733,22.6140899658203,58.3654868038581
Greece,GRC,2000.0,52.6726303100586,11638.2010697215,3.35086011886597,9.13883730776798,42.5047135841339,72.665642910984
Greece,GRC,2001.0,59.9249114990234,12156.9572824221,3.47308993339539,10.9350258080278,42.9300169170428,72.8460703788502
Greece,GRC,2002.0,66.8908386230469,13782.195640943,3.52255010604858,14.67,44.2262010712222,73.0977109642516
Greece,GRC,2003.0,72.9116668701172,18020.612039764,3.52407002449036,17.8,45.6992788572316,73.432268024093
Greece,GRC,2004.0,80.4148406982422,21449.2552764245,3.76059007644653,21.42,48.1460266757448,73.8267602923728
Greece,GRC,2005.0,90.3474731445312,22054.1315756886,4.0549201965332,24.0,48.9836807250977,74.2617376694311
Greece,GRC,2006.0,95.0775375366211,24416.0232970275,4.0549201965332,32.25,52.9032592773438,74.717750055608
Greece,GRC,2007.0,90.5404281616211,28440.7625328955,4.0549201965332,35.88,52.171630859375,75.1753473512439
Greece,GRC,2010.0,101.694053649902,26653.0488008626,4.0549201965332,44.4,53.662281036377,76.3631476983077
Greece,GRC,2011.0,105.812690734863,25504.7866510124,4.0549201965332,51.6499951676815,54.7030526654889,76.6352609929407
Greece,GRC,2012.0,110.122978210449,21624.346052551,4.0549201965332,55.0699934418411,55.6021568733287,76.8679797449322
Greece,GRC,2013.0,112.705833435059,21573.3449762805,4.0549201965332,59.8663,56.8320402190321,77.0951999650171
Greece,GRC,2014.0,119.104209899902,21474.7257123892,4.0549201965332,63.2073404784561,56.2749290466309,77.3130486275866
Greece,GRC,2016.0,131.403213500977,17919.2426377048,4.0549201965332,69.0879154723892,54.6379585266113,77.7122988766348
Greece,GRC,2017.0,135.333923339844,18631.9930129293,3.46778011322021,69.8929706543154,59.9743137105094,77.8895342613411
Greece,GRC,2018.0,140.950317382812,19873.4015238771,3.57626008987427,72.2383733920483,60.8410897947138,78.0490656849874
Greece,GRC,2019.0,143.96272277832,19335.3602002969,3.55062007904053,75.6712066931757,63.7433566329741,78.1888100466875
Greece,GRC,2020.0,143.693344116211,17886.733165236,3.55062007904053,78.11584474,65.2687072753906,78.3066842455552
Greece,GRC,2021.0,150.605484008789,20654.7001960815,3.55062007904053,78.49426371,67.1153373107718,78.3884898647442
Greece,GRC,2022.0,166.389556884766,20886.5243087629,3.37547993659973,83.17066333,68.6307355962189,78.5502190980809
Greece,GRC,2023.0,165.113418579102,23343.7103964562,3.37547993659973,85.0102229,68.8763094608987,78.7746303842088
Grenada,GRD,2009.0,56.8550796508789,6932.56472176781,4.23861035989182,24.04999924,44.1853456988204,35.8877990260417
Grenada,GRD,2015.0,96.7931289672852,8694.12438005692,4.23861035989182,52.5,44.1853456988204,35.9319491111708
Grenada,GRD,2016.0,96.7951431274414,9221.23461079424,4.23861035989182,53.29999924,44.1853456988204,35.9706014181883
Grenada,GRD,2017.0,98.6993408203125,9751.42661155932,3.17379999160767,54.20000076,44.1853456988204,36.0173296416579
Grenada,GRD,2018.0,99.9891967773438,10083.021279225,3.55919341882594,61.42459869,44.1853456988204,36.0720421424532
Guatemala,GTM,2002.0,9.50201988220215,1669.33517469705,3.08809995651245,3.39174627024502,13.2824802398682,45.7754731938848
Guatemala,GTM,2007.0,17.2977504730225,2458.81573919384,3.08809995651245,7.300000191,13.2824802398682,49.4565105053665
Guatemala,GTM,2009.0,15.0972604751587,2611.64632773352,3.08809995651245,9.300000191,13.2824802398682,50.7420420912045
Guatemala,GTM,2010.0,15.752311204905,2805.25960237322,2.84864997863769,10.5,12.7658701289654,51.3270380592706
Guatemala,GTM,2011.0,16.4344375204985,3168.98370607705,2.96865010261536,12.30000019,12.7658701289654,51.8657469899423
Guatemala,GTM,2012.0,16.8753678874298,3286.61959336267,3.00524997711182,16.0,17.6471290588379,52.3523385176
Guatemala,GTM,2013.0,19.5737030720879,3444.15802275864,2.88808989524841,19.70000076,19.3541507720947,52.7809822766245
Guatemala,GTM,2014.0,18.255292159465,3689.14510410202,2.98563003540039,23.39999962,26.5997295379639,53.1458479013964
Guatemala,GTM,2015.0,21.9573684260954,3893.50533299068,3.03032994270325,28.80590057,15.106499671936,53.4411050262961
Guatemala,GTM,2019.0,22.559501429793,4511.99839552697,3.19297003746033,44.401049838502,24.0180892944336,54.1882267267974
Guatemala,GTM,2023.0,27.2948879201171,5758.32760847852,3.10877990722656,56.72669983,33.1,55.6082319565539
Guinea,GIN,2004.0,2.29848003387451,584.897740538081,1.5156899690628,0.508819332302937,6.74415016174316,32.1032575610216
Guinea,GIN,2005.0,3.08171010017395,463.17768685098,1.26814997196198,0.542299986,6.74415016174316,32.3962712159907
Guinea,GIN,2006.0,5.37415981292725,446.980554135013,1.26814997196198,0.637499988,6.74415016174316,32.6868093037822
Guinea,GIN,2007.0,8.27204990386963,650.148575304743,1.26814997196198,0.780025279059244,6.74415016174316,32.9740386596386
Guinea,GIN,2008.0,9.32559967041016,703.532825784369,1.58112001419067,0.92,6.74415016174316,33.2571261188022
Guinea,GIN,2009.0,9.34879016876221,662.185914665575,2.20725011825561,0.94,6.74415016174316,33.5352385165154
Guinea,GIN,2010.0,10.5439796447754,659.235326211315,2.55118989944458,1.0,6.74415016174316,33.8075426880206
Guinea,GIN,2011.0,10.6184597015381,636.694958747648,2.28742003440857,2.0,6.74415016174316,34.0732054685603
Guinea,GIN,2012.0,10.0085697174072,699.353377212197,1.83369994163513,3.099999905,6.74415016174316,34.3313936933767
Guinea,GIN,2013.0,10.4364004135132,748.455020824734,2.63421988487244,4.5,6.74415016174316,34.5812741977122
Guinea,GIN,2014.0,10.8547201156616,765.146999389279,2.42281007766724,6.400000095,6.74415016174316,34.8177920826682
Guinea-Bissau,GNB,2005.0,2.26420998573303,463.073962650452,,1.90139997,,38.3801443659997
Guinea-Bissau,GNB,2006.0,2.62031006813049,448.513075469701,,2.057199955,,38.6871193165452
Guyana,GUY,2003.0,7.17658996582031,973.742598054188,6.95590019226074,2.4,,28.3083472486662
Guyana,GUY,2004.0,10.3284902572632,1033.31030902188,5.51291990280151,3.7,,28.0668850172523
Guyana,GUY,2005.0,10.8724203109741,1084.06541388904,8.13973045349121,5.699999809,,27.7758550706193
Guyana,GUY,2006.0,10.9942598342896,3135.60553528326,3.11891007423401,8.899999619,,27.4604582346121
Guyana,GUY,2007.0,11.1278600692749,3608.28685240188,2.39117002487183,13.80000019,,27.1458953350755
Guyana,GUY,2008.0,10.6148700714111,4008.9628671603,2.39117002487183,18.2,,26.8573671978542
Guyana,GUY,2009.0,10.0790901184082,4209.13230624565,2.15057992935181,23.9,,26.620074648793
Guyana,GUY,2010.0,10.9517002105713,4581.76179693492,2.40938997268677,29.9,,26.4592185137368
Guyana,GUY,2011.0,11.2686901092529,4947.22170589917,2.50669002532959,30.0,,26.3999996185303
Guyana,GUY,2012.0,11.7027597427368,5444.39751913913,2.24131989479065,30.5,,26.3999996185303
Guyana,GUY,2023.0,25.1520757996244,20473.7002190617,2.24131989479065,79.3553009,,26.4651457279878
Guyana,GUY,2024.0,26.4315792489043,29675.2443873316,2.24131989479065,83.00080109,,26.477717988557
Heavily indebted poor countries (HIPC),HPC,2000.0,3.24032998085022,377.459385908018,2.46335005760193,,,28.2569513039077
Heavily indebted poor countries (HIPC),HPC,2001.0,3.52948999404907,355.171230947667,2.47150993347168,,,28.5969142404534
Heavily indebted poor countries (HIPC),HPC,2002.0,3.82609009742737,374.531772057964,2.39618003368378,,,28.9155252606177
Heavily indebted poor countries (HIPC),HPC,2003.0,4.06547021865845,412.76823992883,2.39618003368378,,,29.2232168651352
Heavily indebted poor countries (HIPC),HPC,2004.0,4.40012979507446,462.336970473255,2.68110001087189,,,29.5462529996983
Heavily indebted poor countries (HIPC),HPC,2005.0,4.72972011566162,519.647933058567,2.65660500526428,,,29.8756911120483
Heavily indebted poor countries (HIPC),HPC,2006.0,5.0988597869873,593.211178044594,2.6916949748993,,,30.225177366358
Heavily indebted poor countries (HIPC),HPC,2007.0,5.42055988311768,688.372468350697,2.6916949748993,,,30.5407545700241
Heavily indebted poor countries (HIPC),HPC,2008.0,5.94095993041992,797.380456091108,2.72311997413635,,,30.9764021760139
Heavily indebted poor countries (HIPC),HPC,2009.0,6.50473022460938,764.823758486232,3.08927011489868,,,31.3678366610042
Heavily indebted poor countries (HIPC),HPC,2010.0,7.1113600730896,812.08054988398,2.95976996421814,,,31.7683238189164
Heavily indebted poor countries (HIPC),HPC,2011.0,7.36318016052246,873.222093086024,3.07750010490417,,,32.176358845272
Heavily indebted poor countries (HIPC),HPC,2012.0,7.75029993057251,881.192621901094,3.04694497585296,,,32.5841925844927
Heavily indebted poor countries (HIPC),HPC,2013.0,8.12090969085693,960.68552047794,3.45445990562439,,,33.0126257405067
Heavily indebted poor countries (HIPC),HPC,2014.0,8.39015007019043,986.983783219797,3.31992995738984,,,33.4544444212925
Heavily indebted poor countries (HIPC),HPC,2015.0,8.46887016296387,917.296109229181,3.37495994567871,,,33.8811007245147
Heavily indebted poor countries (HIPC),HPC,2016.0,8.36925029754639,894.708764701024,3.28257989883423,,,34.3112319405726
Heavily indebted poor countries (HIPC),HPC,2017.0,8.52756977081299,943.132832332498,3.53362989425659,,,34.7491017080037
Heavily indebted poor countries (HIPC),HPC,2018.0,8.68200016021729,985.478210719267,3.26730489730835,,,35.1961108060605
Heavily indebted poor countries (HIPC),HPC,2019.0,8.76803016662598,983.900062178744,3.24268818288225,,,35.6138460414847
Heavily indebted poor countries (HIPC),HPC,2020.0,8.93181037902832,962.590226473892,3.3367600440979,,,36.0300593848953
Heavily indebted poor countries (HIPC),HPC,2021.0,9.09300994873047,1061.41414950431,3.31281536274069,,,36.4724990615456
Honduras,HND,2000.0,12.8694696426392,1092.56400746252,6.29972793577391,1.20385599891878,15.9,45.3233354392127
Honduras,HND,2003.0,15.888970375061,1156.08162681357,6.29972793577391,4.8,15.9,46.990184604045
Honduras,HND,2004.0,15.9416399002075,1215.13995412761,6.29972793577391,5.6,15.9,47.5739776096056
Honduras,HND,2008.0,17.5304298400879,1732.49062702803,6.29972793577391,9.6,16.9878047887042,50.0312316063593
Honduras,HND,2010.0,19.2757550175649,1893.32722662035,6.29972793577391,11.09,19.0,51.3273733161098
Honduras,HND,2012.0,18.9442917508647,2126.03474686503,6.29972793577391,18.12,18.5937309265137,52.6641557109031
Honduras,HND,2013.0,19.4476759264062,2081.12843527945,5.87493991851807,17.8,20.5,53.356379133253
Honduras,HND,2014.0,19.7241865242748,2179.88171977271,7.09010982513428,23.0,23.014440536499,53.8768089124249
Honduras,HND,2015.0,20.3152639116671,2271.20265980349,6.41298007965088,27.1395454833776,22.9173793792725,54.3828473751434
Honduras,HND,2016.0,21.0025442228384,2307.34468351082,6.09509492079297,29.5282180796457,24.6881809234619,54.8868414578857
Honduras,HND,2017.0,24.5585599156436,2413.0076562942,5.74434396129576,31.7357924661485,23.0465093392364,55.3877322339915
Honduras,HND,2018.0,26.3838242053705,2464.64241531918,6.05646991729736,36.0400608231468,23.0666198730469,55.8852577716247
Honduras,HND,2019.0,25.3231382609304,2502.32744328073,5.98198266311593,39.3883521850111,26.1,56.3791561389766
Honduras,HND,2024.0,23.3177890777588,3426.43483328923,5.98198266311593,58.62269974,22.2483692169189,58.7850728104829
"Hong Kong SAR, China",HKG,2003.0,32.2168502807617,23977.1734120477,4.28530979156494,52.2000433497404,54.1144485473633,100.0
"Hong Kong SAR, China",HKG,2004.0,32.296459197998,24928.1003722551,4.55894994735718,56.3998803935333,54.1144485473633,100.0
"Hong Kong SAR, China",HKG,2005.0,32.9854888916016,26649.637724155,4.13463020324707,56.9,54.1144485473633,100.0
"Hong Kong SAR, China",HKG,2006.0,33.7220993041992,28224.0951563146,3.84278011322021,60.8,54.1144485473633,100.0
"Hong Kong SAR, China",HKG,2007.0,42.6142997741699,30593.9511738646,3.45455002784729,64.8,54.1144485473633,100.0
"Hong Kong SAR, China",HKG,2008.0,55.8018608093262,31515.5292103443,3.2606201171875,66.7,55.2869300842285,100.0
"Hong Kong SAR, China",HKG,2009.0,56.5805511474609,30697.5383861641,4.39211988449097,69.4,55.9717102050781,100.0
"Hong Kong SAR, China",HKG,2010.0,59.0325529542921,32550.136489179,3.5100200176239,72.0,57.0574493408203,100.0
"Hong Kong SAR, China",HKG,2011.0,60.2208370436331,35142.4879344543,3.41823005676269,72.19999695,59.1782684326172,100.0
"Hong Kong SAR, China",HKG,2012.0,60.9527896995708,36730.796195815,3.50960993766785,72.9,59.9901290164892,100.0
"Hong Kong SAR, China",HKG,2013.0,68.0858986854034,38403.7777145477,3.76031994819641,74.2,60.629555588523,100.0
"Hong Kong SAR, China",HKG,2014.0,69.6881506285714,40315.3739510191,3.57254004478455,79.8662704309064,61.2203788757324,100.0
"Hong Kong SAR, China",HKG,2015.0,68.7008718656545,42432.1619740441,3.26210999488831,84.9483529634062,62.1582908630371,100.0
"Hong Kong SAR, China",HKG,2016.0,70.3316379391101,43734.1980702999,3.29269003868103,87.47941467087,62.7083195479809,100.0
"Hong Kong SAR, China",HKG,2017.0,72.9228515909643,46160.429791493,3.30989003181458,89.4159446487565,63.267520904541,100.0
"Hong Kong SAR, China",HKG,2018.0,78.2463196011546,48537.5668888343,3.32624006271362,90.5073953294283,63.8737555059777,100.0
"Hong Kong SAR, China",HKG,2019.0,83.8542119335773,48359.0011950597,3.81017994880676,91.7434003891587,63.9573402404785,100.0
"Hong Kong SAR, China",HKG,2020.0,89.9479038224414,46109.2299946609,4.40563011169434,92.41313602,64.8349991887004,100.0
"Hong Kong SAR, China",HKG,2021.0,97.3813269493844,49770.5642374739,4.00030994415283,93.08715788,64.8975275400859,100.0
"Hong Kong SAR, China",HKG,2022.0,100.776315789474,48825.8441873536,3.72866988182068,95.61357052,65.0502777099609,100.0
"Hong Kong SAR, China",HKG,2023.0,105.461738484398,50562.3633144379,3.80328011512756,95.97781908,65.7594038385819,100.0
"Hong Kong SAR, China",HKG,2024.0,120.08978583196,54074.6928519479,3.80552005767822,95.75536971,66.3396742462141,100.0
Hungary,HUN,2001.0,42.3478889465332,5280.94887987063,4.92643976211548,14.5285543028277,55.0740013122559,64.646880283041
Hungary,HUN,2002.0,47.357421875,6658.04494326809,5.17711019515991,16.67,55.0740013122559,65.0400009155273
Hungary,HUN,2003.0,54.6346397399902,8410.09248198479,5.79872989654541,21.63,55.0740013122559,64.8452987670898
Hungary,HUN,2004.0,61.5071411132812,10291.2694721409,5.33301019668579,27.74,68.5299549439554,65.0225372314453
Hungary,HUN,2005.0,64.9774017333984,11212.2046968994,5.32539987564087,38.97,63.5524215698242,66.1261367797852
Hungary,HUN,2006.0,66.3986663818359,11478.4891640501,5.29485988616943,47.06,71.1935433890503,67.0155868530273
Hungary,HUN,2007.0,66.2652969360352,13934.605460375,5.13725996017456,53.3,72.4084913359163,67.0041656494141
Hungary,HUN,2008.0,63.9738388061523,15762.6322515113,4.97069978713989,61.0,73.2024025180816,68.0976986078883
Hungary,HUN,2009.0,61.9771690368652,13051.1831777184,4.95626020431519,62.0,74.5380096435547,68.4592590332031
Hungary,HUN,2010.0,60.7487602233887,13189.8433874768,4.73365020751953,65.0,75.6911087036133,69.5305480957031
Hungary,HUN,2011.0,59.9984893798828,14211.460557822,4.57056999206543,68.0199878861296,76.6575622558594,69.4779934082031
Hungary,HUN,2012.0,60.6758003234863,12950.1594488143,4.15359020233154,70.579998153838,77.6319808959961,69.5772326660156
Hungary,HUN,2013.0,57.5212211608887,13739.4620151401,4.19040012359619,72.6439,78.487419128418,69.9277636266638
Hungary,HUN,2014.0,53.4245910644531,14352.501883174,4.59878015518188,75.6531974544103,74.1223602294922,70.3071053512008
Hungary,HUN,2015.0,50.9797401428223,12782.9412577973,4.49287986755371,72.8347370323805,75.0991821289062,70.4847717285156
Hungary,HUN,2016.0,50.7361488342285,13215.8605277789,4.60210990905762,79.2594121273057,76.0597763061523,70.4733810424805
Hungary,HUN,2017.0,51.3840599060059,14736.1668157258,4.64034986495972,76.7505471201922,77.2879816467953,70.4542541503906
Hungary,HUN,2018.0,52.5629386901855,16605.0570511887,4.60567998886108,76.0743606365063,78.5578395041174,70.4711761474609
Hungary,HUN,2019.0,54.2122917175293,17012.8598553199,4.20140981674194,80.3716936050482,79.0355701722967,70.4565277099609
Hungary,HUN,2020.0,56.6071815490723,16386.9308821258,4.12265014648438,84.77115202,80.0114974975586,70.2917327880859
Hungary,HUN,2021.0,58.6536102294922,19030.628130329,4.65407991409302,88.64083466,81.5076989037062,70.2059275331413
Hungary,HUN,2022.0,60.2746810913086,18428.028825614,3.8011999130249,89.14282688,79.8080673217773,70.1585064243445
Hungary,HUN,2023.0,56.5924415588379,22230.6277875187,3.8011999130249,91.4500713,83.8787312589267,70.2923026891431
Hungary,HUN,2024.0,60.5168685913086,23292.3263882478,3.8011999130249,93.77898628,83.8787312589267,70.491825943218
Iceland,ISL,2000.0,45.9174499511719,32503.578963236,6.4314398765564,44.470533824288,52.969465710036,91.9674192031642
Iceland,ISL,2001.0,46.9373588562012,29208.1981853568,6.70591020584106,49.3929953676426,53.6950559567751,92.0452304560359
Iceland,ISL,2002.0,52.6091117858887,32749.379004627,7.29892015457153,79.12,56.3224374982045,92.1674022598912
Iceland,ISL,2003.0,60.0269813537598,39944.2104095591,7.24507999420166,83.14,57.6748004126848,92.3235559316863
Iceland,ISL,2004.0,66.5821762084961,47809.6073050042,7.16119003295898,83.88,57.2231597681077,92.4377293375354
Iceland,ISL,2005.0,69.8324279785156,57783.7745608117,7.33842992782593,87.0,60.7412605285645,92.377441015064
Iceland,ISL,2006.0,72.9682083129883,58172.1426656622,7.19518995285034,89.51,60.7412605285645,92.1949009038813
Iceland,ISL,2007.0,73.1370162963867,70483.0117228535,6.94434022903442,90.6,61.215638185032,92.3614571703229
Iceland,ISL,2008.0,73.5754699707031,57489.3399795216,7.03599977493286,91.0,61.6587814346148,93.0646442174216
Iceland,ISL,2009.0,72.4675521850586,41483.7843682814,7.18984985351562,93.0,63.2554556935402,93.4441340553707
Iceland,ISL,2010.0,78.5030899047852,43776.4677400475,6.94422006607056,93.39,63.7499895581134,93.4588348107886
Iceland,ISL,2011.0,79.9194183349609,48254.953927254,6.78996992111206,94.8196868008949,67.8225456017772,93.41106112427
Iceland,ISL,2012.0,79.5824813842773,46594.9869146614,7.58223009109497,96.2097995545657,68.8011019986055,93.514892578125
Iceland,ISL,2013.0,78.3723907470703,50173.3360061057,7.44866991043091,96.5468,69.7764683538542,93.6166725158692
Iceland,ISL,2014.0,80.3950881958008,55140.364935793,7.6414098739624,98.1580233097118,71.1443688989934,93.6196716315805
Iceland,ISL,2015.0,75.6419982910156,53505.6964079339,7.45796012878418,98.19999695,72.3824231405193,93.727919768566
Iceland,ISL,2016.0,74.7006301879883,62854.0906407932,7.43221998214722,98.23999786,76.0004157666148,93.7822647094726
Iceland,ISL,2017.0,71.3372497558594,72976.3729990975,7.58384990692139,98.2552011867973,74.9651123648725,93.7718982310092
Iceland,ISL,2018.0,69.3402328491211,75633.8651351915,7.56350994110107,99.0109539916991,75.6547422497294,93.8526667025487
Iceland,ISL,2019.0,70.6093521118164,69296.3144361601,7.60129976272583,99.5049411693787,73.8671493530273,93.9770847416131
Iceland,ISL,2020.0,74.5906066894531,60127.9393575616,8.5838098526001,99.5327519,74.1449813842773,94.1367102874722
Iceland,ISL,2021.0,86.5232086181641,70425.4064277273,8.2265796661377,99.68701957,79.7339835426261,94.2108206403841
Iceland,ISL,2022.0,84.985237121582,76350.4550416502,7.30798006057739,97.58339691,79.1714880156996,94.1787071228028
Iceland,ISL,2023.0,76.5200729370117,82138.7892973557,7.30798006057739,97.94860077,80.1642544387572,94.1518261784801
India,IND,2000.0,9.93826007843018,442.750218937263,4.32480001449585,0.527532449930946,9.76947738527724,27.6470407512523
India,IND,2001.0,10.0273504257202,450.357900514128,4.32480001449585,0.660146377009928,9.76947738527724,27.9028652096636
India,IND,2002.0,10.5586500167847,469.149928973927,4.32480001449585,1.53787558175083,9.76947738527724,28.1756878910456
India,IND,2003.0,11.0576400756836,544.143133545002,3.61342000961304,1.68648997063625,9.76947738527724,28.4660287698
India,IND,2004.0,11.3926801681519,624.258826510066,3.35254001617432,1.97613649190559,9.76947738527724,28.7726067228528
India,IND,2005.0,11.1277303695679,710.488080408949,3.18876004219055,2.388099909,11.8794781412257,29.0945497159107
India,IND,2006.0,11.9628095626831,801.668353659022,3.14284992218018,2.80549986534254,11.8794781412257,29.4309857146804
India,IND,2007.0,13.6564798355103,1021.88707706826,3.14284992218018,3.95,11.8794781412257,29.7810426848684
India,IND,2008.0,15.6485204696655,992.519584923828,3.14284992218018,4.38,11.8794781412257,30.1438485921815
India,IND,2009.0,16.6775093078613,1094.94974598436,3.27824997901917,5.12,11.8794781412257,30.5185314023263
India,IND,2010.0,18.6971831309683,1347.51939071367,3.377690076828,7.5,11.8794781412257,30.9042190810094
India,IND,2011.0,23.8253684220097,1445.46127486037,3.79618000984192,10.07,26.8885498046875,31.2746502853309
India,IND,2012.0,24.9402082606779,1429.32199520032,3.8675000667572,11.10000038,26.8885498046875,31.5898935604399
India,IND,2013.0,24.390638443123,1432.84397512195,3.84467005729675,12.30000019,26.8885498046875,31.9096789235237
India,IND,2014.0,25.991324706788,1553.88396075118,3.89878023242693,13.5,26.8885498046875,32.2288233408821
India,IND,2015.0,27.2845677075978,1583.99815907985,4.1145601272583,14.89999962,26.8885498046875,32.5472990022299
India,IND,2016.0,27.3043573857643,1707.50892912243,4.25406980514526,16.5,26.8885498046875,32.8650780972823
India,IND,2017.0,27.9090519049334,1950.10468280866,4.30543994903565,18.20000076,26.8885498046875,33.1821328157539
India,IND,2018.0,28.5316865291946,1966.25455171679,4.36374998092651,20.0813000379384,32.3433494567871,33.4984353473598
India,IND,2019.0,29.0233593907143,2041.42863698585,3.89732003211975,29.52350044,32.3433494567871,33.8139578818147
India,IND,2020.0,29.8196397708424,1907.04251637669,4.29335021972656,43.40544313,31.7094497680664,34.1286726088333
India,IND,2021.0,31.5741765984501,2239.61384367482,4.62949991226196,49.2580986,31.7094497680664,34.4425517181304
India,IND,2022.0,32.6703053423023,2347.44829434623,4.09865814174589,55.9,31.6138706207275,34.7555673994206
India,IND,2023.0,34.2394344991225,2530.12031278204,4.09865814174589,60.25230026,41.3380012512207,35.0676918424186
India,IND,2024.0,34.4184659748952,2694.73780859961,4.09865814174589,64.9434967,41.3380012512207,35.3788972368389
India,IND,2025.0,34.4465039692543,2694.73780859961,4.09865814174589,70.0,41.3380012512207,35.3788972368389
Indonesia,IDN,2000.0,14.810640335083,763.711124950924,2.46003007888794,0.925563864466858,21.3958118325454,41.9861540600656
Indonesia,IDN,2001.0,14.1229801177978,732.307093405708,2.46003007888794,2.01861385948459,20.1508657510649,42.9018895186157
Indonesia,IDN,2002.0,14.6824598312378,881.002913569131,2.64568996429443,2.13413573295808,20.9041190123793,43.7824069030376
Indonesia,IDN,2003.0,15.7722797393799,1043.2105838671,3.21799993515015,2.38701977959476,20.8980608801907,44.6301761521872
Indonesia,IDN,2004.0,16.1766300201416,1126.84004447173,2.74846005439758,2.60028587633414,20.8877204743369,45.4476736441888
Indonesia,IDN,2005.0,16.6967105865479,1238.21447629488,2.87281990051269,3.60202476259646,22.2908919089606,46.2373757571669
Indonesia,IDN,2006.0,16.767240524292,1558.31562847163,2.87281990051269,4.76481313366657,26.4083099365234,47.0017588692457
Indonesia,IDN,2007.0,17.5765991210938,1823.21976255073,3.04426002502441,5.78627472934199,26.007869720459,47.7432993585496
Indonesia,IDN,2008.0,20.5209503173828,2124.55483920618,2.90190005302429,7.917500019,26.2005100250244,48.4644736032029
Indonesia,IDN,2009.0,22.6933307647705,2218.48541852977,3.52513003349304,6.92,27.8447093963623,49.16775798133
Indonesia,IDN,2010.0,23.4159086398462,3065.68348377765,2.81227993965149,10.92,28.0485247975574,49.8521375148888
Indonesia,IDN,2011.0,25.027444191823,3579.46442466152,3.18944001197815,12.28,28.9348602294922,50.4830017089844
Indonesia,IDN,2012.0,29.0425391195214,3632.27254030331,3.40748000144958,14.52,29.5142825432068,51.1593933105469
Indonesia,IDN,2013.0,29.894529174265,3566.60284506078,3.35904002189636,14.94,30.4177818759345,51.8307495117188
Indonesia,IDN,2014.0,29.9904910473273,3441.06808464008,3.28800988197327,17.1431598350566,31.0928401947021,52.5002136230469
Indonesia,IDN,2015.0,32.4590200433758,3288.22269725538,3.58361005783081,22.062742603379,32.262020111084,53.1720771789551
Indonesia,IDN,2016.0,34.8307173410877,3521.46943457574,1.21023452496964,25.447353701827,33.7317504882812,53.812557220459
Indonesia,IDN,2017.0,35.967012362631,3798.88326174526,1.05324382490056,32.335806250688,33.7715682983398,54.4541015625
Indonesia,IDN,2018.0,36.1494878042588,3860.95353090726,0.994436460846179,39.9046386385762,34.6013603210449,55.0956840515137
Indonesia,IDN,2019.0,37.3230862728703,4106.94856160358,0.964399077622927,47.6906489788375,36.9919811506555,55.7382049560547
Indonesia,IDN,2020.0,38.1650601406923,3853.70288774146,1.01593221347809,53.72649449,38.1022605895996,56.2785287648768
Indonesia,IDN,2021.0,40.6293239880732,4287.17313995098,1.03221750658374,62.10447842,39.5576649933508,56.8761702464027
Indonesia,IDN,2022.0,42.3260385456152,4730.83484836107,0.863943349575907,66.48461277,39.5653046324461,57.4934704226599
Indonesia,IDN,2023.0,44.8813034886441,4876.30774512252,1.27517088245674,69.20836554,39.1046221610504,58.1179353397878
"Iran, Islamic Rep.",IRN,2000.0,18.780179977417,1650.01385833785,4.03064012527466,0.934190019959829,43.3536605834961,64.4780120849609
"Iran, Islamic Rep.",IRN,2001.0,19.4918804168701,1881.02266635283,4.07168006896973,1.48422133163363,43.3536605834961,65.2168655395508
"Iran, Islamic Rep.",IRN,2002.0,18.2758693695068,1891.25756091033,4.48487997055054,4.62617511492205,43.3536605834961,65.9271621704102
"Iran, Islamic Rep.",IRN,2003.0,19.4057903289795,2208.99636552406,4.36323022842407,6.93372195304053,43.3536605834961,66.6049270629883
"Iran, Islamic Rep.",IRN,2004.0,21.3706798553467,2672.4226651404,4.29662990570068,7.49,43.3536605834961,67.2567367553711
"Iran, Islamic Rep.",IRN,2005.0,22.6841907501221,3132.0508192007,4.05651998519897,8.100000381,43.3536605834961,67.8708801269531
"Iran, Islamic Rep.",IRN,2006.0,25.3070392608643,3618.91601364428,4.28998994827271,8.760000229,43.3536605834961,68.3101850492144
"Iran, Islamic Rep.",IRN,2007.0,29.8213806152344,4687.99166260718,4.59681987762451,9.470000267,43.3536605834961,68.806189933608
"Iran, Islamic Rep.",IRN,2008.0,36.1939392089844,5377.4115072957,3.91376996040344,12.02,39.1346702575684,69.3790072996746
"Iran, Islamic Rep.",IRN,2009.0,36.4833183288574,5415.52280553446,3.84244990348816,13.80000019,39.1346702575684,69.99007683587
"Iran, Islamic Rep.",IRN,2010.0,42.5482215881348,6291.19443655454,3.70917010307312,15.9,42.4855918884277,70.6092626774386
"Iran, Islamic Rep.",IRN,2011.0,48.0596084594727,8025.68743364356,3.48497009277344,19.0,42.4855918884277,71.204050944517
"Iran, Islamic Rep.",IRN,2012.0,53.9002494812012,8114.08099831877,2.93899989128113,22.73,44.2371215820312,71.7633634041294
"Iran, Islamic Rep.",IRN,2013.0,56.4632682800293,6222.74194840326,2.85279011726379,29.95,46.3118515014648,72.3030873515412
"Iran, Islamic Rep.",IRN,2014.0,64.4999084472656,5672.06372896319,2.61668992042542,39.353614505223,46.9528312683105,72.8324070385223
"Iran, Islamic Rep.",IRN,2015.0,70.6858520507812,4952.73355532178,2.62911009788513,45.3349761533285,46.9528312683105,73.3561403575949
"Iran, Islamic Rep.",IRN,2016.0,67.9112319946289,5710.59947089104,3.17396998405456,53.2267716709857,48.3857688903809,73.8796100096595
"Iran, Islamic Rep.",IRN,2017.0,66.351448059082,6000.93346404409,3.45956993103027,64.0439736249513,48.3857688903809,74.4011840820312
"Iran, Islamic Rep.",IRN,2018.0,60.8611488342285,4783.01067340237,3.61980009078979,70.2005650008363,48.3857688903809,74.8034286499023
"Iran, Islamic Rep.",IRN,2019.0,58.1169509887695,3997.4935449585,3.24005007743835,72.4509047672065,43.5208768726151,75.2038879394531
"Iran, Islamic Rep.",IRN,2020.0,55.6366691589355,3202.50003502169,3.20495009422302,75.56986637,43.6943716257169,75.5986404418945
"Iran, Islamic Rep.",IRN,2021.0,54.3051986694336,4605.14881318992,3.20495009422302,78.5957366,44.3300410403442,75.9926376342773
"Iran, Islamic Rep.",IRN,2022.0,58.6838607788086,4721.20437099984,2.6699800491333,81.71649933,44.9426910756407,76.3342208862305
Iraq,IRQ,2000.0,12.0502004623413,1980.18916038782,,0.5,,67.6331913847871
Iraq,IRQ,2002.0,12.6159200668335,1266.15961275094,,0.5,,67.8938101691696
Iraq,IRQ,2004.0,15.5104904174805,1328.37157628292,,0.9,,68.2202223846538
Iraq,IRQ,2005.0,15.5580997467041,1762.39360423421,,0.899999976,,68.391425621866
Ireland,IRL,2001.0,50.6748008728027,28282.409882073,4.08750009536743,23.1388121904053,54.9644147202228,59.3763923617156
Ireland,IRL,2002.0,53.5348014831543,32705.4345565698,4.10487985610962,25.85,54.9644147202228,59.6367259990731
Ireland,IRL,2003.0,55.8461685180664,41203.5295847568,4.20493984222412,34.31,54.9644147202228,59.9120142632573
Ireland,IRL,2004.0,58.9219093322754,47754.2023194244,4.48295021057129,36.99,56.3179173029456,60.1994750854288
Ireland,IRL,2005.0,58.8693199157715,50933.0216095589,4.51897001266479,41.61,56.3179173029456,60.4882988006461
Ireland,IRL,2006.0,58.4411811828613,54329.1618599624,4.54742002487183,54.82,66.2151718139648,60.7703677431593
Ireland,IRL,2007.0,58.3019905090332,61396.417461176,4.71541976928711,61.158324551,66.4641189575195,61.0601979374234
Ireland,IRL,2008.0,54.0174713134766,61353.1065629523,5.45828008651733,65.34,62.9029172946846,61.3581903884996
Ireland,IRL,2009.0,56.503978729248,52133.0906162544,6.15609979629517,67.38,64.1364022947619,61.6421022728798
Ireland,IRL,2010.0,63.1264381408691,48623.9666422487,6.04835987091065,69.85,66.5854721069336,61.8910689348512
Ireland,IRL,2011.0,67.7985916137695,52613.8540355689,5.77199983596802,74.8899729670944,66.3703002929688,62.0872735820277
Ireland,IRL,2012.0,68.1972503662109,49335.8408099555,5.70776987075806,76.919992540097,67.7619437749107,62.2529318511038
Ireland,IRL,2013.0,71.6995468139648,52537.6108648692,5.23177003860474,78.2477,69.4219421933157,62.4047157756118
Ireland,IRL,2014.0,73.813232421875,57214.5379785709,4.73554992675781,83.4917223351728,73.1518320316997,62.535401730577
Ireland,IRL,2015.0,77.2321472167969,64250.1385181257,3.62438988685608,83.4947916666667,73.4491260847135,62.6392123492764
Ireland,IRL,2016.0,77.5571365356445,64129.5571542383,3.65881991386414,83.5,73.6150838402534,62.7229399123734
Ireland,IRL,2017.0,77.5191116333008,72161.4047531385,3.37737011909485,84.1140070623844,70.7767715454102,62.9035196521232
Ireland,IRL,2018.0,76.7604675292969,80804.1123164826,3.30347990989685,87.0001401148942,75.2761545483232,63.0844503476779
Ireland,IRL,2019.0,74.444580078125,81827.6688873996,3.22984004020691,87.0000552425146,75.9404571887024,63.2737009154127
Ireland,IRL,2020.0,74.1961975097656,86514.0706108754,3.19163990020752,91.99989097,77.577917817579,63.4713366724915
Ireland,IRL,2021.0,78.4613265991211,103783.446284479,2.90461993217468,93.50610352,79.6562273497351,63.6774229356985
Ireland,IRL,2022.0,77.5933380126953,105190.685952731,2.90461993217468,95.03690338,80.3261086296084,63.8920250215059
Israel,ISR,2001.0,51.1147117614746,20966.3052667971,6.17636013031006,17.3786238639049,51.7461585998535,91.365021842149
Israel,ISR,2002.0,55.8358116149902,19076.4584298321,6.24923992156982,17.7645990630493,51.7461585998535,91.4444967249569
Israel,ISR,2003.0,55.2073287963867,19643.4690380742,6.13486003875732,19.5933936579649,51.7461585998535,91.5176897789793
Israel,ISR,2004.0,54.5026702880859,20568.0694088834,5.75040006637573,22.7704855254035,51.7461585998535,91.5829008110251
Israel,ISR,2005.0,55.645191192627,21286.8388636595,5.56489992141724,25.19400024,51.7461585998535,91.6384296279033
Israel,ISR,2006.0,54.7331390380859,22527.2619795719,5.58409023284912,27.8810997,51.7461585998535,91.6825760364229
Israel,ISR,2007.0,57.3098487854004,25721.2594077311,5.33169984817505,48.1280621948445,76.7632522583008,91.713639843393
Israel,ISR,2008.0,56.7789001464844,30269.217773489,5.40716981887817,59.39,76.7632522583008,91.7292868898136
Israel,ISR,2009.0,59.5300903320312,28508.4938886475,5.34174013137817,63.12,77.3414306640625,91.7319738585748
Israel,ISR,2010.0,62.1285705566406,31439.0887027614,5.40408992767334,67.5,77.5900268554688,91.7316426703946
Israel,ISR,2011.0,62.7604484558105,34522.5215979073,5.42928981781006,68.8738779907441,78.5398788452148,91.7304024673781
Israel,ISR,2012.0,64.2354736328125,33321.4300881602,5.56122016906738,70.8,80.2942428588867,91.7276502819515
Israel,ISR,2013.0,62.6519393920898,37034.3161080785,5.76972007751465,70.250311945,80.6550827026367,91.7227831465406
Israel,ISR,2014.0,62.6224403381348,38343.3046626235,5.69225978851318,75.0177531628076,81.2331619262695,91.7151980935716
Israel,ISR,2015.0,61.6271781921387,36213.1041481958,5.79657983779907,77.3520896572253,81.4417495727539,91.7042921554705
Israel,ISR,2016.0,61.4426498413086,37671.5389138798,5.80271005630493,79.6531241815281,83.4110342871499,91.6894623646632
Israel,ISR,2017.0,60.3434600830078,41138.470964272,6.00425004959106,81.5811835871611,83.5603956598591,91.6701057535759
Israel,ISR,2018.0,58.6109886169434,42362.6652754196,6.06919002532959,83.7331569615326,83.4947652258031,91.6456193546346
Israel,ISR,2019.0,57.4564514160156,44250.6313628073,6.06899976730347,86.7878776180583,84.160980699956,91.6154002002652
Israel,ISR,2020.0,57.633861541748,44575.5719045492,6.51824998855591,90.12734091,85.1860986605197,91.5788453228939
Israel,ISR,2021.0,60.2585487365723,52270.9040241956,6.16727018356323,90.29689758,85.1933431691201,91.5353517549466
Israel,ISR,2022.0,58.9500617980957,54949.621556429,5.93291997909546,91.85079615,81.4641723632812,91.4979834273327
Israel,ISR,2023.0,57.143440246582,52003.7200729997,5.93291997909546,87.03842615,85.2285604384473,91.5089569794505
Israel,ISR,2024.0,56.2561111450195,54176.6844383302,5.93291997909546,88.18242225,85.2285604384473,91.536188843818
Italy,ITA,2001.0,53.4531898498535,20570.4385917862,4.63416004180908,27.2221169788811,35.4443511962891,67.27519882288
Italy,ITA,2002.0,56.3153915405273,22451.3964379368,4.41520977020264,28.04,36.591332952981,67.3538786566538
Italy,ITA,2003.0,60.0055885314941,27577.5700319855,4.52654981613159,29.04,38.7708842111695,67.4299414611787
Italy,ITA,2004.0,63.3327293395996,31348.1901841445,4.37002992630005,33.24,39.6440979473887,67.5072499739908
Italy,ITA,2005.0,65.3270263671875,32062.723833669,4.22292995452881,35.0,40.4973793029785,67.5897169318419
Italy,ITA,2006.0,67.2835083007812,33537.1286994269,4.50464010238647,37.99,41.4056587219238,67.6812550714834
Italy,ITA,2007.0,68.8725967407227,37826.1754554823,4.08763980865479,40.79,43.0896492004395,67.7857771296669
Italy,ITA,2008.0,67.5799865722656,40828.5795580937,4.37188005447388,44.53,43.9995613098145,67.9071958431441
Italy,ITA,2009.0,66.9516296386719,37099.6133958219,4.50414991378784,48.83,44.7269515991211,68.0494239486665
Italy,ITA,2010.0,65.3790435791016,35856.8625485539,4.31626987457275,53.68,45.5006904602051,68.2163741829857
Italy,ITA,2011.0,64.2492523193359,38432.3742820019,4.09431982040405,54.3899983018814,46.1607398986816,68.4015073889511
Italy,ITA,2012.0,62.3447418212891,34854.3949441965,4.03481006622315,55.829997993283,47.2840003967285,68.7608794235259
Italy,ITA,2013.0,60.8925285339355,35701.6746002376,4.12192010879517,58.4593,47.9796392254295,69.3073989916076
Italy,ITA,2014.0,60.8831481933594,36028.3494022349,4.04026985168457,55.6384602242293,48.6404800415039,69.5807638614879
Italy,ITA,2015.0,60.941291809082,30639.8829751432,4.05422019958496,58.1417349568747,49.1525802612305,69.6100006103516
Italy,ITA,2016.0,61.3571014404297,31391.5692898108,3.795490026474,61.3242527666303,50.110688132462,69.5969232525286
Italy,ITA,2017.0,62.69580078125,32844.115660604,4.02662992477417,63.0773469984291,51.0024600542183,69.5180784259382
Italy,ITA,2018.0,64.4753265380859,34904.1081923834,4.24094009399414,74.3871829234822,52.001371763722,69.4800033569336
Italy,ITA,2019.0,65.6895065307617,33812.788724868,4.07843017578125,67.8507102874836,52.6440248259532,69.5050010681153
Italy,ITA,2020.0,68.7231063842773,32091.4866621366,4.41803979873657,70.48342785,52.4560317993164,69.5187492370606
Italy,ITA,2021.0,71.2745208740234,36852.5425414951,4.17118978500366,74.8623274,52.4379031321488,69.4812507629394
Italy,ITA,2022.0,73.8962097167969,35653.9042103495,4.06775999069214,85.06074504,52.7956326851944,69.4839779766539
Italy,ITA,2023.0,75.9496536254883,39277.0838783918,4.06775999069214,87.0278292,55.2703601822563,69.5381540123301
Jamaica,JAM,2000.0,13.8694095611572,3453.09252800226,4.98346996307373,3.11577802729967,49.1393673456921,51.7165550768252
Jamaica,JAM,2001.0,16.0548496246338,3503.55026688858,5.38103008270264,3.8630203874764,49.1393673456921,51.934190578424
Jamaica,JAM,2002.0,16.8487892150879,3680.64551727724,5.37522983551025,6.1,49.1393673456921,52.1467222312645
Jamaica,JAM,2003.0,18.8019199371338,3549.70758394618,4.25684976577759,7.8,49.1393673456921,52.3564891419558
Jamaica,JAM,2004.0,18.9983196258545,3807.56293124552,3.91254997253418,10.0,49.1393673456921,52.5637655955662
Jamaica,JAM,2005.0,17.27659034729,4184.43974867497,4.61641979217529,12.80000019,49.1393673456921,52.7685237926234
Jamaica,JAM,2006.0,17.2686595916748,4417.00127135363,4.61641979217529,16.39999962,49.1393673456921,52.9707359336549
Jamaica,JAM,2008.0,22.3192901611328,5029.80095281745,6.19131994247437,23.6,49.1393673456921,53.3674108497524
Jamaica,JAM,2009.0,22.2321395874023,4428.38153333557,6.19848012924194,24.3,49.6442362490526,53.5618180258738
Jamaica,JAM,2010.0,25.3770890609495,4809.977380312,6.37058019638062,27.67,50.5329003781205,53.7535679480806
Jamaica,JAM,2011.0,24.7684625492773,5232.63644918132,6.26664018630981,37.438613414848,54.7658392927122,53.956586109128
Jamaica,JAM,2012.0,27.0686781072538,5340.83333232158,6.1124701499939,33.79,55.7065467839813,54.2478817703732
Jamaica,JAM,2013.0,25.6212147817614,5124.21301411137,6.25106000900269,37.1,55.3835526277341,54.548819811983
Jamaica,JAM,2015.0,26.2334142821948,5339.30718256806,5.45523023605347,42.2212211907441,55.3835526277341,55.1995248014924
Japan,JPN,2013.0,62.6422691345215,40898.6478964744,3.40874004364014,88.219428911,85.1767120361328,91.1516595654317
Japan,JPN,2014.0,62.8334884643555,38475.3952461838,3.41529989242554,89.1068330166075,85.1767120361328,91.2548945132333
Japan,JPN,2015.0,62.4498481750488,34960.6393843385,3.31221008300781,91.0580283929962,85.1767120361328,91.3532644103625
Japan,JPN,2016.0,62.4975395202637,39375.4731620781,3.14643001556396,93.1827212821617,85.1767120361328,91.4541254852142
Japan,JPN,2017.0,63.287540435791,38834.0529341227,3.13057994842529,91.7265472366635,85.1767120361328,91.5498419685883
Japan,JPN,2018.0,62.6058502197266,39751.1330982711,3.07782006263733,88.7463508901772,85.1767120361328,91.6377318609728
Japan,JPN,2019.0,62.4008407592773,40415.9567649547,3.15533995628357,92.7303978145525,85.1767120361328,91.7164207898107
Japan,JPN,2020.0,62.2987403869629,40028.7341726762,3.30628991127014,90.21945812,85.1767120361328,91.7809926267889
Japan,JPN,2021.0,62.0412483215332,40094.5599795288,3.33663988113403,82.91407928,85.1767120361328,91.8741049279527
Japan,JPN,2022.0,63.3752288818359,34065.6438962526,3.33663988113403,84.92343147,85.1767120361328,91.9776532428406
Japan,JPN,2023.0,64.4907608032227,33836.1756271617,3.33663988113403,85.00990295,85.1767120361328,92.0826903891473
Jordan,JOR,2000.0,28.7968101501465,1570.61002940477,3.16850989003323,2.62327542156362,41.0493812561035,78.2848247546539
Jordan,JOR,2002.0,32.2784004211426,1706.26744384401,3.16850989003323,6.02553241191204,41.0493812561035,78.2972918926847
Jordan,JOR,2003.0,36.0558204650879,1775.67625581432,3.16850989003323,8.46600501623938,41.0493812561035,78.3069420335538
Jordan,JOR,2004.0,40.467830657959,1940.08641342805,3.16850989003323,11.6587413706379,41.0493812561035,78.3185350370311
Jordan,JOR,2005.0,39.7074890136719,2087.87079273635,3.16850989003323,12.93290043,41.0493812561035,78.412126230667
Jordan,JOR,2006.0,37.8664016723633,2342.63459574933,3.16850989003323,13.86709976,41.0493812561035,78.755612573541
Jordan,JOR,2007.0,38.7338409423828,2506.20599484139,3.16850989003323,20.0,41.0493812561035,79.3358270749644
Jordan,JOR,2008.0,41.3684692382812,3241.6524135556,3.16850989003323,23.0,41.0493812561035,80.1290966207551
Jordan,JOR,2009.0,42.0630187988281,3435.8337590698,3.16850989003323,26.0,41.0493812561035,81.1117480967305
Jordan,JOR,2010.0,37.7581337455828,3718.46571622945,3.16850989003323,27.2,41.3547096252441,82.2601083887084
Jordan,JOR,2011.0,37.4216386327285,3946.85503855525,3.59900580598478,34.9,41.3547096252441,83.5505043825064
Jordan,JOR,2012.0,43.9161464129347,4169.50470054618,3.63716008451231,37.0,41.3547096252441,84.9592629639423
Jordan,JOR,2015.0,36.6284278762539,4042.75678097555,3.71272133351629,54.22000122,41.3547096252441,89.8881391939133
Jordan,JOR,2016.0,34.0612635636995,3986.71677010853,3.45282006263733,56.15000153,41.3547096252441,90.56272794707
Jordan,JOR,2017.0,28.6210570991622,4065.61628749384,3.21305990219116,64.5,48.2837409973145,90.8764609714428
Jordan,JOR,2018.0,31.5562985544301,4145.43989673265,2.95461988449097,65.2,43.7317199707031,91.2008859099729
Jordan,JOR,2019.0,30.1108403894558,4170.1144003465,2.98846006393433,70.08470154,41.9079741685744,91.515966492507
Jordan,JOR,2020.0,30.2879665605319,4022.0401356135,3.55303483980158,78.4178009,50.2436408996582,91.8216722992319
Jordan,JOR,2021.0,30.451314266821,4183.49998326866,3.13837003707886,85.999997,42.3314729836131,92.117972910453
Jordan,JOR,2022.0,32.5119829829151,4332.25159897931,3.15300011634827,90.4999984,42.4711233896905,92.4048379066163
Jordan,JOR,2023.0,33.0567036969523,4466.08314208575,3.51486315596325,92.53443944,42.5563812255859,92.682236868336
Jordan,JOR,2024.0,35.9184001120427,4618.09592498567,3.23356008529663,95.62244985,42.5563812255859,92.9501393764286
Kazakhstan,KAZ,2000.0,30.799259185791,1180.0444563226,3.25662994384766,0.668594402621264,97.399787902832,56.0239607657944
Kazakhstan,KAZ,2006.0,54.5240592956543,5030.13494711519,2.62679004669189,3.268399954,97.399787902832,54.4137278108953
Kazakhstan,KAZ,2010.0,46.7229330476587,8793.07589980782,3.58735481721566,31.6,97.399787902832,54.2054127497102
Kazakhstan,KAZ,2011.0,50.4275094921369,11287.1464926039,3.6143401736456,50.6,97.399787902832,54.3996086425518
Kazakhstan,KAZ,2012.0,52.1525037230692,12018.7966527993,3.90163701288194,61.9066274652008,97.399787902832,54.69208192838
Kazakhstan,KAZ,2013.0,45.8669276379862,13478.459627612,3.44564886564109,63.30422443,97.399787902832,55.0779764821252
Kazakhstan,KAZ,2014.0,51.0877733655657,12427.7094576939,3.42903954512824,66.0,97.399787902832,55.5524361787178
Kazakhstan,KAZ,2015.0,48.3464575023644,10196.1226255982,2.78858995437622,70.82993359566,97.399787902832,56.1106048930882
Kazakhstan,KAZ,2016.0,46.0492258820674,7475.56688689424,2.9780900478363,74.5877264735738,97.399787902832,56.7476265001667
Kazakhstan,KAZ,2017.0,49.9712092283595,8943.08416791984,2.75081992149353,76.4267482325439,97.399787902832,57.4586448748837
Kazakhstan,KAZ,2018.0,51.9662639587064,9472.48527327758,2.61595010757446,78.9039190578816,97.399787902832,58.2388038921695
Kazakhstan,KAZ,2019.0,57.3421123781351,9457.12614657136,2.8569700717926,81.8776204746284,94.3147125244141,59.0832474269546
Kazakhstan,KAZ,2020.0,62.2921373672319,8781.50797787648,4.44620380169618,85.94259898,94.3147125244141,59.9871193541692
Kazakhstan,KAZ,2021.0,59.3849415869809,9983.60103576902,4.38569397571466,90.9239507,94.3147125244141,61.030254280267
Kazakhstan,KAZ,2022.0,57.2459264222925,11255.3396437881,4.36185360851405,92.29685266,94.3147125244141,61.444157327248
Kazakhstan,KAZ,2023.0,54.6563982045582,12879.4275257974,4.86469984054565,92.87846096,94.3147125244141,61.7560919499181
Kazakhstan,KAZ,2024.0,53.4564204414133,14154.6324958076,4.86469984054565,93.39167254,94.3147125244141,62.072531584162
Kazakhstan,KAZ,2025.0,52.8612860406142,14154.6324958076,4.86469984054565,93.39167254,94.3147125244141,62.072531584162
Kenya,KEN,2000.0,2.81501007080078,414.626365130846,5.1867299079895,0.318059713612037,23.1419269023706,19.4553832211834
Kenya,KEN,2001.0,2.88299989700317,410.700452474814,5.20621013641357,0.619782266151425,23.1419269023706,20.4416297068833
Kenya,KEN,2002.0,2.87671995162964,402.936385605382,6.17199993133545,1.20777388492125,23.1419269023706,21.8586568137501
Kenya,KEN,2004.0,2.96267008781433,463.662781300121,6.79693984985352,3.0235280420962,23.1419269023706,25.4147539714454
Kenya,KEN,2005.0,3.00099992752075,523.456312433863,7.3356499671936,3.101900101,23.1419269023706,27.2686745625048
Kenya,KEN,2009.0,3.99230003356934,1047.9678324485,7.3356499671936,6.1,27.0562896728516,31.8603086707305
Kenya,KEN,2015.0,9.25319496188721,1489.11959777284,4.74349021911621,16.5878548475992,27.0562896728516,31.7338026039958
Kenya,KEN,2016.0,11.6347883294504,1554.12610314423,4.89518022537231,16.6,27.0562896728516,31.6502520105647
Kenya,KEN,2017.0,11.8049232142021,1667.48447230835,4.96308994293213,17.82710075,27.0562896728516,31.5383650847102
Kenya,KEN,2019.0,10.4975595474243,1960.40808854893,5.37359210998097,22.6687733618171,34.5131301879883,31.1895566421135
Kenya,KEN,2023.0,8.67676730066979,1942.58802756191,3.96229304413263,32.07040024,34.5131301879883,31.6330340816429
Kenya,KEN,2024.0,10.4185962462804,2132.43452097647,4.02242346098974,34.97622513,39.2403411865234,31.8937831721599
Kiribati,KIR,2024.0,4.96087980270386,2288.63471423684,,89.44029999,13.7559499740601,62.4620431275642
"Korea, Dem. People's Rep.",PRK,2009.0,30.1253795623779,,,,,60.1544414620403
"Korea, Dem. People's Rep.",PRK,2011.0,29.8180599212646,,,,,60.4836230684404
"Korea, Dem. People's Rep.",PRK,2015.0,27.9393501281738,,,,,61.3247571174501
"Korea, Dem. People's Rep.",PRK,2018.0,26.7206192016602,,,,,62.0826119807623
"Korea, Rep.",KOR,2000.0,74.6898574829102,12710.2995795579,4.24247980117798,44.7,63.714599609375,79.579960745642
"Korea, Rep.",KOR,2001.0,77.3433532714844,11981.4828218758,4.24247980117798,56.6,64.6713995862192,79.8787704357425
"Korea, Rep.",KOR,2002.0,80.7160491943359,13642.9424537101,4.24247980117798,59.4,65.6396512686268,80.2766294544335
"Korea, Rep.",KOR,2003.0,84.4563903808594,15211.5483770422,4.24247980117798,65.5,67.0009499535693,80.707793508044
"Korea, Rep.",KOR,2004.0,89.8009033203125,17121.6301633201,4.24247980117798,72.7,67.9920073115219,81.104386778171
"Korea, Rep.",KOR,2005.0,95.3700103759766,20167.0474902506,4.24247980117798,73.5,69.2535018920898,81.3901352283669
"Korea, Rep.",KOR,2006.0,99.9493103027344,22609.7059431449,4.24247980117798,78.1,70.1374077712117,81.566462110512
"Korea, Rep.",KOR,2007.0,102.949272155762,25078.4853957105,4.24247980117798,78.8,71.185872868019,81.712125801927
"Korea, Rep.",KOR,2008.0,103.136177062988,22252.3125108061,4.24247980117798,81.0,71.842349671389,81.8350833138518
"Korea, Rep.",KOR,2009.0,102.658447265625,19937.3029137734,4.24247980117798,81.6,66.0361862182617,81.9245045084002
"Korea, Rep.",KOR,2010.0,101.673286437988,24071.2620526362,4.24247980117798,83.7,72.7248001098633,81.9685075986486
"Korea, Rep.",KOR,2011.0,100.819679260254,26175.2398553363,4.24247980117798,83.7591201534472,73.3761603967575,81.9615408086376
"Korea, Rep.",KOR,2012.0,98.286979675293,26600.5477433903,4.24247980117798,84.07,74.0698271328845,81.9087898200378
"Korea, Rep.",KOR,2013.0,96.3375015258789,28449.3591104972,4.24247980117798,84.77,74.8261566150981,81.8269383502703
"Korea, Rep.",KOR,2014.0,94.4421691894531,30667.0912467447,4.24247980117798,87.5568264944747,75.9209590034861,81.7315682816954
"Korea, Rep.",KOR,2015.0,93.9676513671875,30171.7906545222,4.24247980117798,89.8962557995106,76.4498977661133,81.639489860678
"Korea, Rep.",KOR,2016.0,93.6577224731445,30832.0628072516,4.11502981185913,92.8430256796075,77.3171786972979,81.5559241797057
"Korea, Rep.",KOR,2017.0,93.7230224609375,33296.9845439195,4.10775995254517,95.0694218761004,77.6303782354792,81.471030429984
"Korea, Rep.",KOR,2018.0,93.3281784057617,35363.9508228687,4.21645021438599,96.0228595797887,77.9471091670413,81.3823523035196
"Korea, Rep.",KOR,2019.0,93.9989166259766,33826.9443301597,4.41813993453979,96.157579184239,78.4517571356137,81.2901063535619
"Korea, Rep.",KOR,2020.0,96.8767700195312,33645.7719545073,4.52706003189087,96.50506052,78.8234253406257,81.1759595622913
"Korea, Rep.",KOR,2021.0,100.359878540039,37518.4635305697,4.55590009689331,97.57132698,79.3377764616616,81.1616526507785
"Korea, Rep.",KOR,2022.0,102.813056945801,34822.4048404971,5.40910005569458,97.16855335,79.7711683014088,81.1624941626873
"Korea, Rep.",KOR,2023.0,106.709167480469,35674.095995632,5.40910005569458,97.41597478,80.8621974386382,81.1645551720421
"Korea, Rep.",KOR,2024.0,111.853302001953,36238.639908315,5.40910005569458,97.89563777,81.467907393989,81.1682528469686
Kuwait,KWT,2001.0,18.3207397460938,17374.2318664227,6.5858302116394,8.55179243431475,29.9012699127197,99.2347539628831
Kuwait,KWT,2002.0,19.2795295715332,18512.7523035862,6.551109790802,10.2489679289296,29.9012699127197,99.5090276880805
Kuwait,KWT,2003.0,19.5890598297119,22690.655175144,6.551109790802,22.4029383804612,29.9012699127197,99.7655794280652
Kuwait,KWT,2004.0,19.9746398925781,27552.2827399787,5.53506994247437,22.9271120360078,29.9012699127197,99.94716743531
Kuwait,KWT,2014.0,55.893130577116,44368.7813457751,5.53506994247437,78.69999695,29.9012699127197,100.0
Kuwait,KWT,2015.0,58.9434554973822,29882.2126495698,5.53506994247437,82.0,29.9012699127197,100.0
Kuwait,KWT,2016.0,59.2213394214596,27323.6890735517,5.95593958839578,85.59999847,29.9012699127197,100.0
Kuwait,KWT,2017.0,54.9159622359267,29047.6536135703,6.35444222156987,97.9999893344615,30.6030693054199,100.0
Kuwait,KWT,2018.0,52.1066893601774,32067.9623756889,6.39165256830382,99.5988495907557,31.1964302062988,100.0
Kuwait,KWT,2019.0,50.4400595299189,31707.8737443551,6.72789551402991,99.5426764518489,31.1964302062988,100.0
Kuwait,KWT,2020.0,53.731878917367,25236.0755848941,6.24513034913966,99.10587017,31.1964302062988,100.0
Kuwait,KWT,2021.0,51.8967176944636,34018.6342592913,7.76246706467929,99.7,31.1964302062988,100.0
Kyrgyz Republic,KGZ,2000.0,33.69287109375,279.621738464365,3.50838994979858,1.04140114469361,88.3701934814453,35.3216067847574
Kyrgyz Republic,KGZ,2001.0,39.2672080993652,308.41129550148,3.85418009757996,3.00294132719239,88.3701934814453,35.3160273737858
Kyrgyz Republic,KGZ,2002.0,42.2281188964844,321.726775366804,4.44545984268188,2.99926518003089,88.3701934814453,35.3118703235333
Kyrgyz Republic,KGZ,2003.0,39.491138458252,380.505828812441,4.47541999816895,3.90876626828521,88.3701934814453,35.3086519815317
Kyrgyz Republic,KGZ,2004.0,39.1110000610352,433.233873286,4.62243986129761,5.09038530732863,88.3701934814453,35.3058886953128
Kyrgyz Republic,KGZ,2005.0,40.615779876709,476.548193640077,4.87384986877441,10.53380013,88.3701934814453,35.3030968124082
Kyrgyz Republic,KGZ,2006.0,41.6426811218262,543.113512472219,5.54987001419067,12.30690002,88.3701934814453,35.2997926803498
Kyrgyz Republic,KGZ,2007.0,41.4537391662598,721.771577544361,6.46697998046875,14.03,88.3701934814453,35.2954926466692
Kyrgyz Republic,KGZ,2008.0,45.5842208862305,966.388569370494,5.91317987442017,15.69999981,88.3701934814453,35.2897130588983
Kyrgyz Republic,KGZ,2009.0,43.4328689575195,870.198894546917,6.23267984390259,16.0,88.3701934814453,35.2815523593591
Kyrgyz Republic,KGZ,2010.0,42.2182042645436,876.954476440354,5.81884002685547,16.29999924,88.3701934814453,35.267768240398
Kyrgyz Republic,KGZ,2011.0,42.4374714139813,1117.40174350185,6.79061985015869,17.5,88.3701934814453,35.2466507961984
Kyrgyz Republic,KGZ,2012.0,45.2330629115781,1168.62244675446,7.38423013687134,19.79999924,88.3701934814453,35.218916221918
Kyrgyz Republic,KGZ,2013.0,48.5727890390198,1269.66303464348,6.78020000457764,23.0,88.3701934814453,35.1850529225105
Kyrgyz Republic,KGZ,2014.0,46.360320327803,1264.52668823891,5.53159999847412,28.29999924,88.3701934814453,35.1455493029297
Kyrgyz Republic,KGZ,2015.0,46.5495890237956,1105.65193844261,5.98551988601685,30.24699974,88.3701934814453,35.1008937681291
Kyrgyz Republic,KGZ,2016.0,44.5886036787376,1103.27489428412,6.58616018295288,40.52619934,88.3701934814453,35.0515747230627
Kyrgyz Republic,KGZ,2017.0,41.5760302696793,1221.39046807082,6.02618980407715,50.80530167,88.3701934814453,34.9980805726839
Kyrgyz Republic,KGZ,2018.0,39.5679556504749,1283.5203037417,5.55267000198364,62.8,88.3701934814453,34.9408997219466
Kyrgyz Republic,KGZ,2019.0,40.8257000638543,1421.99927504102,5.0802698135376,64.1,88.3701934814453,34.8805205758044
Kyrgyz Republic,KGZ,2020.0,45.3327840830343,1229.51766602907,5.7331600189209,72.0,88.3701934814453,34.8174315392111
Kyrgyz Republic,KGZ,2021.0,51.6239256637785,1349.99730650542,5.16667985916138,77.11769867,88.3701934814453,34.7521210171204
Kyrgyz Republic,KGZ,2022.0,54.2184527097527,1739.72018344174,7.16884382244099,84.1937027,88.3701934814453,34.7003053497743
Kyrgyz Republic,KGZ,2023.0,53.588822099772,2138.22210211478,6.82694680798777,91.04440308,88.3701934814453,34.706439175362
Kyrgyz Republic,KGZ,2024.0,53.1743590503791,2420.18542283831,6.82694680798777,92.0286026,88.3701934814453,34.7219977865937
Kyrgyz Republic,KGZ,2025.0,53.8761747562613,2420.18542283831,6.82694680798777,92.0286026,88.3701934814453,34.7219977865937
Lao PDR,LAO,2000.0,2.64691996574402,318.749852236965,1.50369000434876,0.111044032290124,17.9590577636255,22.1840964350091
Lao PDR,LAO,2001.0,3.04713988304138,320.316005439568,1.9902800321579,0.181664460654566,17.9590577636255,23.3728884682287
Lao PDR,LAO,2002.0,4.05916023254395,313.350817148131,2.82522010803223,0.267899241309349,17.9590577636255,24.5247834668291
Lao PDR,LAO,2003.0,4.79725980758667,355.097216151461,2.82522010803223,0.333912466428616,17.9590577636255,25.5945881340707
Lao PDR,LAO,2004.0,5.579430103302,409.296298284117,2.41300010681152,0.361434490258043,17.9590577636255,26.5371091732139
Lao PDR,LAO,2005.0,7.60128021240234,466.061506997741,2.4140899181366,0.850399971,17.9590577636255,27.3224977292697
Lao PDR,LAO,2006.0,8.78625965118408,579.391947440719,2.95879006385803,1.16989994,17.9590577636255,28.0378756242097
Lao PDR,LAO,2007.0,11.2626600265503,697.323013673925,3.07841992378235,1.64,17.9590577636255,28.7343050001346
Lao PDR,LAO,2008.0,13.0783004760742,885.747376088762,2.27854990959167,3.55,17.9590577636255,29.4034348148069
Lao PDR,LAO,2009.0,16.2123508453369,935.03237283283,1.65485000610352,6.0,17.9590577636255,30.0420311503825
Lao PDR,LAO,2010.0,16.6638298034668,1125.91610151261,1.70978999137878,7.0,17.9590577636255,30.6468600890172
Lao PDR,LAO,2011.0,17.4954696423161,1361.54704394913,1.70801997184753,9.0,17.9590577636255,31.2146877128668
Lao PDR,LAO,2012.0,17.330766926856,1563.5650771337,1.82147002220154,10.74769974,17.9590577636255,31.7422801040872
Lao PDR,LAO,2013.0,18.9224448772621,1812.51774424651,3.23380994796753,12.5,17.9590577636255,32.2264033448341
Lao PDR,LAO,2014.0,18.4954952643985,1981.03910900473,2.93781995773315,14.26000023,17.9590577636255,32.6638235172635
Lao PDR,LAO,2015.0,18.1574846273063,2121.01339097363,2.73689787884215,18.20000076,19.7857751674494,33.1240204432199
Lao PDR,LAO,2016.0,17.0880719461771,2303.22156035363,2.77442976110388,21.87000084,19.7857751674494,33.8267455533474
Lao PDR,LAO,2017.0,15.4112577339384,2432.43059478511,2.49797261414021,25.51040077,14.6407804489136,34.5115346444216
Lao PDR,LAO,2018.0,14.4969749098337,2545.1075420815,2.33501229018316,36.27130127,14.6407804489136,35.2050070032013
Lao PDR,LAO,2019.0,13.7404020217342,2589.32081035237,2.12201393748998,47.03229904,14.6407804489136,35.9072880879451
Lao PDR,LAO,2020.0,12.561911777868,2583.77730696131,1.91597273223857,54.0,14.6407804489136,36.6185033569111
Lao PDR,LAO,2021.0,12.4396649191011,2526.05105018529,1.85949176876536,62.0,14.6407804489136,37.338778268357
Lao PDR,LAO,2022.0,13.677811550152,2046.40440255621,1.46083440434069,64.54000092,23.9881845934688,38.0682382805397
Lao PDR,LAO,2023.0,14.8841695785522,2066.94979776957,1.23375160355741,64.39800262,20.6181392669678,38.8070088517156
Latvia,LVA,2001.0,63.4917602539062,3504.61829462397,5.56101989746094,7.21934580836289,77.0435385879083,68.0163660524785
Latvia,LVA,2002.0,67.8093032836914,4003.60935783538,5.78911018371582,21.94,77.0435385879083,67.9813450702046
Latvia,LVA,2003.0,71.0342407226562,4914.57992829302,5.2944598197937,26.98,77.0435385879083,67.9493840506358
Latvia,LVA,2004.0,74.6085586547852,6109.73265186817,5.04684019088745,38.58,79.054931640625,67.9206702831277
Latvia,LVA,2005.0,75.4191970825195,7283.78738127622,5.04684019088745,46.0,80.0776062011719,67.8953910570353
Latvia,LVA,2006.0,74.5965118408203,9211.7374468148,4.94490003585815,53.63,86.0154418945312,67.873733661714
Latvia,LVA,2007.0,73.0432968139648,13370.9789452508,4.89059019088745,59.17,80.3266220092773,67.8558853865191
Latvia,LVA,2008.0,72.3635406494141,15677.6080864506,5.63671016693115,63.41,82.1596908569336,67.8420335208058
Latvia,LVA,2009.0,73.0548934936523,11996.0322729773,5.67728996276855,66.84,83.6827926635742,67.8323653539295
Latvia,LVA,2010.0,69.0510406494141,11188.4191700977,5.14355993270874,68.42,85.2115631103516,67.8270681752453
Latvia,LVA,2011.0,67.9534683227539,12902.574053337,5.24315977096558,69.7499545592245,84.8115615844727,67.8266897008267
Latvia,LVA,2012.0,66.6435470581055,13329.3499931271,6.83852005004883,73.1199437663748,86.0879516601562,67.8331638942219
Latvia,LVA,2013.0,69.0765991210938,14484.4715282132,7.24962997436523,75.2344,86.8599090576172,67.847334482933
Latvia,LVA,2014.0,70.8979415893555,15185.814581236,5.47479009628296,75.8261041383556,87.7997283935547,67.8686035364944
Latvia,LVA,2015.0,74.2998809814453,13321.9753140616,5.46670007705688,79.2005829239344,88.2903366088867,67.8965395668259
Latvia,LVA,2016.0,80.6048126220703,13838.5266823272,4.82350015640259,79.8420977843089,88.7302703857422,67.9307110858472
Latvia,LVA,2017.0,88.0574264526367,15132.4958333982,4.52905988693237,80.1140770037369,88.7302703857422,67.9706866054779
Latvia,LVA,2018.0,93.0244827270508,17252.1710428626,4.39430999755859,83.5771748630956,90.3030319213867,68.0160346376376
Latvia,LVA,2019.0,94.8645324707031,17294.9751600969,4.58675003051758,86.13545644343,90.9270706176758,68.066323694246
Latvia,LVA,2020.0,94.5108337402344,17564.2321549354,4.99749994277954,88.89796078,90.9270706176758,68.1211222872228
Latvia,LVA,2021.0,93.4839324951172,20261.8887788916,4.76774978637695,91.17964988,89.2987290021353,68.1808791463693
Latvia,LVA,2022.0,91.3303680419922,20221.103686109,4.3196702003479,91.03009059,89.8385781340585,68.2570218109034
Latvia,LVA,2023.0,85.7360610961914,22710.2637544197,4.3196702003479,92.18791291,89.2361244240762,68.3586316343061
Latvia,LVA,2024.0,82.917350769043,23409.0845154775,4.3196702003479,92.70757011,89.2361244240762,68.4839492628509
Least developed countries: UN classification,LDC,2000.0,3.65261006355286,333.3638860949,2.5650200843811,0.7,,25.2969777478564
Least developed countries: UN classification,LDC,2001.0,4.12803983688354,313.947863828234,2.56497991085052,0.7,,25.7042514408011
Least developed countries: UN classification,LDC,2002.0,4.23750019073486,337.91579001411,2.34950995445252,0.7,,26.1235987482496
Least developed countries: UN classification,LDC,2003.0,4.41347980499268,373.651845746871,2.34950995445252,0.7,,26.5647090012624
Least developed countries: UN classification,LDC,2004.0,4.49539995193481,419.798333896442,2.46342992782593,0.7,,27.0325253025417
Least developed countries: UN classification,LDC,2005.0,4.85500001907349,487.199978520551,2.53538501262665,0.7,,27.5133376115852
Least developed countries: UN classification,LDC,2006.0,5.29082012176514,552.743616465105,2.56340003013611,1.0,,28.0028072939355
Least developed countries: UN classification,LDC,2007.0,5.69760990142822,648.581446944078,2.56340003013611,1.8,,28.4595932639011
Least developed countries: UN classification,LDC,2008.0,6.30137014389038,778.614114766785,2.72311997413635,2.2,,28.9917994038686
Least developed countries: UN classification,LDC,2009.0,7.15224981307983,751.671383860855,2.79660499095917,2.6,,29.4725533033583
Least developed countries: UN classification,LDC,2010.0,7.9300799369812,831.532954611079,2.70853996276856,3.3,,29.9310226455345
Least developed countries: UN classification,LDC,2011.0,8.46016979217529,925.130488690388,2.85346007347107,4.0,,30.3603055533776
Least developed countries: UN classification,LDC,2012.0,8.69954013824463,947.489031265643,2.63756990432739,4.8,,30.7716900531857
Least developed countries: UN classification,LDC,2013.0,8.92932033538818,1006.9873103895,3.09643006324769,6.0,,31.2005300334167
Least developed countries: UN classification,LDC,2014.0,9.0360803604126,1056.46705317141,3.12739491462708,8.2,,31.651744149734
Least developed countries: UN classification,LDC,2015.0,9.34146976470947,982.894810600519,3.25578999519348,10.7,,32.1047483080213
Least developed countries: UN classification,LDC,2016.0,9.60595035552979,966.721782937566,2.8367649131676,13.8,,32.5666253276981
Least developed countries: UN classification,LDC,2017.0,9.68212985992432,1035.19428808636,3.06987500190735,16.2,,33.039366595905
Least developed countries: UN classification,LDC,2018.0,10.154990196228,1080.56177999961,3.02797496318817,19.5,,33.5157241184012
Least developed countries: UN classification,LDC,2019.0,10.6823301315308,1105.24693378698,2.90405352345344,21.2,,33.9602697628177
Least developed countries: UN classification,LDC,2020.0,10.5179395675659,1088.72161311357,3.06497843916225,24.1,,34.386093996674
Least developed countries: UN classification,LDC,2021.0,10.6617698669434,1175.55718251136,3.07085166362803,26.1,,34.8170450065276
Least developed countries: UN classification,LDC,2022.0,10.8424100875854,1299.36172423082,2.89168744551701,28.2,,35.2589263540141
Least developed countries: UN classification,LDC,2023.0,11.1316499710083,1257.69806699331,3.20149725837724,29.9,,35.6959352473229
Least developed countries: UN classification,LDC,2024.0,11.0492496490478,1293.40100322932,3.20149725837724,31.4,,36.1654678544613
Lebanon,LBN,2000.0,28.1094799041748,3986.83513941026,2.84148001670837,7.95274373635276,32.9284400939941,86.0
Lebanon,LBN,2001.0,31.8084697723389,4009.55929751102,2.84148001670837,6.78321977527715,32.9284400939941,86.1451238111303
Lebanon,LBN,2002.0,33.2399406433105,4290.85283803266,2.55271005630493,7.0,32.9284400939941,86.2942846645228
Lebanon,LBN,2003.0,33.0007705688477,4437.71588507526,2.55271005630493,8.0,32.9284400939941,86.4475351790771
Lebanon,LBN,2004.0,34.8977317810059,4600.68371412993,2.64094996452331,9.0,32.9284400939941,86.6049279736931
Lebanon,LBN,2005.0,36.9155197143555,4602.19804637945,2.64619994163513,10.14000034,32.9284400939941,86.7665156672703
Lebanon,LBN,2006.0,38.105541229248,4635.2514117486,2.77976989746094,15.0,32.9284400939941,86.9323508787087
Lebanon,LBN,2007.0,40.4916915893555,5125.25809960149,2.58357000350952,18.74,32.9284400939941,87.1024862269079
Lebanon,LBN,2008.0,41.7746200561523,5912.04532820842,2.01479005813599,22.53,32.9284400939941,87.2769743307677
Lebanon,LBN,2009.0,41.8963890075684,7090.85493856621,1.76570999622345,30.13999939,32.9284400939941,87.4558678091878
Lebanon,LBN,2010.0,42.1777031083244,7625.81051551165,1.61330997943878,43.68000031,32.9284400939941,87.6392192810679
Lebanon,LBN,2011.0,45.5351218323996,7834.96257108993,1.65251994132996,52.0,32.9284400939941,87.8270813653079
Lebanon,LBN,2012.0,44.9326117621184,8406.98405608118,2.14902997016907,61.24980164,32.9284400939941,88.0195066808075
Lebanon,LBN,2013.0,48.3089213263461,8162.37929361396,2.4339599609375,70.5,32.9284400939941,88.2165478464663
Lebanon,LBN,2014.0,42.9353408813477,7577.6413302369,2.4339599609375,73.0,32.9284400939941,88.4182574811842
Lebanon,LBN,2015.0,39.2905242294107,7714.1099998804,2.4339599609375,74.0,32.9284400939941,88.6246882038608
Lebanon,LBN,2016.0,42.5074771456909,8089.012088155,2.17820270841405,76.11000061,32.9284400939941,88.835892633396
Lebanon,LBN,2017.0,44.1878772500135,8608.21084982387,2.21606844423238,78.18080139,32.9284400939941,89.0519233886895
Lebanon,LBN,2018.0,47.2296269060678,9174.53666204759,2.6165251225734,80.90000153,42.0795707702637,89.272833088641
Lebanon,LBN,2019.0,50.1483937104215,8905.88005497437,2.51957250612723,81.48120117,42.4420566474187,89.4986743521503
Lebanon,LBN,2020.0,51.5677337643942,5561.19166950397,2.4354185601396,82.0664978,42.4420566474187,89.729499798117
Lebanon,LBN,2021.0,56.8657861418168,4045.37391066234,2.4354185601396,82.65599823,42.4420566474187,89.965362045441
Lebanon,LBN,2022.0,58.1761149059991,3654.35845534878,1.33151427628711,81.46479797,42.4420566474187,90.206313713022
Lebanon,LBN,2023.0,54.4012561547071,3477.72489842684,1.50416361108086,81.7059021,42.4420566474187,90.4524074197598
Lesotho,LSO,2000.0,2.08551001548767,442.779545779081,10.0915498733521,0.211806070361977,20.4669094085693,19.3273988558381
Lesotho,LSO,2001.0,2.27312994003296,412.677473676821,9.36505031585693,0.261150063093855,20.4669094085693,19.8975236019886
Lesotho,LSO,2002.0,2.2450098991394,388.92334985135,10.1004495620728,1.08394313737534,20.4669094085693,20.4926272688562
Lesotho,LSO,2003.0,2.70279002189636,583.270036200288,13.2195701599121,1.53249659019509,20.4669094085693,21.1231084926925
Lesotho,LSO,2005.0,3.44801998138428,861.381496414995,12.0796604156494,2.580199957,20.4669094085693,22.5317981562788
Lesotho,LSO,2006.0,3.67536997795105,925.467485502842,11.2712802886963,2.97970818724486,20.4669094085693,23.3329886243114
Lesotho,LSO,2012.0,10.8528418132462,1217.93071228944,11.2712802886963,10.0,20.4669094085693,29.8970340055453
Lesotho,LSO,2013.0,10.4558385996916,1151.03735837227,11.2712802886963,15.0,20.4669094085693,31.2407460933407
Lesotho,LSO,2014.0,10.4168970963646,1173.5377928819,11.2712802886963,22.0,20.4669094085693,32.6404409096604
Lesotho,LSO,2015.0,9.72517754374624,1121.19851342518,7.64272055728181,25.0,20.4669094085693,34.0903875831861
Lesotho,LSO,2017.0,10.3130654092878,1069.36673247542,8.1553201675415,39.0,20.4669094085693,36.5283648068846
Lesotho,LSO,2018.0,9.93844298033582,1170.65569702819,7.28360986709595,40.79999924,20.4669094085693,37.569092747415
Liberia,LBR,2000.0,18.5271492004394,298.485340578945,1.77711999416351,0.0177027057169472,21.7452255269655,43.7710042955819
Liberia,LBR,2010.0,9.00753004752703,492.252808033724,1.77711999416351,2.3,21.7452255269655,48.1407517057907
Liberia,LBR,2012.0,10.838520055325,638.368751462083,1.77711999416351,2.599999905,21.7452255269655,49.1773247639526
Libya,LBY,2000.0,46.5393905639648,7214.10040377084,,0.187042622337565,,86.9508513726842
Libya,LBY,2001.0,51.0642204284668,6312.80030498965,,0.366533175284228,,87.3194455877457
Libya,LBY,2002.0,56.240291595459,3718.29434696755,,2.24441822165946,,87.6256192750746
Libya,LBY,2003.0,58.543701171875,4674.09943200321,,2.81451798740855,,87.8659880500458
Liechtenstein,LIE,2003.0,20.7547206878662,90108.3673647008,2.4601399898529,58.8096918372148,,14.7291064332791
Liechtenstein,LIE,2004.0,24.6068496704102,100280.831356705,2.43333005905151,64.0074481394199,,14.6574624864307
Liechtenstein,LIE,2005.0,24.4774703979492,105295.057027611,2.43333005905151,63.37139893,,14.594120964481
Liechtenstein,LIE,2006.0,29.81715965271,114167.939211301,2.05380988121033,64.21420288,,14.5394671726401
Liechtenstein,LIE,2007.0,31.5962390899658,130492.595349517,1.92119002342224,65.0802002,,14.4938864161177
Liechtenstein,LIE,2008.0,36.7309494018555,143249.227302093,2.04836988449097,70.0,,14.4577640001239
Liechtenstein,LIE,2009.0,34.4922218322754,126024.714567466,2.04836988449097,75.0,,14.4314852298684
Liechtenstein,LIE,2010.0,36.018310546875,141089.812849014,2.04836988449097,80.0,,14.4154354105611
Liechtenstein,LIE,2011.0,43.6750984191895,158066.369379163,2.55604004859924,85.0,,14.4099998474121
Liechtenstein,LIE,2012.0,42.4966812133789,148842.035144342,2.55604004859924,89.40769958,,14.4124545370445
Liechtenstein,LIE,2014.0,37.4887084960938,178735.153020908,2.55604004859924,95.20999908,,14.4336985145967
Liechtenstein,LIE,2015.0,33.5420417785645,167187.15730982,2.55604004859924,96.6411972,,14.4535587761782
Liechtenstein,LIE,2016.0,35.0226211547852,165375.491396259,2.55604004859924,98.09390259,,14.4802918687379
Liechtenstein,LIE,2017.0,35.6219291687012,170547.092298954,2.55604004859924,99.54660034,,14.5144332791067
Liechtenstein,LIE,2018.0,38.3002700805664,174988.775083446,2.55604004859924,99.54660034,,14.5565184941154
Liechtenstein,LIE,2019.0,41.1658401489258,166907.839305016,2.55604004859924,93.14610291,,14.6070830005951
Liechtenstein,LIE,2020.0,42.5986099243164,164671.093553454,2.55604004859924,94.34999847,,14.6666622853765
Liechtenstein,LIE,2021.0,46.0189590454102,201944.830335076,2.55604004859924,95.56939697,,14.6989159370696
Lithuania,LTU,2001.0,57.3476104736328,3532.52787363242,5.83644008636475,7.17935699381369,71.5984053653866,66.9286097501613
Lithuania,LTU,2002.0,63.0700798034668,4148.13091485015,5.79093980789185,17.69,72.1603189196853,66.8887100219727
Lithuania,LTU,2003.0,69.6304168701172,5507.47434187652,5.1067099571228,25.91,73.5727726726504,66.7596664428711
Lithuania,LTU,2004.0,74.9013824462891,6734.57487061946,5.14797019958496,31.23,74.2240488903674,66.6022567749023
Lithuania,LTU,2005.0,79.7298126220703,7857.03148786492,4.87698984146118,36.22,74.1768188476562,66.5784912109375
Lithuania,LTU,2006.0,82.4531784057617,9210.10118229413,4.83653020858765,43.9,75.8550567626953,66.6381530761719
Lithuania,LTU,2007.0,82.5158309936523,12295.1212779366,4.59159994125366,49.9,76.5351486206055,66.7184982299805
Lithuania,LTU,2008.0,85.7450866699219,14955.5345462921,4.83649015426636,55.22,78.350471496582,66.7527770996094
Lithuania,LTU,2009.0,89.2521667480469,11854.3711053096,5.56941986083984,59.76,79.4271011352539,66.7816619873047
Lithuania,LTU,2010.0,86.5725708007812,11829.122609457,5.36880016326904,62.12,80.5496215820312,66.7712860107422
Lithuania,LTU,2011.0,84.0555877685547,14261.8433787325,5.15469980239868,63.6399774002179,81.6657791137695,66.7518340055756
Lithuania,LTU,2012.0,79.7516326904297,14288.1853493139,4.78232002258301,67.2299893276414,81.5528717041016,66.8536758422852
Lithuania,LTU,2013.0,74.3968200683594,15636.5252586048,4.62416982650757,68.4529,82.3100891113281,67.0092086791992
Lithuania,LTU,2014.0,72.034538269043,16446.1647181663,4.5076699256897,72.1335378644566,83.3288726806641,67.1514937628023
Lithuania,LTU,2015.0,72.1163330078125,14269.8039878287,4.21646022796631,71.3780590101754,84.3143005371094,67.2282485961914
Lithuania,LTU,2016.0,74.0858306884766,14934.2702840428,4.01143980026245,74.3766455618662,86.2218475341797,67.1894226074219
Lithuania,LTU,2017.0,76.5389785766602,16800.1510246099,3.81236004829407,77.6152565124514,87.3072128295898,67.1012954711914
Lithuania,LTU,2018.0,77.3577728271484,19247.2315367967,3.85628008842468,79.7225827680518,88.5540465271884,67.1464742010457
Lithuania,LTU,2019.0,75.0942306518555,19608.7943945553,3.9415500164032,81.5818683764046,89.6794919346865,67.245735168457
Lithuania,LTU,2020.0,73.5892868041992,20428.6478157394,4.47348022460938,83.05554724,89.8658065795898,67.4254608154297
Lithuania,LTU,2021.0,75.0314712524414,23870.4594851722,4.23977994918823,86.93054425,84.7919082641602,68.1912117004395
Lithuania,LTU,2022.0,76.9154586791992,25085.784063499,4.25285005569458,87.72420219,91.9949045446213,68.2866452426813
Lithuania,LTU,2023.0,77.0064163208008,27786.0057829276,4.25285005569458,88.50287484,92.4704079528139,68.575454583199
Lithuania,LTU,2024.0,75.6177368164062,29384.0189598663,4.25285005569458,89.16116293,92.4704079528139,68.8285833315315
Luxembourg,LUX,2001.0,9.9181604385376,48440.1420151355,3.53973007202148,36.163422506306,39.947639465332,84.8173254067976
Luxembourg,LUX,2002.0,11.6310997009277,53005.7339209179,3.53973007202148,39.84,39.947639465332,85.203425653095
Luxembourg,LUX,2003.0,12.0609903335571,65689.3214536911,3.53973007202148,54.55,50.5293502807617,85.5906295073034
Luxembourg,LUX,2006.0,9.85431003570557,90788.8004876145,3.53973007202148,72.51,60.4663559578401,86.7738936810355
Luxembourg,LUX,2008.0,10.6716299057007,120422.137934157,3.53973007202148,82.23,62.6925761242745,87.6037664162874
Luxembourg,LUX,2010.0,18.2021293640137,110885.991378721,3.53973007202148,90.62,75.5208282470703,88.48791681658
Luxembourg,LUX,2012.0,19.117790222168,112584.676270958,3.87815999984741,91.9499237417387,76.2488784790039,89.4405768017292
Luxembourg,LUX,2015.0,20.2907104492188,105462.012584423,3.76792001724243,96.3767141704759,69.071662902832,90.9893679353068
Luxembourg,LUX,2016.0,19.9203605651856,106899.293549552,3.76792001724243,98.1366986657616,69.071662902832,91.5357090052649
Luxembourg,LUX,2017.0,19.5990200042725,110193.213797228,3.48645997047424,97.3629603241751,69.071662902832,92.0963768119916
Luxembourg,LUX,2018.0,19.3915195465088,116926.759593905,3.65772008895874,97.061298705829,73.0939711225684,92.6709441899184
Luxembourg,LUX,2019.0,19.3969497680664,112696.649059674,3.73705005645752,97.120635693272,74.2218570973786,93.2589839734767
Luxembourg,LUX,2020.0,19.961389541626,116860.02817236,3.85499000549316,98.45962893,73.6529926130647,93.8600689970981
Luxembourg,LUX,2021.0,20.7341499328613,134965.815442152,3.68531990051269,98.66086333,77.0716476137358,94.5861743396533
Luxembourg,LUX,2022.0,21.032600402832,123719.658915996,3.74451994895935,98.24203749,77.2889265155403,94.7605400940185
Luxembourg,LUX,2023.0,21.5371704101562,133230.619178899,3.74451994895935,99.34785707,77.2197850510892,94.8015300320787
Luxembourg,LUX,2024.0,22.4103698730469,137781.681659123,3.74451994895935,98.7606147,77.2197850510892,94.8438702866393
"Macao SAR, China",MAC,2001.0,50.4305801391602,15810.7227666562,2.71446990966797,22.5212167700561,28.330020904541,99.9998984128371
"Macao SAR, China",MAC,2002.0,66.0375518798828,16814.9926424134,2.84295988082886,25.1718801643395,28.330020904541,100.0
"Macao SAR, China",MAC,2003.0,80.2272033691406,18589.8998330534,2.78016996383667,25.7421239826498,28.330020904541,100.0
"Macao SAR, China",MAC,2004.0,69.0725402832031,23407.1993692194,2.23348999023438,31.4840973824121,28.330020904541,100.0
"Macao SAR, China",MAC,2005.0,57.060718536377,25681.2167315221,2.2778799533844,34.86289978,28.330020904541,100.0
"Macao SAR, China",MAC,2006.0,49.7756004333496,29813.7877167933,2.19386005401611,46.4,35.6989288330078,100.0
"Macao SAR, China",MAC,2007.0,46.4321784973145,35400.2334659409,2.04345011711121,47.32699966,35.6989288330078,100.0
"Macao SAR, China",MAC,2008.0,48.17041015625,38888.5118044503,2.1964099407196,49.24,35.6989288330078,100.0
"Macao SAR, China",MAC,2009.0,56.2147483825684,40354.2810293673,2.53323006629944,54.0,35.6989288330078,100.0
"Macao SAR, China",MAC,2010.0,63.4042461657596,52596.2250160214,2.61848998069763,55.198,35.6989288330078,100.0
"Macao SAR, China",MAC,2011.0,70.3462105845473,67046.7284292101,2.67528009414673,60.2036967182195,44.8749618530273,100.0
"Macao SAR, China",MAC,2012.0,53.9347408829175,76058.0224963659,3.32516002655029,61.31,44.8749618530273,100.0
"Macao SAR, China",MAC,2013.0,61.8619153674833,87107.8313063626,2.05048990249634,65.8,44.8749618530273,100.0
"Macao SAR, China",MAC,2014.0,69.2981220657277,88355.3181764446,2.04853010177612,69.7809492200465,44.8749618530273,100.0
"Macao SAR, China",MAC,2015.0,76.1658415841584,69902.9605741233,3.00247001647949,77.6001318608868,44.8749618530273,100.0
"Macao SAR, China",MAC,2016.0,79.925,68911.6755919628,3.09952998161316,81.6429854646415,51.9776382446289,100.0
"Macao SAR, China",MAC,2017.0,81.2655086848635,77570.9876166977,2.70949006080627,83.1740890688259,51.9776382446289,100.0
"Macao SAR, China",MAC,2018.0,76.7935034802784,83588.2875009014,2.7334098815918,83.7940896091516,51.9776382446289,100.0
"Macao SAR, China",MAC,2019.0,80.0911214953271,81882.6964523869,3.0654399394989,86.4679257062588,51.9776382446289,100.0
"Macao SAR, China",MAC,2020.0,86.7956730769231,36883.6652578543,6.38948011398315,87.46230316,51.9776382446289,100.0
"Macao SAR, China",MAC,2021.0,98.9696202531646,44884.8961602393,5.10697984695435,88.46810492,51.9776382446289,100.0
"Macao SAR, China",MAC,2022.0,116.232189973615,36806.891255461,6.05706977844238,89.48549652,51.9776382446289,100.0
"Macao SAR, China",MAC,2023.0,129.151041666667,67216.3631112124,3.50183010101318,89.82640076,51.9776382446289,100.0
"Macao SAR, China",MAC,2024.0,141.864795918367,72004.7437020733,3.50183010101318,89.82640076,51.9776382446289,100.0
Madagascar,MDG,2000.0,2.02373003959656,280.282905559649,2.4386899471283,0.196394691006341,20.1356030868336,25.0095755608264
Madagascar,MDG,2001.0,1.89465999603272,319.283278235657,2.707200050354,0.222511586178292,20.1356030868336,25.3079943968146
Madagascar,MDG,2002.0,1.92859995365143,304.941777398445,2.23179006576538,0.339720154596142,20.1356030868336,25.6037489918904
Madagascar,MDG,2003.0,2.0998899936676,352.620095849925,2.61094999313354,0.423252419277809,20.1356030868336,25.8967668078478
Madagascar,MDG,2004.0,2.44068002700806,272.20074858856,2.81261992454529,0.525353654946669,20.1356030868336,26.1869753064804
Madagascar,MDG,2005.0,2.54628992080689,305.812074924388,3.30962991714477,0.567700028,20.1356030868336,26.4743019495822
Madagascar,MDG,2006.0,2.74632000923157,324.146874882604,2.83097004890442,0.607599974,20.1356030868336,26.7586741989468
Madagascar,MDG,2007.0,3.13453006744385,419.548001431865,2.90274000167847,0.649999976,20.1356030868336,27.0400195163682
Madagascar,MDG,2008.0,3.23572993278503,512.579800058444,2.55433988571167,1.649999976,20.1356030868336,27.31826536364
Madagascar,MDG,2009.0,3.44889998435974,446.315238370592,2.82512998580933,1.629999995,20.1356030868336,27.5933392025561
Madagascar,MDG,2010.0,3.61032855425362,450.009391645726,2.28856151148168,1.700000048,20.1356030868336,27.8651684949103
Madagascar,MDG,2011.0,3.99246757065153,506.163691559309,2.38168001174927,1.899999976,20.1356030868336,28.1336807024963
Madagascar,MDG,2012.0,4.04987583552392,493.511162904211,2.34067010879517,2.299999952,15.1158032004379,28.3988032871081
Madagascar,MDG,2013.0,4.186720053214,515.301589361832,1.77695000171661,3.0,15.1158032004379,28.6604637105393
Madagascar,MDG,2014.0,4.68533144082284,505.684922503435,2.3812301158905,3.700000048,15.1158032004379,28.9185894345838
Madagascar,MDG,2015.0,4.65904652237845,445.320069480568,2.21011996269226,4.173999786,19.6609597807676,29.1731079210354
Madagascar,MDG,2016.0,4.6583858057243,453.970714522463,2.68719005584717,4.713699818,19.6609597807676,29.4239466316878
Madagascar,MDG,2017.0,5.07525058069797,491.866848718929,2.70137416707567,6.406000137,19.6609597807676,29.671033028335
Madagascar,MDG,2018.0,5.11877849200791,500.45718552916,2.84409999847412,7.747799873,9.7143497467041,29.9181125346909
Madagascar,MDG,2019.0,5.28586006164551,499.818837622534,3.01338389897728,9.379400253,9.7143497467041,30.3046972370204
Madagascar,MDG,2020.0,5.17336117275841,450.771615201509,3.25443385103636,11.35470009,9.7143497467041,30.7019474167548
Madagascar,MDG,2021.0,5.3135678666922,483.469463351195,3.19807542117225,13.74590015,8.87337017059326,31.1137123216036
Madagascar,MDG,2022.0,5.87562673022926,503.51453347296,3.06772823003204,17.81170082,8.87337017059326,31.5397813465886
Madagascar,MDG,2023.0,6.1466638463036,508.718427705591,3.04770386693564,18.24080086,8.87337017059326,31.9799438860946
Malawi,MWI,2000.0,0.331539988517761,224.22415918428,3.60612988471985,0.126780944756387,7.95230058759058,14.6770603287659
Malawi,MWI,2001.0,0.364780008792877,215.474524898357,3.09834003448486,0.164020725330811,7.95230058759058,14.780400724713
Malawi,MWI,2002.0,0.385289996862411,428.210439838398,3.09834003448486,0.21509472652259,7.95230058759058,14.8722487440558
Malawi,MWI,2003.0,0.391519993543625,383.348596852642,2.20964002609253,0.278815116302304,7.95230058759058,14.9551384691108
Malawi,MWI,2004.0,0.462709993124008,404.674248445428,2.20964002609253,0.347505334967577,7.95230058759058,15.0316039821946
Malawi,MWI,2005.0,0.45329999923706,414.361121984475,2.20964002609253,0.384499997,7.95230058759058,15.1041793656241
Malawi,MWI,2006.0,0.479409992694855,440.822149023873,2.20964002609253,0.425099999,7.95230058759058,15.1753987017157
Malawi,MWI,2007.0,0.477120012044907,475.180261659331,2.20964002609253,0.965864736553132,7.95230058759058,15.2477960727861
Malawi,MWI,2010.0,1.26225889832108,683.124694716799,2.43236994743347,2.26,7.95230058759058,15.4776969380518
Malawi,MWI,2011.0,1.55183037174754,763.061000394572,2.85346007347107,3.33,10.4817046496756,15.5523153908723
Malawi,MWI,2012.0,0.838820281170415,558.46208832772,2.52861185625253,4.350599766,10.4817046496756,15.6253133040464
Malawi,MWI,2014.0,0.827777867221161,529.5133440206,3.32569003105164,5.829999924,10.4817046496756,15.766154187056
Malawi,MWI,2015.0,0.809801002249246,539.605363240686,3.85398006439209,6.0,12.3711099624634,15.8338504946918
Malawi,MWI,2018.0,1.6942403485732,533.202567189331,3.32295989990234,8.798299789,12.3711099624634,16.0221486554255
Malawi,MWI,2020.0,2.40217380732134,602.507478176106,3.32295989990234,13.89949989,12.1476697921753,16.2961471756409
Malawi,MWI,2021.0,2.39798041885226,617.446994451007,3.32295989990234,15.30300045,12.1476697921753,16.4881925800694
Malawi,MWI,2022.0,2.70813684546823,604.269740360317,2.74888371105811,16.84830093,12.1476697921753,16.7146031979436
Malaysia,MYS,2000.0,27.5522994995117,4083.52874483605,5.9716100692749,21.3847311644538,36.4070892333984,61.9694564490726
Malaysia,MYS,2001.0,26.960880279541,3943.79943910239,7.48446989059448,26.6959725007084,36.4070892333984,63.0180877676224
Malaysia,MYS,2002.0,28.92991065979,4184.03163773539,7.65792989730835,32.3382043389359,36.4070892333984,64.056368465184
Malaysia,MYS,2003.0,31.2641696929932,4465.32194567208,7.50288009643555,34.9711523397291,36.4070892333984,65.0750932867555
Malaysia,MYS,2004.0,29.779899597168,4939.24851854427,5.92389011383057,42.2522656295248,36.4070892333984,66.0647889111941
Malaysia,MYS,2005.0,27.1163005828857,5555.58179951206,5.92389011383057,48.6291702459839,27.6015205383301,67.0159820173565
Malaysia,MYS,2006.0,27.6703605651856,6158.40785533236,4.48576021194458,51.6379889864403,27.6015205383301,67.9191992840997
Malaysia,MYS,2007.0,29.375789642334,7168.93031942508,4.37253999710083,55.7,27.6015205383301,68.7649673902807
Malaysia,MYS,2008.0,32.9037017822266,8371.82156086005,3.95851993560791,55.8,27.6015205383301,69.5438130147565
Malaysia,MYS,2009.0,35.0602111816406,7191.43287234626,5.97418022155762,55.9,49.4180183410645,70.2462628363839
Malaysia,MYS,2010.0,36.6774305573553,8899.34505544675,4.96645021438599,56.3,50.9024085998535,70.8625314831025
Malaysia,MYS,2011.0,35.5661790570975,10217.1068585031,5.76293992996216,61.0,50.9024085998535,71.4245166681964
Malaysia,MYS,2012.0,36.825516807355,10600.5744240026,5.73902988433838,65.8,50.9024085998535,71.9680127926087
Malaysia,MYS,2013.0,38.0700970900265,10713.6407638899,5.48122978210449,57.05751226,50.9024085998535,72.4882717118078
Malaysia,MYS,2014.0,38.3919142029325,11013.3107334403,5.21264982223511,63.6654258813225,50.9024085998535,72.9802206910773
Malaysia,MYS,2015.0,44.289909239243,9648.6797937523,4.89487981796265,71.0640678111957,50.9024085998535,73.4387869957006
Malaysia,MYS,2016.0,45.4034659569972,9476.53409809923,4.75191020965576,78.7883099275229,58.3323707580566,73.8588978909614
Malaysia,MYS,2017.0,42.293211695146,9862.54806612235,4.6753101348877,80.1404790103961,58.3323707580566,74.2354806421432
Malaysia,MYS,2018.0,43.3100279300797,10901.8019954421,4.47865009307861,81.2010486181174,58.3323707580566,74.5634625145296
Malaysia,MYS,2019.0,40.8082966813944,10920.191763972,4.15775012969971,84.1871450078281,62.6133613586426,74.8377707734042
Malaysia,MYS,2020.0,39.7445667367633,9957.52626697613,3.91176009178162,89.55501192,62.6133613586426,75.0511895575672
Malaysia,MYS,2021.0,38.1899993008367,10903.1037480772,4.26109393398867,96.7514278,62.6133613586426,75.5088628191907
Malaysia,MYS,2022.0,36.9853099297291,11754.5678336248,3.49933781956284,97.3986404,69.8045806884766,75.9741357073003
Malaysia,MYS,2023.0,37.2745812491757,11386.0395636528,3.51481008529663,97.69272633,69.8045806884766,76.4434752105739
Malaysia,MYS,2024.0,38.5013945445142,11874.4273684245,3.51481008529663,98.0206059,69.8045806884766,76.9170296648992
Maldives,MDV,2003.0,0.21356999874115,3548.5767011056,5.32406997680664,5.97659284988557,17.3506367206136,31.3913356462169
Maldives,MDV,2007.0,10.3270502090454,5758.10286933053,4.41788005828857,16.3,17.3506367206136,35.4340781469745
Maldives,MDV,2008.0,11.3926296234131,6757.43280929292,4.470290184021,23.2,17.3506367206136,35.9335121678807
Maldives,MDV,2014.0,13.6843761236965,8939.07416571472,3.0885899066925,49.27999878,17.3506367206136,38.1938859868107
Maldives,MDV,2017.0,33.3294981245829,10509.628805812,3.82268559882407,64.95500183,16.0966701507568,39.32787719143
Maldives,MDV,2019.0,24.6480059688561,11740.2724029785,4.12356944795488,77.46970367,16.0966701507568,40.0492764783282
Maldives,MDV,2020.0,27.0805812417437,7393.8886543933,5.84760793108804,79.09780121,16.0966701507568,40.3985147902839
Maldives,MDV,2021.0,23.794640430505,10176.143882547,4.61379747500137,81.95760345,16.0966701507568,40.7398648710483
Maldives,MDV,2022.0,48.4968654322788,11786.0191492983,4.67344315449896,83.91189054,16.0966701507568,41.0641769690663
Mali,MLI,2000.0,1.77691996097565,304.652870194271,2.97156000137329,0.142545755049184,3.91251665055211,18.977631037325
Mali,MLI,2001.0,1.89023995399475,346.224554251022,2.65844988822937,0.185897413256084,3.91251665055211,19.3181950112665
Mali,MLI,2002.0,1.88522005081177,378.191678628285,2.8962299823761,0.2270455784917,3.91251665055211,19.6792980362731
Mali,MLI,2008.0,4.79010009765625,767.19483895009,2.73080992698669,1.57,3.91251665055211,22.1922849560871
Mali,MLI,2009.0,5.29625988006592,787.482564287398,3.14385008811951,1.799999952,3.91251665055211,22.6557955217884
Mali,MLI,2010.0,5.50589495885227,797.151541135109,2.70853996276856,2.0,3.91251665055211,23.1359461824894
Mali,MLI,2011.0,4.96896888641169,938.292902583696,3.14614009857178,2.2,7.96400022506714,23.6379674039304
Mali,MLI,2012.0,6.41861745428738,872.506092465564,2.90706992149353,2.799999952,7.96400022506714,24.1606168848588
Mali,MLI,2013.0,5.94123501789155,901.920957644831,2.75836992263794,3.5,7.96400022506714,24.7033626854883
Mali,MLI,2014.0,5.53504882678079,947.915033288325,3.09299993515015,7.0,5.63864113364767,25.2656728660325
Mali,MLI,2015.0,5.12750941173932,838.11986940103,3.19690990447998,10.32999992,7.51278018951416,25.847015486705
Malta,MLT,2001.0,24.9949493408203,10357.7025891731,4.15744018554688,17.8778483243348,22.7670402526856,93.3621924014528
Malta,MLT,2002.0,24.2556896209717,11251.2025296416,4.15744018554688,28.92,22.7670402526856,93.4431095912187
Malta,MLT,2003.0,30.0867691040039,13593.9787155682,4.15744018554688,31.64,22.7670402526856,93.5241031580205
Malta,MLT,2004.0,26.6235694885254,15212.1313438497,4.430260181427,34.62,22.7670402526856,93.6081858790552
Malta,MLT,2005.0,32.2053604125977,15831.344048672,4.430260181427,41.24,22.7670402526856,93.6985189936163
Malta,MLT,2006.0,31.2252807617188,16653.6036929688,4.430260181427,40.41,22.7670402526856,93.7986874969541
Malta,MLT,2007.0,34.6690711975098,19444.1741958382,5.95993995666504,46.9,23.0604000091553,93.9118231189546
Malta,MLT,2008.0,33.3216094970703,22315.3104212988,5.47429990768433,50.08,26.7146173391839,94.0294765354989
Malta,MLT,2009.0,35.7878684997559,21176.3218262672,5.04781007766724,58.86,28.5354493571736,94.1423744490362
Malta,MLT,2010.0,36.8344192504883,21946.6069636029,6.20798015594482,63.0,25.8695793151856,94.2412435620154
Malta,MLT,2011.0,39.4486618041992,23516.9691234302,7.57771015167236,68.0198237885462,27.3733997344971,94.3155916422812
Malta,MLT,2012.0,42.5473289489746,22878.3130866521,6.24788999557495,68.1998742928975,32.4356994628906,94.3626256493653
Malta,MLT,2013.0,44.4813919067383,25415.5566867731,7.40672016143799,68.9138,34.4804992675781,94.3906567856206
Malta,MLT,2014.0,45.4103507995605,27424.5765646694,6.84973001480103,73.1141157845193,35.774730682373,94.412512773898
Malta,MLT,2015.0,48.0389709472656,25529.6813337717,4.91352987289429,75.9600189752747,36.9077987670898,94.4387696268011
Malta,MLT,2016.0,49.2171897888184,26459.0770929988,4.95570993423462,78.0751488032182,38.0723686218262,94.4800033569336
Malta,MLT,2017.0,54.0890197753906,30317.2443175543,4.34281015396118,81.0119110762945,38.0723686218262,94.5691806330314
Malta,MLT,2018.0,57.8407592773438,33382.2677499267,4.34281015396118,81.6580442928014,45.2157211303711,94.7242373261706
Malta,MLT,2019.0,58.4985084533691,32421.9179752262,4.79941987991333,85.7785963798031,51.975994340011,94.9332032524644
Malta,MLT,2020.0,61.4767112731934,31823.4363934505,4.79941987991333,86.85876183,48.2728614807129,95.1841082280263
Malta,MLT,2021.0,70.2313537597656,38096.8360735119,4.92963981628418,87.46977742,56.1607146317587,95.5145343617045
Malta,MLT,2022.0,74.5901336669922,35638.8869457406,4.71258020401001,91.54062209,56.1607146317587,95.6003155132879
Malta,MLT,2023.0,80.5250091552734,40905.8059585057,4.71258020401001,92.07266941,56.1607146317587,95.6272277147965
Marshall Islands,MHL,2002.0,16.0476303100586,2566.06708799222,8.1951904296875,2.33544457522934,64.7409683839203,69.0380806209326
Marshall Islands,MHL,2012.0,29.3663060278207,3514.26515490383,8.1951904296875,12.5,64.7409683839203,74.2705132518924
Marshall Islands,MHL,2015.0,34.320987654321,3764.34426229508,8.1951904296875,19.28240013,64.7409683839203,75.4702568207363
Marshall Islands,MHL,2016.0,36.6609294320138,4229.80988911945,8.1951904296875,29.78779984,64.7409683839203,75.8524215301796
Marshall Islands,MHL,2019.0,37.3626373626374,5292.33985502306,9.88208961486816,49.75749969,64.7409683839203,76.9422712042154
Marshall Islands,MHL,2022.0,41.3350449293967,6455.66062185762,7.70088005065918,64.26719666,64.7409683839203,77.9855966195187
Marshall Islands,MHL,2024.0,37.6853055916775,7726.33668877794,7.70088005065918,65.915802,64.7409683839203,78.7325660244112
Mauritania,MRT,2001.0,3.47914004325867,651.817840199777,2.10683989524841,0.261448551967195,9.47274971008301,38.1070763150421
Mauritania,MRT,2002.0,3.0836501121521,648.879643934862,2.27714991569519,0.363229414608579,9.47274971008301,38.3900378438208
Mauritania,MRT,2003.0,3.29281997680664,732.017820812675,2.36501002311706,0.424004895843197,9.47274971008301,38.8866922319919
Mauritania,MRT,2004.0,3.34153008460998,823.554457141893,1.9507999420166,0.481470438230954,9.47274971008301,39.5685575664461
Mauritania,MRT,2005.0,3.07908010482788,998.96583416747,1.9507999420166,0.670000017,9.47274971008301,40.407151934074
Mauritania,MRT,2006.0,3.48698997497559,1300.60367988659,1.95850002765655,0.979700029,9.47274971008301,41.3739934217664
Mauritania,MRT,2007.0,3.95002007484436,1405.15016203368,1.95850002765655,1.433599949,9.47274971008301,42.4406001164139
Mauritania,MRT,2008.0,4.07179021835327,1635.5630623124,1.95850002765655,1.870000005,9.47274971008301,43.5784901049073
Mauritania,MRT,2009.0,4.12409019470215,1435.43010811893,1.95850002765655,2.279999971,9.47274971008301,44.7591814741371
Mauritania,MRT,2010.0,4.66769636853479,1659.96369705455,1.95850002765655,4.0,9.47274971008301,45.9541923109942
Mauritania,MRT,2011.0,5.06647175812938,1931.19975525465,2.33102011680603,4.5,9.47274971008301,47.1350407023691
Mauritania,MRT,2012.0,5.49335070425997,1859.11733247641,2.15821003913879,5.0,9.47274971008301,48.2732447351525
Mauritania,MRT,2013.0,5.79601450584933,1934.24103064714,2.29352998733521,6.199999809,9.47274971008301,49.3553973225913
Mauritania,MRT,2015.0,5.88425001273035,1554.94897871782,2.82956598871445,17.60000038,7.47353982925415,51.6680350049622
Mauritania,MRT,2016.0,5.56245834327609,1565.76575722696,1.94405996799469,19.23279953,7.47353982925415,52.9185627319946
Mauritania,MRT,2017.0,5.15614020144375,1615.00401327323,1.94405996799469,21.01720047,7.47353982925415,54.1970448502004
Mauritania,MRT,2018.0,5.13275480775448,1722.93528854073,1.94405996799469,22.96699905,7.47353982925415,55.1305077000081
Mauritania,MRT,2019.0,5.88823986461851,1767.072710621,1.82317996025085,25.0977993,7.47353982925415,56.0596215779146
Mauritania,MRT,2020.0,5.97194330025359,1795.76459566714,1.80263996124268,29.90649986,7.47353982925415,56.9836701058893
Mauritius,MUS,2000.0,10.6760301589966,3981.98343249582,3.71902990341186,7.28153511499385,20.3984394073486,42.063123063288
Mauritius,MUS,2001.0,16.4485702514648,3908.55694927435,3.07347989082336,8.78090401892036,20.3984394073486,41.8827214180181
Mauritius,MUS,2002.0,15.1241102218628,4073.06053055903,3.02024006843567,10.252624671916,20.3984394073486,41.6986829938864
Mauritius,MUS,2003.0,15.7577295303345,4858.26575549747,4.35718011856079,12.1871062041308,20.3984394073486,41.5127065251754
Mauritius,MUS,2004.0,17.2851009368896,5460.60800184198,4.25576019287109,13.6890885885342,20.3984394073486,41.3265540022042
Mauritius,MUS,2005.0,21.0529594421387,5354.02974260642,4.02402019500732,15.1722002,20.3984394073486,41.1419874152917
Mauritius,MUS,2006.0,23.6054592132568,5784.22491883026,3.64840006828308,16.7,20.3984394073486,40.9607687547567
Mauritius,MUS,2007.0,24.5238494873047,6677.34962448608,3.18540000915527,20.22,40.3380333081653,40.7846600109183
Mauritius,MUS,2008.0,27.0272006988525,8140.50808595895,3.06307005882263,21.81,39.5240105785597,40.6154231740954
Mauritius,MUS,2009.0,31.3993797302246,7426.88645617593,3.04731011390686,22.51,39.5240105785597,40.4548202346069
Mauritius,MUS,2010.0,33.0799908955061,8113.17670740212,3.55147004127502,28.33,42.0400852512234,40.3046131827718
Mauritius,MUS,2011.0,34.2265053809565,9324.24232310496,3.33207011222839,34.95000076,43.5839004516602,40.1665923228716
Mauritius,MUS,2012.0,40.3749497386409,9421.52514098225,3.41820001602173,35.42,44.096645435703,40.0369511615085
Mauritius,MUS,2013.0,41.4023953525386,9877.13865958834,3.56775999069214,40.116825135,45.3317058447176,39.9108848558771
Mauritius,MUS,2014.0,40.0382004235695,10490.3315563853,4.81514978408813,44.8032753683379,47.0619648931112,39.7887571971735
Mauritius,MUS,2015.0,37.760738643162,9630.5437837507,4.75847005844116,50.1393184766711,48.3445768595436,39.6709610617726
Mauritius,MUS,2016.0,38.4107692617261,10095.1225574156,4.88207006454468,52.19129944,48.6779245349184,39.5578893260494
Mauritius,MUS,2017.0,39.6618786560902,10986.7034093005,4.87887001037598,55.4032403002657,49.0464475976792,39.4499348663789
Mauritius,MUS,2018.0,40.4078098261963,11818.7480619272,4.67447996139526,58.596169704299,49.847090351973,39.3474905591359
Mauritius,MUS,2019.0,42.9878710798151,11568.2533399824,4.54195022583008,61.7299551453346,49.847090351973,39.2509492806955
Mauritius,MUS,2020.0,42.5378418595105,9135.84773751062,4.35243988037109,67.73290684,49.847090351973,39.1607039074325
Mauritius,MUS,2021.0,43.9577226373808,9177.71195973013,4.67151021957397,71.59999847,49.847090351973,39.077147315722
Mauritius,MUS,2022.0,44.2026816403629,10246.5017455553,4.84085988998413,75.5,51.1174122247077,39.0000125885784
Mauritius,MUS,2023.0,43.3386887794765,11269.9684462139,4.57479000091553,79.5,51.1174122247077,39.0039901092226
Mauritius,MUS,2024.0,45.7771156388358,11990.7798944837,4.247389793396,73.30793533,51.1174122247077,39.0162147027917
Mexico,MEX,2000.0,20.5259704589844,7524.0271380091,3.80870008468628,5.08138415338066,18.5773105621338,74.9203113970256
Mexico,MEX,2001.0,21.3776397705078,7952.76479510706,4.0313401222229,7.0380231165045,18.5773105621338,75.2907557567987
Mexico,MEX,2002.0,22.3153591156006,7983.03398381759,4.24307012557983,11.9,23.0,75.6840752828994
Mexico,MEX,2003.0,23.0477905273438,7434.0746485155,4.83262014389038,12.9,20.948407447291,76.046170340551
Mexico,MEX,2004.0,23.7031497955322,7849.66759649565,4.51204013824463,14.1,22.4114398956299,76.3274397419019
Mexico,MEX,2005.0,24.130989074707,8671.75891885163,4.63395023345947,17.20999908,25.8786392211914,76.4748624380269
Mexico,MEX,2006.0,24.5689697265625,9512.63575346699,4.49317979812622,19.52000046,30.2607498168945,76.4982455683657
Mexico,MEX,2007.0,25.1474304199219,10134.3327138119,4.47919988632202,20.81,30.2054595947266,76.5047326234761
Mexico,MEX,2008.0,25.7789402008057,10523.7685403244,4.60607004165649,21.71,30.3455104827881,76.5090428271033
Mexico,MEX,2009.0,26.2105903625488,8423.56933214711,4.94934988021851,26.34,31.3502693176269,76.5143930040295
Mexico,MEX,2010.0,27.1670207977295,9728.80078377082,4.93697023391724,31.05,29.2044105529785,76.5244441414713
Mexico,MEX,2011.0,28.0361595153809,10664.4944032313,4.9040699005127,37.1762954125184,31.2047459662045,76.5667802279537
Mexico,MEX,2012.0,29.3496494293213,10744.1335242686,4.88349008560181,39.75,33.7975082397461,76.6585199140734
Mexico,MEX,2013.0,30.3301601409912,11216.8008505428,4.50858020782471,43.46,31.6299304962158,76.7955768077952
Mexico,MEX,2014.0,31.2052898406982,11391.3773497683,5.06807994842529,44.3856962723411,31.7997303009033,76.9741367091766
Mexico,MEX,2015.0,31.9718608856201,10021.2386118827,5.05087995529175,57.4310429923633,33.3462181091309,77.1903854182753
Mexico,MEX,2016.0,38.589771270752,9097.92397674769,4.75795984268188,59.5404459967255,33.2946891784668,77.4405087351486
Mexico,MEX,2017.0,40.3390693664551,9649.27816772402,4.39752006530762,53.0317886110982,34.1090507507324,77.7206924598541
Mexico,MEX,2018.0,41.6382789611816,10084.7937562021,4.13944005966187,56.6595667981289,35.6546287536621,78.0271223924494
Mexico,MEX,2019.0,43.0441398620605,10369.5553585271,4.13944005966187,69.6321092705209,36.7302002654603,78.355984332992
Mexico,MEX,2020.0,45.1654510498047,8841.27075039868,4.4996600151062,71.49017499,38.5605812072754,78.677960602824
Mexico,MEX,2021.0,45.6506195068359,10314.0506722115,4.23823976516724,75.62650476,39.3577259193158,78.9324007418057
Mexico,MEX,2022.0,46.4061317443848,11405.7940473759,4.05987977981567,78.63217894,38.9017181396484,79.199683215791
Mexico,MEX,2023.0,47.474681854248,13860.9597809326,4.05987977981567,81.18318755,40.8621500693844,79.4734935748046
Mexico,MEX,2024.0,48.203441619873,14185.7812248529,4.05987977981567,83.12233799,40.8518714904785,79.7538805976118
"Micronesia, Fed. Sts.",FSM,2000.0,13.3582201004028,2049.3453246655,6.70687007904053,3.73486213690137,,22.3299999237061
Moldova,MDA,2010.0,38.1453631147397,2436.79935102421,7.5922999382019,29.68000031,74.4027328491211,39.2804946899414
Moldova,MDA,2011.0,39.4480430115419,2941.36224066021,7.13638019561768,32.06999969,74.4365768432617,39.3469161987305
Moldova,MDA,2012.0,40.1086414991241,3044.8084324815,6.9834098815918,34.65000153,74.5464477539062,39.3614196777344
Moldova,MDA,2013.0,41.2771708905345,3321.04397795719,5.90975516494477,37.43999863,74.1077575683594,39.4275512695312
Moldova,MDA,2014.0,52.151516238366,3289.95758568777,6.33807992935181,66.9999982002077,74.7207870483398,39.6298484802246
Moldova,MDA,2015.0,52.1000519119307,2749.55137054338,5.76665405944246,69.0000044661932,74.7263031005859,39.6954040527344
Moldova,MDA,2016.0,52.8435823784374,2847.08794770479,5.67210006713867,70.9999991066624,72.6785163222252,39.7373237609863
Moldova,MDA,2017.0,51.9490291393525,3453.26727720294,5.71017980575562,71.76709747,74.0071317255579,39.9736557006836
Moldova,MDA,2018.0,52.8423092059456,4156.44981956646,5.53886985778809,72.54239655,75.2385177612305,40.3258094787598
Moldova,MDA,2019.0,54.7812048030675,4405.33418162155,6.22578001022339,73.32610321,74.5440521240234,40.772289276123
Moldova,MDA,2020.0,56.2498196612517,4375.7788930524,6.60125017166138,74.11830139,74.7597198486328,41.3368530273438
Moldova,MDA,2021.0,61.3014036981023,5274.60582195352,5.82405996322632,74.91899872,74.7581329345703,41.8115425109863
Moldova,MDA,2022.0,68.0572346521372,5744.29618434435,6.10430002212524,74.91899872,74.7459030151367,42.4048843383789
Moldova,MDA,2023.0,71.1679028753075,6799.58594644576,6.55709981918335,76.50330353,75.4246356217162,43.0011825561523
Moldova,MDA,2024.0,74.7109378669046,7576.19589413326,6.55709981918335,77.3687973,75.2912216186523,43.516471862793
Monaco,MCO,2016.0,53.5667991638184,173604.753555915,1.37126004695892,95.20819855,,100.0
Monaco,MCO,2024.0,77.4806900024414,288001.433369041,1.37126004695892,99.04489899,,100.0
Mongolia,MNG,2000.0,29.2760200500488,476.02755082717,5.55038022994995,1.25565200358112,53.3722610473633,56.7305447074496
Mongolia,MNG,2001.0,33.2865905761719,524.453483552485,5.55038022994995,1.65323823906982,53.3722610473633,57.2155913875612
Mongolia,MNG,2002.0,34.7981109619141,570.249213248399,7.21078014373779,2.0395726034818,53.3722610473633,58.1310120482033
Mongolia,MNG,2003.0,36.878849029541,643.168068921658,7.21078014373779,2.0395726034818,59.0489661503616,59.3546986563236
Mongolia,MNG,2004.0,39.5999908447266,794.154552001815,4.32572984695435,2.0395726034818,59.0489661503616,60.7829994587671
Mongolia,MNG,2005.0,43.4830207824707,994.90010913241,4.32572984695435,9.0,59.0489661503616,62.3122627023789
Mongolia,MNG,2006.0,46.8148307800293,1329.89179579053,4.32572984695435,9.0,61.4679501199372,63.8388366340039
Mongolia,MNG,2007.0,46.9772300720215,1627.68787743359,4.69013023376465,9.0,61.4679501199372,65.2590695004873
Mongolia,MNG,2008.0,49.1745986938477,2127.42678594737,4.69013023376465,9.800000191,64.8961140298818,66.4693095486742
Mongolia,MNG,2009.0,53.1806716918945,1703.32756790019,5.14483976364136,10.0,65.4980364819218,67.3659050254095
Mongolia,MNG,2010.0,56.0776786804199,2625.21881402433,4.64510011672974,10.2,67.5730590820312,67.8298018313254
Mongolia,MNG,2011.0,56.7482133834947,3736.04201455077,4.6090202331543,12.4999911084745,67.31556720823,67.9196058798676
Mongolia,MNG,2012.0,61.3067016601562,4328.89001905655,5.19521999359131,16.4,67.2392642746782,67.9522782537785
Mongolia,MNG,2013.0,64.8171691894531,4340.14310544449,4.94078016281128,17.699984237,67.2392642746782,67.9776750055915
Mongolia,MNG,2014.0,66.6792297363281,4126.23975800524,4.71483993530273,19.9424474349209,77.6869231922225,67.9941357229626
Mongolia,MNG,2015.0,70.3587265014648,3838.92126989984,4.22361993789673,22.5000041337688,78.0789137260274,67.9999999906095
Mongolia,MNG,2016.0,65.2477111816406,3619.90026383792,5.18311023712158,22.2657705007562,79.135149095672,67.9776754820979
Mongolia,MNG,2017.0,64.4055709838867,3645.96708669551,4.06898021697998,23.71430016,79.5541693832898,67.9260583223672
Mongolia,MNG,2018.0,65.1030502319336,4107.64288528468,4.06898021697998,47.1300018848989,80.4049911993309,67.8683444833372
Mongolia,MNG,2019.0,67.970817565918,4347.54610314873,4.06898021697998,51.079994082603,78.461540222168,67.8277299551557
Mongolia,MNG,2020.0,66.2557467107749,4001.25193077703,4.06898021697998,62.50002848,77.0733413696289,68.0894771770775
Mongolia,MNG,2021.0,67.4261046440448,4517.61578018785,4.06898021697998,81.60682285,79.8019787591645,69.2153244018555
Mongolia,MNG,2022.0,67.6998728025335,4993.51487463495,4.06898021697998,81.07720184,79.1496887207031,69.783805847168
Mongolia,MNG,2023.0,67.941399950927,5838.63108083902,3.65764999389648,83.74320221,80.4743728637695,70.4464492797852
Mongolia,MNG,2024.0,69.044059753418,6750.6301157724,5.21229982376099,85.12349701,84.0449371337891,70.9566040039062
Montenegro,MNE,2000.0,18.111270904541,1627.06511911987,,25.3500686036232,64.5542526245117,59.0899260145706
Montenegro,MNE,2001.0,18.9315395355225,1909.59870186179,,25.3500686036232,64.5542526245117,60.1387879596705
Montenegro,MNE,2002.0,17.7185001373291,2106.6350684523,,25.3500686036232,64.5542526245117,61.0261817231895
Montenegro,MNE,2003.0,18.6800899505615,2789.15906483509,,25.3500686036232,64.5542526245117,61.6986616237464
Montenegro,MNE,2004.0,22.1096992492676,3380.16512135859,,25.3500686036232,64.5542526245117,62.210498320663
Montenegro,MNE,2005.0,24.9292507171631,3674.6179242797,,27.10000038,64.5542526245117,62.6763680644251
Montenegro,MNE,2006.0,29.1942901611328,4418.84951521682,,28.89999962,64.5542526245117,63.111308588912
Montenegro,MNE,2007.0,36.3274917602539,5971.84638953467,,30.79999924,64.5542526245117,63.5035790981749
Montenegro,MNE,2008.0,43.55712890625,7359.95118960869,,32.90000153,64.5542526245117,63.8414387962647
Montenegro,MNE,2009.0,51.6601409912109,6700.11405052395,,35.09999847,64.5542526245117,64.1131468872325
Montenegro,MNE,2010.0,55.2963485717773,6678.63930800758,,37.5,64.5542526245117,64.3069625751293
Montenegro,MNE,2011.0,59.0115089416504,7265.51668681954,,35.6115412460109,72.5558395385742,64.4210914835811
Montenegro,MNE,2012.0,60.3092498779297,6552.48071710904,,56.8387825490631,76.8832666061057,64.5244008658951
Montenegro,MNE,2013.0,60.4347686767578,7102.77882895852,,60.31,77.297325524433,64.6252987959653
Montenegro,MNE,2014.0,63.2196388244629,7342.17339453427,,63.8868840056697,77.8178956894038,64.7232143772459
Montenegro,MNE,2015.0,63.9372711181641,6421.00307345999,,68.1197860085679,78.6588176413347,64.8181652937171
Montenegro,MNE,2016.0,59.1839218139648,6968.01539365317,,69.8816468416779,79.2000317363869,64.9101692293409
Montenegro,MNE,2017.0,60.9102210998535,7674.2813940676,,71.2723325399382,79.9969960781922,64.9992438680584
Montenegro,MNE,2018.0,58.1831512451172,8673.59128084795,,71.5171004874886,80.6169743609381,65.0854068937869
Montenegro,MNE,2019.0,56.2633209228516,8749.02375172644,,73.4766657478691,81.8239956037765,65.1686759904159
Montenegro,MNE,2020.0,58.0944709777832,7538.53635992191,,77.60879306,81.9217723455169,65.2490688418027
Montenegro,MNE,2021.0,57.9613914489746,9317.15520065156,,82.21969752,81.9217723455169,65.3266031317675
Montenegro,MNE,2022.0,57.4317893981934,10024.5435616209,,88.22192026,81.9217723455169,65.4012965440866
Montenegro,MNE,2023.0,55.1743011474609,12259.8775034436,,88.5515976,81.9217723455169,65.4731667624849
Morocco,MAR,2000.0,10.1461200714111,1499.107421875,4.85339021682739,0.693791244805455,11.2642783769183,53.58724711125
Morocco,MAR,2001.0,10.5071296691894,1506.24523925781,4.85339021682739,1.37143810096418,11.2642783769183,53.8972613497219
Morocco,MAR,2002.0,10.6168403625488,1596.02062988281,4.85339021682739,2.37325319241544,11.2642783769183,54.222745830177
Morocco,MAR,2003.0,11.0415000915527,1941.87255859375,4.85339021682739,3.35336668122363,11.2642783769183,54.5782811140771
Morocco,MAR,2004.0,11.1358003616333,2183.55541992188,4.85339021682739,11.6079347729582,11.2642783769183,54.9787569660869
Morocco,MAR,2005.0,11.69873046875,2242.98828125,4.85339021682739,15.0844445240204,11.2642783769183,55.4397798676399
Morocco,MAR,2006.0,12.1653699874878,2438.12646484375,4.85339021682739,19.7711915653115,11.2642783769183,55.9627589629824
Morocco,MAR,2007.0,11.6039199829102,2755.5859375,4.85339021682739,21.5,11.2642783769183,56.5303841299064
Morocco,MAR,2008.0,12.6373701095581,3183.20043945313,4.85339021682739,33.1,11.2642783769183,57.1254169272616
Morocco,MAR,2009.0,13.0986795425415,3119.58862304688,4.83119010925293,41.3,11.2642783769183,57.7306189138977
Morocco,MAR,2010.0,13.9896441158412,3067.9853515625,4.83119010925293,52.0,11.2642783769183,58.3287516486646
Morocco,MAR,2011.0,15.8539977340994,3301.98876953125,4.83119010925293,46.107482597,11.2642783769183,58.902576690412
Morocco,MAR,2012.0,19.0472282489073,3164.17724609375,5.55294838577208,55.4160531914894,11.2642783769183,59.4348555979895
Morocco,MAR,2013.0,22.4068908691406,3379.7431640625,5.55294838577208,56.0,11.2642783769183,59.9083499302469
Morocco,MAR,2014.0,25.3112415031422,3435.40698242188,5.48276036642721,56.7746379160074,14.7362383090171,60.3030486171654
Morocco,MAR,2015.0,28.5519130573154,3146.24780273438,5.133369043677,57.0799993486116,14.7362383090171,60.6417124737154
Morocco,MAR,2016.0,32.0952579243239,3140.85546875,5.08530197423073,58.271236420398,14.7362383090171,60.9657656537179
Morocco,MAR,2017.0,33.4735433090703,3296.52661132813,4.73564982004448,61.7622120123071,16.6879100799561,61.2761057031842
Morocco,MAR,2018.0,35.319186358341,3501.69799804688,4.96022713486949,64.8038651924043,16.6879100799561,61.5695822753314
Morocco,MAR,2019.0,37.7212021382481,3508.09765625,5.0032567210502,84.1203630467602,16.6879100799561,61.8430450233765
Morocco,MAR,2020.0,39.6858047574445,3268.0302734375,6.28428263644307,84.12036305,16.6879100799561,62.0933436005366
Morocco,MAR,2021.0,42.531967383806,3785.93627929688,5.64273401285138,88.13031937,16.6879100799561,62.3173276600289
Morocco,MAR,2022.0,45.9400219155138,3463.1376953125,5.91224674061277,89.9,16.6879100799561,62.5118468550703
Morocco,MAR,2023.0,47.4687039298036,3813.72607421875,6.02096928801329,91.0,16.6879100799561,62.673750838878
Morocco,MAR,2024.0,48.1839617510572,4153.1943359375,6.02096928801329,91.2,16.6879100799561,62.7998124018197
Mozambique,MOZ,2000.0,0.613489985466003,327.12623979157,3.19837999343872,0.109592530041641,5.9777398109436,29.2423697311441
Mozambique,MOZ,2001.0,0.602580010890961,304.792138621913,3.19837999343872,0.160031946644069,5.9777398109436,29.4137097764239
Mozambique,MOZ,2002.0,0.682079970836639,313.886661721198,3.19837999343872,0.259612611253739,5.9777398109436,29.5686323334348
Mozambique,MOZ,2003.0,0.928529977798462,339.488737800648,3.19837999343872,0.419538843913707,5.9777398109436,29.7146340268639
Mozambique,MOZ,2004.0,1.15550994873047,400.056973161545,3.19837999343872,0.679447835392438,5.9777398109436,29.8592114813982
Mozambique,MOZ,2005.0,1.43202996253967,436.773856167384,3.85834002494812,0.854399979,5.9777398109436,30.0098613217248
Mozambique,MOZ,2006.0,2.12770009040833,457.487647833183,3.7359299659729,0.842954488044236,5.9777398109436,30.1740801725307
Mozambique,MOZ,2007.0,3.03946995735169,507.874923914304,3.7359299659729,0.91,5.9777398109436,30.3598131347122
Mozambique,MOZ,2008.0,3.51939988136292,592.159111184122,3.7359299659729,1.56,5.9777398109436,30.5625357695184
Mozambique,MOZ,2009.0,3.82146000862122,547.697144193651,3.7359299659729,2.68,5.9777398109436,30.7715592059159
Mozambique,MOZ,2010.0,4.6029332896014,496.185839392659,5.24539789470058,4.17,5.9777398109436,30.9861779822921
Mozambique,MOZ,2011.0,4.903703492415,618.17649286789,5.53052494030773,4.599999905,4.72476005554199,31.2062230032794
Mozambique,MOZ,2012.0,5.19951373358179,685.685748199513,5.5575098991394,5.0,4.72476005554199,31.4315251735105
Mozambique,MOZ,2013.0,5.59344755668074,686.505672517351,6.03575992584229,5.5,4.72476005554199,31.6619153976179
Mozambique,MOZ,2014.0,6.25049132527997,697.142680444123,6.39920843528224,6.0,4.72476005554199,31.8972245802342
Mozambique,MOZ,2015.0,6.73181717702859,610.563774706589,5.91515660575298,6.5,9.44804954528809,32.1372836259918
Mozambique,MOZ,2016.0,7.34197304077013,441.489734819071,5.80086994171143,7.0,9.44804954528809,32.3819234395234
Mozambique,MOZ,2017.0,7.24573099191356,470.93856305196,5.48664999008179,7.7963266079129,8.68706035614014,32.6274411492675
Mozambique,MOZ,2018.0,7.4630510423433,517.507260258101,5.38976001739502,10.89999962,8.68706035614014,32.9902559073541
Myanmar,MMR,2001.0,11.6847896575928,141.525660705722,0.787440001964569,0.0002892773808485,15.4172948309892,27.7107064116875
Myanmar,MMR,2007.0,11.0508098602295,419.375780725042,0.787440001964569,0.217128445069958,15.4172948309892,28.7079107938945
Myanmar,MMR,2011.0,14.3246002197266,1213.62898703376,0.787440001964569,0.98,15.4172948309892,29.2724765136213
Myanmar,MMR,2012.0,13.7377004623413,1202.6658960055,0.787440001964569,1.399999976,15.4172948309892,29.3956289363345
Myanmar,MMR,2018.0,20.3723297119141,1298.21310327675,1.99249005317688,29.37899971,15.4172948309892,29.993574050729
Namibia,NAM,2001.0,7.40269994735718,1915.58926594875,6.88886976242065,2.41697944170998,17.5516109466553,32.8575058425719
Namibia,NAM,2002.0,6.05016994476318,1772.07565537493,6.7423300743103,2.63369976876116,17.5516109466553,33.6459301456028
Namibia,NAM,2003.0,6.39102983474731,2569.24739317883,6.13713979721069,3.35983988553801,17.5516109466553,34.5460063719633
Namibia,NAM,2005.0,7.1070499420166,3685.77299991587,6.13713979721069,4.010000229,17.5516109466553,36.5870014553064
Namibia,NAM,2006.0,6.75277996063232,4017.1834716928,6.03171014785767,4.39887064732726,17.5516109466553,37.6722151614564
Namibia,NAM,2008.0,9.49368953704834,4204.78555422749,6.40342998504639,5.32900377208954,17.5516109466553,39.8328120256318
Namibia,NAM,2012.0,16.9048603106683,5942.64680978673,9.24281237985165,12.94139957,7.63892287099215,43.3804079185694
Namibia,NAM,2013.0,17.4603999838663,5346.62131149967,8.59541659523254,13.89999962,8.31469409023598,44.1106769079132
Namibia,NAM,2014.0,18.4653069281067,5378.32326241205,3.66711166353218,14.84000015,7.76275023066809,44.8214248210559
Namibia,NAM,2015.0,19.6551504993361,4774.10650865775,9.8507685020388,25.68790054,7.76275023066809,45.5103554445325
Namibia,NAM,2016.0,21.4367036193,4395.68776162376,10.5927948535144,31.0333004,7.76275023066809,46.1751725648784
Namibia,NAM,2017.0,22.4801755471009,5143.96072323076,1.39524534605831,36.83739853,7.76275023066809,46.8135799686288
Namibia,NAM,2018.0,23.7001690404035,5308.60813408705,8.88112249415185,42.8207016,7.76275023066809,47.4232814423189
Namibia,NAM,2019.0,25.8966511201824,4731.9210318831,9.32253195522987,49.77590179,7.76275023066809,48.0019807724839
Namibia,NAM,2020.0,25.9870484145026,3878.58982993966,9.27799879073429,57.8608017,7.76275023066809,48.547381745659
Namibia,NAM,2021.0,26.6057345682932,4412.8355693052,10.3914477380895,60.25999832,7.76275023066809,49.0571881483796
Namibia,NAM,2022.0,26.1092654658031,4349.79908493314,9.3919470845238,62.99720001,7.76275023066809,49.5291037671807
Nepal,NPL,2000.0,4.12185001373291,223.830289183078,2.9751501083374,0.204651683653029,16.9418601989746,31.0994241803849
Nepal,NPL,2001.0,4.40957021713257,240.795114544664,3.70837998390198,0.240015303375743,16.9418601989746,32.808952331543
Nepal,NPL,2002.0,4.98775005340576,238.89140296106,3.15282988548279,0.312956060108532,16.9418601989746,35.0358944291182
Nepal,NPL,2003.0,4.91134977340698,246.429706587633,3.11435008049011,0.382810917017044,16.9418601989746,38.045308394296
Nepal,NPL,2004.0,5.69477987289429,279.587750044428,3.1719400882721,0.449843651215974,16.9418601989746,41.6109470808194
Nepal,NPL,2005.0,7.15422010421753,309.024168339372,3.3646399974823,0.82655126590551,16.9418601989746,45.5065633424317
Nepal,NPL,2006.0,7.62671995162964,340.431796437968,3.60536003112793,1.14138916388191,16.9418601989746,49.5059100328759
Nepal,NPL,2007.0,9.50374031066895,385.449767660642,3.51721000671387,1.41,16.9418601989746,53.3827400058951
Nepal,NPL,2008.0,10.4749002456665,464.817391891529,3.8051700592041,1.73,19.8068646945664,56.9108061152324
Nepal,NPL,2009.0,10.4467401504517,473.078751198621,4.6637601852417,1.97,19.8068646945664,59.8638612146309
Nepal,NPL,2010.0,13.3236488235053,585.278491984574,3.63172006607056,7.93,19.8068646945664,62.0156581578338
Nepal,NPL,2011.0,13.2867385971183,785.518656222132,3.8426399230957,9.0,16.5839405059814,63.139949798584
Nepal,NPL,2013.0,15.4719563352624,803.269595420477,3.01811003684998,13.30000019,16.5839405059814,64.1314570156048
Nepal,NPL,2014.0,13.2380540463977,821.455224911731,3.47214007377625,15.43999958,16.5839405059814,64.5640847098488
Nepal,NPL,2015.0,12.282886814704,875.543635474862,3.25901007652283,17.58160019,16.5839405059814,64.9510094249155
Nepal,NPL,2016.0,11.0932748536215,877.256454696737,3.90320992469788,20.70000076,16.5839405059814,65.2895168835553
Nepal,NPL,2017.0,11.4357824790838,1034.28374906846,4.76723003387451,24.3,16.5839405059814,65.5768928085184
Nepal,NPL,2018.0,12.613695863565,1179.19843190389,4.43446016311646,28.60000038,16.5839405059814,65.8104229225551
Nepal,NPL,2019.0,13.8072821953912,1203.14294706401,3.89212886881753,33.33660126,12.2010698318481,65.9873929484157
Nepal,NPL,2020.0,14.2002391888535,1154.21517578318,4.24355670934502,36.96530151,12.2010698318481,66.1050886088505
Nepal,NPL,2021.0,15.243139284484,1252.75076731986,4.42801034633091,40.98910141,12.8491897583008,66.144235274522
Nepal,NPL,2022.0,14.8435874359729,1385.91066274851,4.13645081690396,45.45080185,12.8491897583008,66.2992968721053
Nepal,NPL,2023.0,19.0357612047581,1382.33055769304,3.95641148036706,45.80680084,12.8491897583008,66.5432933453944
Nepal,NPL,2024.0,21.2915596292014,1447.31004458428,3.68849173764595,46.32189941,12.8491897583008,66.772343163029
Netherlands,NLD,2001.0,52.9789810180664,26955.7128032278,4.68933010101318,49.3730621073123,61.3469195261992,80.1840578652121
Netherlands,NLD,2002.0,54.2512283325195,29446.5330872868,4.78904008865356,61.29,62.1719312178887,80.8085275226169
Netherlands,NLD,2003.0,54.9959297180176,35896.7504630706,5.0199499130249,64.35,63.9171015152637,81.3011308878582
Netherlands,NLD,2004.0,56.7709884643555,40611.3414353091,5.0411901473999,68.52,64.7281494140625,82.250953139759
Netherlands,NLD,2005.0,58.7895011901855,42165.396168388,5.08871984481812,81.0,64.9544906616211,83.5048949725161
Netherlands,NLD,2006.0,59.8265113830566,45123.5432406426,5.01913976669312,83.7,64.708899175946,84.6532280358545
Netherlands,NLD,2007.0,60.3940391540527,52100.7996285947,4.85854005813599,85.82,67.44873046875,85.4089231499726
Netherlands,NLD,2008.0,61.0170593261719,58246.7026905874,4.99737977981567,87.42,66.2211532592773,85.6149582464487
Netherlands,NLD,2009.0,61.4280090332031,53172.0261581418,5.38561010360718,89.63,66.3446197509766,86.2223179632671
Netherlands,NLD,2010.0,63.7049789428711,51305.7338533973,5.45634984970093,90.72,66.7723236083984,87.3502790247129
Netherlands,NLD,2011.0,75.518798828125,54701.7728030611,5.41595983505249,91.4199957622284,66.4095993041992,88.0059204972573
Netherlands,NLD,2012.0,75.8141632080078,50473.9442002689,5.36694002151489,92.859992359525,67.0986328125,88.5342462391333
Netherlands,NLD,2015.0,80.1601486206055,45793.8135434697,5.27802991867065,91.7241379310345,69.570442199707,90.2787737214621
Netherlands,NLD,2016.0,79.8454895019531,46808.5291492503,5.38952016830444,90.4109589041096,69.9871978759766,90.5803239452777
Netherlands,NLD,2017.0,83.2009887695312,49513.6817346384,5.08747005462646,93.1972789115646,72.7198793783845,91.1219700676602
Netherlands,NLD,2018.0,83.652473449707,53955.0770024266,5.26723003387451,91.8918918918919,71.1049575805664,92.6062472401044
Netherlands,NLD,2020.0,85.3370819091797,53467.9277413737,5.29139995574951,91.33333333,72.9593505859375,94.2532277765935
Netherlands,NLD,2021.0,89.3898620605469,60141.9880911492,5.37661981582642,92.05298013,73.8152267342655,94.6294783220315
Netherlands,NLD,2023.0,86.5938262939453,63515.6030780019,5.37661981582642,97.00680272,74.1197872066975,95.3221682092129
New Zealand,NZL,2013.0,80.388542175293,43000.4646849189,5.88539981842041,82.77999878,69.4948272705078,85.7080129786455
New Zealand,NZL,2014.0,80.7100067138672,44618.266973847,5.8033299446106,84.0,69.4948272705078,85.5076659530411
New Zealand,NZL,2015.0,82.1818466186523,38665.3723018158,5.70350980758667,85.19999695,69.6625366210938,85.1518763760531
New Zealand,NZL,2016.0,81.8633575439453,40113.7195382428,5.49972009658813,86.5,70.0286712646484,84.691365594
New Zealand,NZL,2017.0,81.2698593139648,42950.3841711138,5.27543020248413,87.69999695,70.0286712646484,84.1701025874108
New Zealand,NZL,2018.0,81.2513122558594,43257.0769238879,5.1896800994873,89.0,70.0286712646484,83.8017846685577
New Zealand,NZL,2019.0,77.5843734741211,42855.831861632,5.1741099357605,89.86370087,70.0286712646484,83.804965871667
New Zealand,NZL,2020.0,75.7348327636719,41997.7830324279,5.64268016815185,90.92099762,75.1135864257812,83.8138977095908
New Zealand,NZL,2021.0,79.4128875732422,49950.4251691316,5.5409197807312,91.99060059,75.1135864257812,83.8299382585905
New Zealand,NZL,2022.0,77.0104675292969,49099.7090423358,5.16741991043091,93.07289886,75.1135864257812,83.8547305017812
New Zealand,NZL,2023.0,76.3811416625977,49075.9562832927,5.21326017379761,93.32610321,75.1135864257812,83.8898991461229
New Zealand,NZL,2024.0,77.2406463623047,49205.1792146792,5.21326017379761,93.51930237,75.1135864257812,83.9370658833132
Nicaragua,NIC,2002.0,17.9654998779297,1014.3339042591,2.39101004600525,1.71472958428668,,55.4894961947237
Nicaragua,NIC,2023.0,30.3635101318359,2609.44492072931,2.86954998970032,60.30120087,,59.1250953674316
Niger,NER,2003.0,0.827859997749329,265.225363452469,1.93705999851227,0.155698703668983,2.47877175297484,16.2687225341797
Niger,NER,2004.0,0.796029984951019,283.468281798296,1.93705999851227,0.189933733703092,2.47877175297484,16.2687225341797
Niger,NER,2005.0,0.951579988002777,318.643121918273,1.93705999851227,0.221300006,2.47877175297484,16.2687225341797
Niger,NER,2006.0,0.960169970989227,333.345078419447,2.55851006507873,0.294,2.47877175297484,16.2675724894628
Niger,NER,2007.0,0.905510008335114,387.168065883301,3.01462006568909,0.390399992,2.47877175297484,16.2641887037781
Niger,NER,2008.0,1.03770005702972,475.044955398162,2.72311997413635,0.7,2.47877175297484,16.2586706998252
Niger,NER,2009.0,1.25635004043579,461.131533961487,3.33588004112244,0.76,2.47877175297484,16.2511180003032
Niger,NER,2010.0,1.30152108043912,474.425692340831,2.7219500541687,0.829999983,2.47877175297484,16.2416301279116
Niger,NER,2011.0,1.34816649944538,510.75956176268,3.07762002944946,0.9,2.47877175297484,16.2303066053496
Niger,NER,2012.0,1.54284142561837,528.510104469655,3.1868200302124,1.049999952,3.27811002731323,16.2141284004355
Niger,NER,2015.0,3.24257822413642,485.662574175279,4.48669004440308,2.476200104,3.27811002731323,16.3035606587493
Niger,NER,2016.0,3.45043638449437,502.706475406446,2.95843005180359,4.322800159,3.27811002731323,16.3898280543236
Niger,NER,2017.0,3.66741981878978,521.804130023434,2.57818007469177,10.2243115586561,2.08943520186499,16.5036987906896
Niger,NER,2018.0,4.33801956751366,578.568035680892,3.44956994056702,10.74180031,1.94676005840301,16.6449011799221
Niger,NER,2019.0,4.15170730347346,561.691304349698,3.53358621816013,11.28549957,3.14264233515823,16.813146499685
Nigeria,NGA,2003.0,9.28291988372803,763.388745367223,,0.558576244860521,,45.8372080921761
Nigeria,NGA,2004.0,9.52007961273193,962.48104194733,,1.28613764134527,,46.6994804889599
Nigeria,NGA,2005.0,10.0968999862671,1211.37703504386,,3.54915571796492,,47.5656414756863
Nigeria,NGA,2010.0,9.21187548100134,2202.25672957344,,11.5,,51.6778188255446
Nigeria,NGA,2011.0,9.74153350922586,2418.41316975875,,13.80000019,,52.490352424079
North America,NAC,2000.0,66.9040679931641,35151.3613936987,5.42330980300903,68.3,,79.0345872598543
North America,NAC,2001.0,71.4756927490234,35831.4569213799,4.95304012298584,68.3,,79.2668217631087
North America,NAC,2002.0,76.0470504760742,36652.0186585008,4.99306011199951,68.3,,79.5061441625505
North America,NAC,2003.0,77.6200637817383,38395.5205652019,4.99306011199951,68.3,,79.7433061273244
North America,NAC,2004.0,79.1845626831055,40788.4744089861,4.99306011199951,68.3,,79.9700743363795
North America,NAC,2005.0,78.8173599243164,43368.5783940626,4.76589012145996,68.3,,80.178299105658
North America,NAC,2006.0,81.1328964233398,45741.2633538401,4.76589012145996,69.3,,80.3600524141266
North America,NAC,2007.0,82.1136093139648,47727.7701044725,4.76642990112305,74.8,,80.5118307958947
North America,NAC,2008.0,83.0399475097656,48398.3601410965,4.62612009048462,74.3,,80.6296365766882
North America,NAC,2009.0,85.34716796875,46581.4062631638,4.84057998657227,71.9,,80.7058455421621
North America,NAC,2010.0,85.4238433837891,48545.7752706944,5.35637998580933,72.5,,80.7342788376108
North America,NAC,2011.0,85.7931976318359,50251.9815319984,5.26204013824463,71.0,,80.739712124815
North America,NAC,2012.0,86.0814895629883,51812.8921210048,5.26204013824463,75.5,,80.7337652170105
North America,NAC,2013.0,86.5340118408203,53133.8537338421,4.58899021148682,72.8,,80.7164808734964
North America,NAC,2014.0,86.5686874389648,54580.8673039295,4.84358978271484,74.4,,80.6863203799841
North America,NAC,2015.0,86.8131408691406,55285.5686917861,4.83500504493714,76.1,,80.6417223720746
North America,NAC,2016.0,86.9502792358398,56112.2253713869,4.79984998703003,86.1,,80.5816899364942
North America,NAC,2017.0,86.4250564575195,58184.8571647569,5.02647495269775,87.8,,80.5059159293977
North America,NAC,2018.0,86.4270935058594,60890.5689258698,4.89200496673584,89.1,,80.4126136678733
North America,NAC,2019.0,86.4167633056641,62874.6117089583,4.86520004272461,89.7,,80.2981427760977
North America,NAC,2020.0,86.3354034423828,61468.3372208474,5.14162993431091,90.5,,80.2018989946434
North America,NAC,2021.0,84.3603820800781,68424.560031595,5.08448505401611,91.5,,80.2350393397056
North America,NAC,2022.0,79.3105697631836,74535.6365392629,4.84426021575928,92.6,,80.2778760108654
North America,NAC,2023.0,82.2317199707031,78190.0640735535,4.84426021575928,93.3,,80.3358741691711
North America,NAC,2024.0,79.0441970825195,81275.8436781762,4.84426021575928,94.4,,80.4069097553513
North Macedonia,MKD,2000.0,22.4084796905518,1861.89899780644,3.30014991760254,2.48556631640066,51.8649178218968,58.4918382392587
North Macedonia,MKD,2001.0,24.3628692626953,1823.02267682636,3.30014991760254,3.46818460849398,51.8649178218968,58.0943199277127
North Macedonia,MKD,2002.0,26.8072891235352,1989.13537265159,3.30014991760254,17.33,51.8649178218968,57.8726144171205
North Macedonia,MKD,2003.0,27.8220596313477,2445.36286400013,3.30014991760254,19.07,51.8649178218968,57.8501791693323
North Macedonia,MKD,2004.0,28.2504692077637,2818.5814561242,3.30014991760254,24.44,51.8649178218968,57.8527941292946
North Macedonia,MKD,2005.0,29.7906494140625,3120.98401394233,3.30014991760254,26.45000076,51.8649178218968,57.8614206464767
North Macedonia,MKD,2006.0,29.2525997161865,3440.4411057968,3.30014991760254,28.62,51.8113922949686,57.8796574341199
North Macedonia,MKD,2007.0,35.2432899475098,4204.11328760452,3.30014991760254,36.29999924,54.7300570868853,57.9111032054655
North Macedonia,MKD,2008.0,39.6388511657715,5026.4202989873,3.30014991760254,46.04,53.4685962037339,57.9593566737547
North Macedonia,MKD,2009.0,39.837718963623,4799.78722768888,3.30014991760254,51.77,55.5553109520438,58.0280165522288
North Macedonia,MKD,2010.0,38.147590637207,4833.36586759968,3.30014991760254,51.9,57.1032136769685,58.1206815541291
North Macedonia,MKD,2012.0,39.7961082458496,5049.8265386157,3.30014991760254,57.449947312961,59.645118714887,58.3924217811729
North Macedonia,MKD,2013.0,38.9499015808105,5626.26115664893,3.30014991760254,65.24,60.6467546769108,58.578694432799
North Macedonia,MKD,2014.0,39.3214912414551,5925.38592218015,3.30014991760254,68.0584815397496,61.4638086717181,58.8033670608162
North Macedonia,MKD,2015.0,42.0811805725098,5262.68671928674,3.30014991760254,70.3802030766689,62.277834657197,59.0700383784659
North Macedonia,MKD,2017.0,43.5097694396973,5955.2973863451,3.30014991760254,74.5168241807954,62.277834657197,59.7437719356273
North Macedonia,MKD,2018.0,43.8547897338867,6713.98925398989,3.30014991760254,79.1677551850871,53.4467811584473,60.1580316016216
North Macedonia,MKD,2019.0,43.1991004943848,6718.85826635458,3.30014991760254,81.4128827618364,53.4467811584473,60.6286848102132
North Macedonia,MKD,2020.0,43.782169342041,6659.59651070776,3.30014991760254,81.40553811,68.3028182983398,61.1593302746435
North Macedonia,MKD,2021.0,44.3020210266113,7620.80296977508,3.30014991760254,81.873703,69.5329199114654,61.6841975628139
North Macedonia,MKD,2022.0,53.1601181030273,7606.2375253797,3.30014991760254,83.85030365,70.5153081423898,61.9530566607267
North Macedonia,MKD,2023.0,55.0082015991211,8674.35846327485,3.30014991760254,88.5,70.5153081423898,62.2518322545779
Norway,NOR,2001.0,69.9630813598633,38601.897639231,6.82014989852905,64.0,82.3717786931781,76.3958619273785
Norway,NOR,2002.0,72.3173294067383,43170.557174499,7.42243003845215,72.84,82.3717786931781,76.7955442460288
Norway,NOR,2003.0,77.970588684082,50250.3298214345,7.39930009841919,78.13,82.3717786931781,77.2600021362305
Norway,NOR,2004.0,78.612548828125,57768.6980958462,7.27745008468628,77.69,70.6149597167969,77.5684593888498
Norway,NOR,2005.0,78.4450302124023,67047.1704558264,6.84081983566284,81.99,71.2688980102539,77.8260148882032
Norway,NOR,2006.0,77.9310684204102,74434.4996835671,6.35823011398315,82.55,73.2487030029297,78.0877227783203
Norway,NOR,2007.0,77.0373611450195,85502.2677087731,6.50672006607056,86.93,73.7688369750977,78.4072502632828
Norway,NOR,2008.0,73.5914688110352,97503.5407803783,6.2491397857666,90.57,74.9272384643555,78.7541006020666
Norway,NOR,2009.0,73.0674514770508,80347.5700665184,7.07068014144897,92.08,74.8919067382812,79.0570820210427
Norway,NOR,2010.0,72.1170806884766,88163.2085931423,6.71042013168335,93.39,75.414192199707,79.245002746582
Norway,NOR,2011.0,71.0614166259766,101221.813476644,6.4148998260498,93.4899826515194,75.9920196533203,79.311620451463
Norway,NOR,2012.0,71.7047576904297,102175.919298374,7.32766008377075,94.6499780533304,80.9221100868499,79.4905925441617
Norway,NOR,2013.0,75.8635787963867,103553.840134417,7.43905019760132,95.0534,81.4295679783411,79.9723980455359
Norway,NOR,2014.0,78.109977722168,97666.6951838749,7.64402008056641,96.3005098242892,77.0060577392578,80.6117159535579
Norway,NOR,2015.0,79.206428527832,74809.9658049898,7.52335977554321,96.810325691365,77.4857177734375,81.2378240971353
Norway,NOR,2016.0,81.8827285766602,70867.3609970749,7.98443984985352,97.2982036675068,77.8364028930664,81.6800003051758
Norway,NOR,2017.0,83.7353363037109,76131.8384032764,7.84599018096924,96.3576012951191,78.2241363525391,81.9699745912375
Norway,NOR,2018.0,85.3883514404297,82792.8427113304,7.59564018249512,96.4916579887094,82.1633464745519,82.2452112401723
Norway,NOR,2019.0,85.7633819580078,76430.5889473338,7.86455011367798,98.0000043853142,78.7484436035156,82.4935894878281
Norway,NOR,2020.0,87.1685333251953,68340.0181033702,8.37281036376953,94.60755647,78.7484436035156,82.7029885700532
Norway,NOR,2021.0,93.9243011474609,93072.8925119571,6.9602198600769,99.0000036,81.8810132531688,82.8612877226956
Norway,NOR,2022.0,97.6419830322266,109269.520580298,5.43234014511108,98.99997764,80.0042561695029,82.9563661816034
Norway,NOR,2023.0,95.0573806762695,87497.2179649556,5.43234014511108,99.00000258,81.9146077307582,83.0718560702166
Norway,NOR,2024.0,95.4987564086914,86785.4334489176,5.43234014511108,99.0,81.9146077307582,83.3293737928469
Oman,OMN,2003.0,14.3313598632812,10463.5425832141,3.40857005119324,7.25574294536556,28.9503192901611,71.4926171971641
Oman,OMN,2004.0,15.1500101089478,11800.8507411171,3.5151801109314,6.75885217024525,28.9503192901611,71.5428923484265
Oman,OMN,2005.0,17.117769241333,14434.8577924647,3.07889008522034,6.683599949,28.9503192901611,71.8577803438712
Oman,OMN,2006.0,19.2329597473144,16930.8565071853,3.37333011627197,8.299699783,28.9503192901611,72.3920261203777
Oman,OMN,2007.0,20.4086494445801,18792.653772482,3.37333011627197,16.68,28.9503192901611,73.0679250158092
Oman,OMN,2008.0,20.4462108612061,26576.779241509,3.37333011627197,20.0,41.4674682617188,73.807772368029
Oman,OMN,2009.0,21.9678993225098,20655.9180249218,3.6541600227356,26.79999924,41.4674682617188,74.5338635149003
Oman,OMN,2010.0,27.8526854365953,23570.1798147325,3.6541600227356,35.8278,41.2003898620605,75.1579724666274
Oman,OMN,2011.0,31.5563508791784,25188.0074151885,3.6541600227356,48.0,41.2003898620605,75.6585803514688
Oman,OMN,2013.0,35.149615885003,23458.0233840053,4.35383987426758,66.45,41.2003898620605,76.4914234214313
Oman,OMN,2014.0,41.1818561581842,23160.6502252547,4.35383987426758,70.22000122,41.2003898620605,76.8892576748951
Oman,OMN,2015.0,45.1898945959512,18808.3077921839,4.35383987426758,73.52999878,50.3694915771484,77.3025363037955
Oman,OMN,2016.0,46.8235059845958,17110.1897460545,4.35383987426758,76.8453904741456,50.3694915771484,77.7521362304688
Oman,OMN,2017.0,43.5767818520195,17820.0661809335,5.99594020843506,80.18560028,50.3694915771484,78.3142260040136
Oman,OMN,2018.0,44.9540216505645,19901.7615642016,4.58565998077393,85.5,50.3694915771484,78.9655839720276
Oman,OMN,2019.0,45.1723183863131,19180.1864152801,5.06363010406494,90.25939941,50.3694915771484,79.5780017545962
Oman,OMN,2020.0,48.3754397440909,16784.8630630058,6.87768983840942,95.23229321,62.2254791259766,80.0176378922722
Oman,OMN,2021.0,43.8433613964625,19403.4600160211,6.87768983840942,95.23880005,62.2254791259766,80.1239942103569
Oman,OMN,2024.0,42.226921081543,20285.2272897377,6.87768983840942,95.25174678,62.2254791259766,79.4440302814714
Pakistan,PAK,2003.0,2.37435007095337,672.44178669894,1.44337999820709,5.04115812592502,19.3508655848634,33.5669209665019
Pakistan,PAK,2004.0,2.97886991500854,771.902247348954,1.44337999820709,6.16432098534156,19.3508655848634,33.7441369568158
Pakistan,PAK,2005.0,4.32808017730713,827.619861189926,1.67058002948761,6.332300186,19.3508655848634,33.9190062789495
Pakistan,PAK,2006.0,4.39564990997315,900.873564984808,1.98055994510651,6.5,23.3460502624512,34.0931793866356
Pakistan,PAK,2007.0,4.95792007446289,998.090114197524,2.23465991020203,6.800000191,20.3912199728416,34.2683067336065
Pakistan,PAK,2008.0,4.87824010848999,1067.04324565284,2.27265000343323,7.0,23.0314903259277,34.4460387735948
Pakistan,PAK,2009.0,5.97273015975952,963.788066395225,2.17916989326477,7.5,23.2996196746826,34.6280259603331
Pakistan,PAK,2010.0,7.03303843576596,987.304571124485,2.05268001556396,8.0,23.878719329834,34.8159187475539
Pakistan,PAK,2011.0,7.31739557390399,1131.73513834324,2.00100994110107,8.0,24.2565803527832,35.0113675889897
Pakistan,PAK,2012.0,8.33303617018241,1204.36475491585,1.97880005836487,8.100000381,25.6495094299316,35.2160229383731
Pakistan,PAK,2013.0,8.71835995772812,1225.4340119198,2.23698997497559,9.0,26.0706100463867,35.4315352494366
Pakistan,PAK,2014.0,8.74569228544475,1266.61340849959,2.2043399810791,10.0,27.7178897857666,35.6595549759128
Pakistan,PAK,2015.0,8.43556648904153,1380.47020838317,2.38609004020691,11.0,25.4954239952493,35.9017325715342
Pakistan,PAK,2016.0,8.31973903550878,1424.69161195897,2.66805005073547,12.385446763381,24.6280665280156,36.1597184900333
Pakistan,PAK,2017.0,8.62228080260493,1519.23459514248,2.57617998123169,13.77999973,27.2532901763916,36.4351548223399
Pakistan,PAK,2018.0,8.20683057963381,1569.33814626355,2.33216949688293,15.34000015,26.0640049316992,36.7478511550359
Pakistan,PAK,2019.0,11.103638528678,1390.41690981745,2.21492004394531,17.070901719916,26.0640049316992,37.1091631735769
Pakistan,PAK,2020.0,11.7245978752314,1278.39735206896,2.05718240718423,18.935,26.0640049316992,37.5080192948099
Pakistan,PAK,2021.0,12.3810012807012,1455.31922370186,1.68746129213991,18.935,26.0640049316992,37.9333395514173
Pakistan,PAK,2022.0,10.5057175294292,1538.3228133171,1.97300945756988,18.935,26.0640049316992,38.3740439760816
Pakistan,PAK,2023.0,10.4770304814137,1360.32417758419,1.94658005237579,18.935,26.0640049316992,38.8191861872791
Pakistan,PAK,2024.0,10.8564126844434,1478.77277977996,1.94658005237579,57.253,26.0640049316992,39.1734368360905
Palau,PLW,2000.0,45.7822113037109,7798.07504193852,7.84434986114502,20.243939470621,66.8119185019432,69.5876201801789
Palau,PLW,2001.0,36.336109161377,8239.26354006532,7.58415985107422,20.243939470621,66.8119185019432,70.5337109001769
Palau,PLW,2002.0,36.3363418579102,8340.18981304558,7.54601001739502,20.243939470621,66.8119185019432,72.3817031907384
Palau,PLW,2013.0,67.3166885375977,12698.9240118945,7.54601001739502,20.243939470621,88.0483016967773,81.0756895339142
Palau,PLW,2022.0,51.5274949083503,13729.7602761496,3.57620133415525,82.56749725,88.0483016967773,79.1134831712956
Palau,PLW,2023.0,41.130604288499,15610.8231931032,3.43726476321334,82.91629791,88.0483016967773,79.1531991438847
Palau,PLW,2024.0,71.8428437792329,15610.8231931032,3.43726476321334,83.92549896,88.0483016967773,79.2095042878667
Panama,PAN,2000.0,42.537109375,3975.09310275544,4.89397001266479,6.55479647729549,33.6772613525391,62.2165370013582
Panama,PAN,2001.0,41.646728515625,3991.77672094655,4.18935012817383,7.26839987788729,33.9,62.6337017277411
Panama,PAN,2002.0,40.7841186523438,4090.58616456082,4.2549901008606,8.51807781515595,35.4,63.0330904426342
Panama,PAN,2003.0,44.2729110717773,4264.66428949623,4.19644021987915,9.98742407723405,36.1,63.4079949945516
Panama,PAN,2004.0,43.0450782775879,4644.56581177581,3.55807995796204,11.1408625409415,37.0,63.7553758418416
Panama,PAN,2005.0,41.6649894714355,5017.74110414832,3.55807995796204,11.48400021,37.5,64.0721934428526
Panama,PAN,2006.0,42.6925010681152,5528.76705854901,3.55807995796204,17.34959984,38.0,64.355408255933
Panama,PAN,2007.0,42.9214782714844,6317.8173051466,3.55807995796204,22.29,39.2,64.6019807394311
Panama,PAN,2008.0,43.0992698669434,7347.59049046839,3.42529010772705,33.82,40.1,64.8088713516952
Panama,PAN,2009.0,43.0278511047363,7796.92618363433,3.42529010772705,39.08,41.0,64.9730405510737
Panama,PAN,2010.0,43.9639480204278,8331.46422259967,3.42529010772705,40.1,43.0041007995605,65.0926097647906
Panama,PAN,2011.0,41.8858795918623,9662.29590911979,3.07034993171692,42.7,43.3,65.1896678664818
Panama,PAN,2012.0,43.6626516529234,11064.8063662003,3.07034993171692,40.3018952210488,45.3415910802169,65.2829468288151
Panama,PAN,2014.0,44.6253501937764,13213.1989591137,3.08107995986939,44.9238152577893,46.1,65.4531164770096
Panama,PAN,2015.0,47.5819435584313,14082.6548434996,3.26552009582519,51.2054249948687,46.8,65.5287232947981
Panama,PAN,2016.0,48.3799959758914,14832.3611652459,3.32278990745544,54.0,47.8,65.5971555296656
Panama,PAN,2020.0,44.9372948646286,13290.5608397749,4.30487012863159,64.82430267,54.1473088932791,65.7862999591993
Panama,PAN,2021.0,52.7147829654218,15509.8069124139,3.71198010444641,66.04270172,51.4,65.8092302689169
Panama,PAN,2022.0,57.8162831217614,17378.6070017557,3.37781000137329,67.2838974,51.3,65.8211343914956
Panama,PAN,2023.0,53.6949637061742,18797.1933994045,2.47225999832153,68.54851592,52.6,65.8601271176084
Paraguay,PRY,2000.0,17.2918395996094,1736.11729210765,4.2302098274231,0.747630711548184,20.2,57.5141169408231
Paraguay,PRY,2001.0,19.336540222168,1637.68615122932,3.8335599899292,1.09879383569333,20.2,57.9686577349574
Paraguay,PRY,2002.0,28.3164596557617,1367.76506935997,3.40773010253906,1.79496959770244,18.6,58.3089732866691
Paraguay,PRY,2003.0,26.9151496887207,1443.99885236205,3.3827600479126,2.11194208210034,24.0787696838379,58.5521334403429
Paraguay,PRY,2004.0,27.1320304870606,1786.21533938543,2.86989998817444,3.45243843137079,21.4,58.7421370296254
Paraguay,PRY,2005.0,27.7761993408203,1970.87169852378,2.86989998817444,7.90700786141285,29.6166801452637,58.894079141979
Paraguay,PRY,2007.0,31.087760925293,3211.93621659546,2.73951005935669,11.21,26.4156303405762,59.1328545601355
Paraguay,PRY,2008.0,36.8851890563965,4384.95469437803,2.73951005935669,14.27,28.617769241333,59.2442256780564
Paraguay,PRY,2009.0,39.7724685668945,3941.84815479431,2.73951005935669,18.9,27.1444206237793,59.3666109432844
Paraguay,PRY,2010.0,37.6179261040957,4750.96273669458,2.7707200050354,19.8,29.1,59.5122792618786
Peru,PER,2000.0,33.4137687683105,1945.41338451698,3.22802996635437,3.07643061137675,41.8,72.7724831207703
Peru,PER,2001.0,29.9192008972168,1929.57273038846,3.03712010383606,7.57876295717419,42.0,73.1565814081586
Peru,PER,2002.0,30.2558097839356,2007.37019626753,2.82056999206543,8.96694917040028,43.6,73.5500651944675
Peru,PER,2003.0,30.319580078125,2129.44114197634,2.93779993057251,11.6,43.2,73.9558750733136
Peru,PER,2004.0,32.1658897399902,2397.25147277714,2.95787000656128,14.1,46.7756118774414,74.3769516383133
Peru,PER,2005.0,32.4608917236328,2706.66947297608,2.83903002738953,17.10000038,44.0397796630859,74.8162354830832
Peru,PER,2006.0,33.9184188842773,3129.55996496982,2.65281009674072,20.70000076,44.0508117675781,75.2766672012397
Peru,PER,2016.0,73.2223205566406,6217.03599995447,3.81316995620727,45.4617406869459,52.9,81.4192362241943
Peru,PER,2017.0,71.2404708862305,6736.16693725487,3.93130993843079,50.4504121848143,53.5,82.1931650502403
Philippines,PHL,2001.0,28.6476802825928,969.530611744453,2.92463994026184,2.52400566008269,48.9480529911844,39.5375185608843
Philippines,PHL,2002.0,28.3481502532959,1014.90879320106,2.89222002029419,4.33227574643007,48.9480529911844,39.9553922931877
Philippines,PHL,2003.0,27.230110168457,1027.2301192843,2.93517994880676,4.85767226708512,48.9480529911844,40.3928506135438
Philippines,PHL,2004.0,26.5457592010498,1099.63013023758,2.46983003616333,5.2436284521711,51.0981788635254,40.8507057988121
Philippines,PHL,2005.0,25.823429107666,1220.46018559867,2.32806992530823,5.397600174,51.0981788635254,41.3297701258519
Philippines,PHL,2006.0,26.2468109130859,1426.14649179546,2.42579007148743,5.74058632534702,51.0981788635254,41.8308558715226
Philippines,PHL,2008.0,27.1289901733398,1959.29233534978,2.58282995223999,6.22,51.0981788635254,43.1547492407016
Philippines,PHL,2009.0,26.6055793762207,1864.45043406471,2.53777003288269,9.0,51.0981788635254,44.3356772609527
Philippines,PHL,2010.0,27.7549235195177,2162.91375885614,2.53777003288269,25.0,55.9734687805176,45.5208176726647
Philippines,PHL,2011.0,29.0709151463153,2383.91892522087,2.53777003288269,29.0,55.9734687805176,46.6833632464759
Philippines,PHL,2012.0,29.6298942276846,2614.61644401308,2.53777003288269,30.79999924,55.9734687805176,47.9182784810426
Philippines,PHL,2013.0,31.8704183328366,2781.27957677397,2.53777003288269,32.70000076,58.4567413330078,49.1313688766206
Philippines,PHL,2014.0,33.8741923214799,2866.83803761407,2.66454238129968,34.70000076,58.4567413330078,50.2392400212368
Philippines,PHL,2015.0,35.8745887819664,2909.85818010301,2.83052303785203,36.90000153,58.4567413330078,51.1549047745227
Philippines,PHL,2016.0,38.3447414525513,2985.19564024046,3.30128109042443,39.20000076,58.4567413330078,51.9114748151175
Philippines,PHL,2017.0,33.6841018682349,3038.12124959289,3.96384087403915,41.59999847,57.8848916653618,52.6010482354344
Philippines,PHL,2018.0,28.1166228592308,3168.51036609727,3.85502760745456,44.09999847,57.8848916653618,53.2088897464754
Philippines,PHL,2019.0,30.0548680110365,3400.78949767074,3.40748649142134,43.0266118680279,57.8848916653618,53.7157859948017
Philippines,PHL,2020.0,31.6317598507085,3227.57910235199,3.85829051308063,53.76490021,57.8848916653618,54.1077719895977
Philippines,PHL,2021.0,33.6166173848126,3484.38593882819,3.87249754784633,66.90779877,32.4310847098511,54.4504102510776
Philippines,PHL,2022.0,38.4011392706768,3548.06930572116,3.57960089528426,75.21114422,34.4608001708984,54.7902343568327
Philippines,PHL,2023.0,44.2394203278519,3804.08274131097,3.6236863467978,77.86699677,34.4608001708984,55.1242716168851
Philippines,PHL,2024.0,47.4134996154186,3984.8315387656,3.92501087473821,67.26300914,34.4608001708984,55.4520983215477
Poland,POL,2001.0,56.3456916809082,5015.23790036613,5.29358005523682,9.9006697073534,71.6144959031937,61.7557708646056
Poland,POL,2002.0,59.5361404418945,5223.45178967082,5.37052011489868,21.15,71.89013671875,61.7581534555696
Poland,POL,2003.0,60.6214714050293,5720.81366178104,5.30664014816284,24.87,73.6788126819187,61.7281374379602
Poland,POL,2004.0,61.7436981201172,6711.72715262967,5.33129978179932,32.53,75.229380584443,61.6555172559989
Poland,POL,2005.0,63.7791404724121,8043.92332253757,5.41065979003906,38.81,76.454425667489,61.5497010774856
Poland,POL,2006.0,65.0900726318359,9068.85528307627,5.18848991394043,44.58,77.4255277991736,61.4199688499096
Poland,POL,2007.0,66.9424667358398,11272.5293683383,4.86086988449097,48.6,78.0281782594488,61.2756005207604
Poland,POL,2008.0,70.2946319580078,14048.5604672654,5.02344989776611,53.13,78.8397903442383,61.1258760375274
Poland,POL,2009.0,72.6793594360352,11556.3026866026,4.97665977478027,58.97,79.9086532592773,60.9800753477
Poland,POL,2010.0,76.5571212768555,12567.7317676382,5.08126020431519,62.32,80.8199768066406,60.8474783987677
Poland,POL,2011.0,75.8021011352539,13867.6669408192,4.82901000976562,61.94999896898,81.5495910644531,60.7357090652544
Poland,POL,2012.0,75.0382919311523,13087.420943321,4.83311986923218,62.3099972714691,82.0938491821289,60.6341632788866
Poland,POL,2013.0,73.317268371582,13621.9023794031,4.99779987335205,62.8492,82.8486328125,60.5333187465323
Poland,POL,2014.0,70.2389678955078,14262.2841914116,4.93858003616333,66.5987360557248,83.4857788085938,60.4340063344328
Poland,POL,2015.0,69.3731994628906,12637.5220324406,4.78748989105225,67.9969871556415,83.4857788085938,60.3362886805635
Poland,POL,2016.0,69.8503799438477,12464.0110508476,4.62726020812988,73.3007040962669,84.8603210449219,60.2402284228997
Poland,POL,2017.0,70.6174621582031,13913.3402919927,4.54246997833252,75.9853659493832,84.8603210449219,60.145888199417
Poland,POL,2018.0,71.0217437744141,15658.2120316794,4.55985021591187,77.5417345350006,84.8603210449219,60.0533306480907
Poland,POL,2019.0,70.9065017700195,15874.5220531254,4.62736988067627,80.4359068768673,84.8603210449219,59.9626184068963
Poland,POL,2020.0,70.9730377197266,16150.9304813473,4.80081987380981,83.18488715,87.7777786254883,59.8738141138092
Poland,POL,2021.0,72.2060623168945,18635.5104895754,4.61998987197876,85.37490906,87.3724212646484,59.8096513205543
Poland,POL,2022.0,75.2911071777344,18891.2121169279,4.31372976303101,86.94113479,87.3724212646484,59.8315488048321
Poland,POL,2023.0,76.8794097900391,22145.2660647429,4.31372976303101,86.414744,87.3724212646484,59.8859561370214
Poland,POL,2024.0,80.9149627685547,25103.565661423,4.31372976303101,88.58496367,87.3724212646484,59.9705468695101
Portugal,PRT,2015.0,61.7960205078125,19215.7813014347,4.89425992965698,68.6328614804299,35.4289283752441,61.137469211538
Portugal,PRT,2016.0,63.2387504577637,19980.2808866516,4.89425992965698,70.423567088723,36.7709617614746,61.1343011242723
Portugal,PRT,2017.0,64.2040176391602,21442.3842768879,5.02685022354126,73.7912139515729,37.6235198974609,61.1296726507436
Portugal,PRT,2018.0,65.1127395629883,23541.1401075289,4.6793999671936,74.6609681487507,37.0835800170898,61.1233069673808
Portugal,PRT,2019.0,66.0920562744141,23343.3628970034,4.6275200843811,75.3463779408712,40.678768157959,61.114927250613
Portugal,PRT,2020.0,68.1568908691406,22299.4044062173,4.86407995223999,78.26166044,43.4513092041016,61.1042566768691
Portugal,PRT,2021.0,72.5122375488281,24711.4510062111,4.77341985702515,82.30902804,42.2861099243164,61.0951249296597
Portugal,PRT,2022.0,75.0714797973633,24620.5197587181,4.55160999298096,84.49690644,45.6849108373722,61.1259255772782
Portugal,PRT,2023.0,77.6778182983398,27634.6183139773,4.55160999298096,85.79012676,46.3494493223657,61.2048652633664
Puerto Rico (US),PRI,2007.0,78.6092071533203,23664.8823485096,6.48106002807617,27.86,77.3127593994141,93.8788197135489
Puerto Rico (US),PRI,2008.0,84.4570999145508,24898.3345857045,6.48106002807617,38.0,77.7096862792969,93.8114589079331
Puerto Rico (US),PRI,2009.0,86.6972579956055,25768.7258883384,6.48106002807617,41.5,77.7096862792969,93.7692762093964
Puerto Rico (US),PRI,2010.0,90.7308767027593,26414.8810634548,6.48106002807617,45.3,77.7096862792969,93.7588772214391
Puerto Rico (US),PRI,2011.0,91.7977449760959,27170.0766543278,6.48106002807617,48.0,69.782341003418,93.7598202101009
Puerto Rico (US),PRI,2012.0,94.0074751455172,27742.024476618,6.48106002807617,68.9999826014151,69.9321365356445,93.7630744424317
Puerto Rico (US),PRI,2013.0,95.3715682046859,28212.0499737431,6.48106002807617,68.999990004,69.9321365356445,93.7698316907305
Puerto Rico (US),PRI,2014.0,97.2016557105489,28576.0988023209,6.07265996932983,76.1338597201667,69.9321365356445,93.7813071818968
Puerto Rico (US),PRI,2015.0,100.706557185143,29242.041465085,3.34032241682023,63.4663353848474,81.5031401480678,93.7987161428303
Puerto Rico (US),PRI,2016.0,100.643406166336,29978.0889268918,2.78358429967595,68.6438071976518,81.5031401480678,93.8232738004303
Puerto Rico (US),PRI,2017.0,100.739404309645,30328.479490518,2.72538873126429,68.7407731407209,80.0156402587891,93.8561953815964
Puerto Rico (US),PRI,2018.0,107.502380763432,30679.9181934488,2.60388715714737,70.8563997424362,80.0156402587891,93.8986961132283
Puerto Rico (US),PRI,2019.0,95.6914950121196,31830.5284993358,3.32791002069889,77.7364393708352,80.0156402587891,93.9519912222253
Puerto Rico (US),PRI,2020.0,88.4148538699338,31427.1130762831,4.28663184360846,77.7364393708352,84.2615058094979,94.0116144995587
Puerto Rico (US),PRI,2021.0,88.5327447779272,32619.0704601174,3.7296700261025,84.78666399,84.2615058094979,94.0550712597302
Puerto Rico (US),PRI,2022.0,82.0153279566474,35353.6821570014,3.86129930773508,87.29178106,82.3077621459961,94.1110923054937
Puerto Rico (US),PRI,2023.0,77.9263575380698,36980.7884784287,4.26898753959873,87.29178106,82.6923675537109,94.1774359275881
Qatar,QAT,2001.0,18.6874694824219,25870.7991864314,3.20019006729126,6.17026856093911,40.9715309143066,96.4674307551724
Qatar,QAT,2002.0,17.2873592376709,27226.6593510117,3.84656000137329,10.2261289281118,40.9715309143066,96.6424497593905
Qatar,QAT,2003.0,15.7512302398682,31602.470865136,3.37393999099731,19.242336421002,40.9715309143066,96.8311182064009
Qatar,QAT,2004.0,16.8915996551514,41035.5008380177,3.46258997917175,20.701647851169,40.9715309143066,97.0472579559041
Qatar,QAT,2005.0,14.7242298126221,53949.6764091147,3.97187995910644,24.73349953,40.9715309143066,97.3016654918171
Qatar,QAT,2006.0,12.8355398178101,62582.4453138755,3.97187995910644,28.97410011,40.9715309143066,97.5827378795062
Qatar,QAT,2007.0,11.8196697235107,65954.3419525051,3.97187995910644,37.0,49.303279876709,97.8663125111735
Qatar,QAT,2008.0,11.3421602249146,80781.4039187792,4.22755002975464,44.29999924,50.8288383483887,98.1295193937322
Qatar,QAT,2009.0,10.1654901504517,60785.7351551657,3.41315007209778,53.09999847,43.3920783996582,98.3494885340955
Qatar,QAT,2010.0,9.64273278083432,76462.6119486736,4.53965997695923,69.0,39.9161911010742,98.5066232166665
Qatar,QAT,2011.0,12.6008552690979,103261.510293068,4.01223993301392,69.0,41.1102294921875,98.6300610210909
Qatar,QAT,2012.0,12.2866942772156,108470.387023229,3.50744009017944,69.3,41.3436889648438,98.7428010471968
Qatar,QAT,2013.0,14.8707295209095,103697.062789144,4.07384014129639,85.3,46.0668983459473,98.8357621827901
Qatar,QAT,2014.0,17.3063613126932,95840.6898934238,3.60535001754761,91.48999786,43.9633407592773,98.901627838826
Qatar,QAT,2015.0,15.9339905308662,68985.2433380102,3.60535001754761,92.8848264535481,43.9633407592773,98.9382407681154
Qatar,QAT,2016.0,14.8163562584538,61253.6217997091,3.60535001754761,95.1246621661148,41.0125503540039,98.9855265345423
Qatar,QAT,2017.0,16.7774362605473,63279.8767486216,2.96745991706848,97.3888491654164,41.3008003234863,99.0310125265978
Qatar,QAT,2018.0,17.4458250857575,71039.9308240078,2.96745991706848,99.6528491261175,41.3008003234863,99.0755684762244
Qatar,QAT,2019.0,21.0931416049405,66841.3623185691,2.80378007888794,99.6528042086389,41.3008003234863,99.1191696672067
Qatar,QAT,2020.0,23.7649212314763,51683.5681078949,3.23368000984192,99.65284913,41.3008003234863,99.1617913833034
Qatar,QAT,2021.0,31.2813974439236,71751.9363398856,3.23368000984192,99.65280151,41.3008003234863,99.203408908243
Qatar,QAT,2022.0,35.0854901088778,88701.4689763536,3.23368000984192,98.03800201,51.4332084655762,99.243997525719
Qatar,QAT,2023.0,38.2058906555176,81816.9797967481,3.23368000984192,98.15229797,51.4332084655762,99.2835325193835
Qatar,QAT,2024.0,43.0178909301758,76688.6941743178,3.23368000984192,98.08540344,51.4332084655762,99.3219891728394
Romania,ROU,2001.0,28.0544300079346,1825.19299373184,3.26629996299744,4.53866902895312,60.2177580925204,52.764808691157
Romania,ROU,2002.0,33.7016906738281,2119.85509684554,3.50411009788513,6.58,52.6525993347168,52.7466427937759
Romania,ROU,2003.0,38.9063987731934,2679.40626016154,3.54397010803223,8.9,60.0366828849929,52.8023493819682
Romania,ROU,2004.0,41.7997398376465,3494.99056448955,3.31273007392883,15.0,60.8212788960474,52.9175295523808
Romania,ROU,2005.0,45.4637298583984,4618.00350802913,3.50038003921509,21.5,62.532315194077,53.074507031037
Romania,ROU,2006.0,54.1389312744141,5757.53127301178,4.30650997161865,24.66,63.5713662897754,53.2566380678272
Romania,ROU,2007.0,60.2831192016602,8360.33775916596,4.14953994750977,28.3,64.2720718383789,53.4472789126416
Romania,ROU,2008.0,73.4470672607422,10435.1561230787,4.09722995758057,32.42,64.7176818847656,53.6297858153706
Romania,ROU,2009.0,81.5331497192383,8548.4543409242,4.00193023681641,36.6,64.2272720336914,53.7875150259042
Romania,ROU,2010.0,75.2290267944336,8399.5374234284,3.41647005081177,39.93,64.0317611694336,53.9038227941329
Romania,ROU,2011.0,66.7865829467773,9560.6755277458,2.91359996795654,40.0099967810008,64.8616180419922,53.9608874244169
Romania,ROU,2012.0,54.9534912109375,8929.95366231474,2.8234601020813,45.8799942529424,65.8382110595703,53.9563092496073
Romania,ROU,2013.0,51.3826103210449,9497.67411615237,3.06785011291504,49.7645,66.4592590332031,53.9101758034365
Romania,ROU,2014.0,51.0950393676758,10031.7710755404,3.12494993209839,54.0783206550943,62.9813003540039,53.8267187624053
Romania,ROU,2015.0,49.3609886169434,8977.01748158196,3.10693001747131,55.7631556336233,64.6631927490234,53.7071839518893
Romania,ROU,2016.0,49.911319732666,9404.54005870715,3.0255401134491,59.5039512852713,66.4230422973633,53.5528171972639
Romania,ROU,2017.0,50.5108184814453,10727.9822007426,3.11819005012512,63.7472821822484,67.4450225830078,53.3648643239046
Romania,ROU,2018.0,51.9943504333496,12416.134317959,3.31710004806519,70.6812779273268,68.3221539365843,53.1445711571868
Romania,ROU,2019.0,52.4439697265625,12909.6104013244,3.55761003494263,73.6574757545465,69.1821594238281,52.8931835224862
Romania,ROU,2020.0,53.4911117553711,13009.1770573223,3.57968997955322,78.45526895,71.0256805419922,52.611947245178
Romania,ROU,2021.0,55.2656097412109,14907.9803652143,3.31562995910644,83.5904265,72.1716384887695,52.2321512130811
Romania,ROU,2022.0,58.2390403747559,15503.551804598,3.2788200378418,85.50309124,73.0307006835938,52.1634832477272
Romania,ROU,2023.0,55.1682891845703,18244.4186876321,3.2788200378418,89.20335498,72.767467371632,52.1645747011867
Russian Federation,RUS,2000.0,55.2136611938477,1771.59411621094,2.93979001045227,1.97723010897647,89.20947265625,73.1568222045898
Russian Federation,RUS,2001.0,60.3866996765137,2100.3525390625,3.10601997375488,2.94436778664985,89.20947265625,73.22998046875
Russian Federation,RUS,2002.0,65.0104217529297,2377.52954101563,3.83502006530762,4.12827181796644,89.20947265625,73.2929008030615
Russian Federation,RUS,2003.0,69.0352096557617,2975.123046875,3.67855000495911,8.29886061553908,89.20947265625,73.4057388305664
Russian Federation,RUS,2004.0,69.818717956543,4102.36474609375,3.54785990715027,12.8593889008473,89.20947265625,73.3065795898438
Russian Federation,RUS,2005.0,72.2228012084961,5323.455078125,3.77192997932434,15.22669983,89.20947265625,73.1613922119141
Russian Federation,RUS,2006.0,73.4398880004883,6920.19970703125,3.86626005172729,18.02330017,89.20947265625,73.2439193725586
Russian Federation,RUS,2007.0,76.1305465698242,9101.2392578125,3.86626005172729,24.66,89.20947265625,73.3856048583984
Russian Federation,RUS,2008.0,77.5339736938477,11635.2841796875,4.10174989700317,32.0,89.20947265625,73.4822463989258
Russian Federation,RUS,2009.0,77.8685607910156,8562.82421875,4.10174989700317,42.55,89.20947265625,73.5288696289062
Russian Federation,RUS,2011.0,80.1629736412764,14305.33203125,3.71261270253186,58.0,92.1724335105898,73.8534851074219
Russian Federation,RUS,2012.0,80.5323453975492,15401.8515625,3.79310011863708,66.0,92.8374751815593,73.97265625
Russian Federation,RUS,2013.0,82.8009567260742,15941.4482421875,3.76382994651794,67.97,93.4150971196574,74.0762949770228
Russian Federation,RUS,2014.0,84.5181387513356,14055.47265625,4.01387977600098,70.5175682574413,93.7110998608766,74.1776476748791
Russian Federation,RUS,2015.0,84.2355651240256,9277.7138671875,3.83402991294861,70.0992412263947,94.0891738987487,74.275919065527
Russian Federation,RUS,2016.0,83.860044350614,8663.158203125,3.76044011116028,73.091434617897,94.5656647529988,74.3703138709243
Russian Federation,RUS,2017.0,81.7051021681418,10658.9130859375,4.68990993499756,76.0081385339105,91.3463863694083,74.460036813029
Russian Federation,RUS,2018.0,81.5681115998523,11211.8876953125,4.67819023132324,80.8647218726954,91.5161323845422,74.5442926137992
Russian Federation,RUS,2019.0,80.9520697471091,11447.701171875,3.69561429198336,82.6421618670668,91.4410954486241,74.6222859951926
Russian Federation,RUS,2020.0,57.2232854739754,10108.3271484375,4.01641864383637,84.99466978,91.8141153254704,74.6932216791674
Russian Federation,RUS,2021.0,54.9542479280814,12425.029296875,3.99480697864774,88.21384578,92.1767807006836,74.7516840220252
Russian Federation,RUS,2022.0,53.9151941239211,15619.6142578125,4.05402755323777,90.41799163,91.9972550280771,74.8544893625017
Russian Federation,RUS,2023.0,93.7277679443359,14159.3876953125,4.16454853394225,92.24496346,92.6996595179214,74.9805047873279
Russian Federation,RUS,2024.0,60.3891235376867,14889.0185546875,4.16454853394225,94.36495368,92.9073594394634,75.1119136177067
Rwanda,RWA,2000.0,1.12785005569458,251.86926386091,3.43418002128601,0.0628314595107164,8.41629981994629,15.7804474645996
Rwanda,RWA,2001.0,1.54308998584747,237.308846200901,4.82501983642578,0.240672409832383,8.41629981994629,16.5487399668155
Rwanda,RWA,2002.0,1.87186002731323,234.043016755733,4.82501983642578,0.292784718792575,8.41629981994629,16.8778847116752
Rwanda,RWA,2003.0,2.34143996238708,249.012274982252,4.82501983642578,0.356918467272361,8.41629981994629,16.8947432312369
Rwanda,RWA,2004.0,2.73148989677429,269.540446333402,4.82501983642578,0.43085424337006,8.41629981994629,16.9020099536792
Rwanda,RWA,2005.0,2.85111999511719,324.016863847189,4.82501983642578,0.555999994,8.41629981994629,16.9072114459454
Rwanda,RWA,2006.0,3.64229989051819,356.995022901154,4.82501983642578,0.555999994,8.41629981994629,16.9110139245047
Rwanda,RWA,2007.0,3.88545989990234,426.234183487629,3.98502993583679,2.115400076,8.41629981994629,16.9140836058266
Rwanda,RWA,2008.0,4.18300008773804,528.326391755502,3.50215005874634,4.5,8.41629981994629,16.9170867063804
Rwanda,RWA,2009.0,5.0719199180603,564.039095842449,3.50215005874634,7.7,8.41629981994629,16.9206894426355
Rwanda,RWA,2010.0,5.77316665562353,593.624927744346,4.63126993179321,8.0,8.41629981994629,16.9255580310614
Rwanda,RWA,2011.0,6.83723020553589,651.133677964662,4.38346004486084,7.0,8.41629981994629,16.9323586881273
Rwanda,RWA,2012.0,6.70938666027303,706.817269168561,4.42103004455566,8.023900032,8.41629981994629,16.9410248882148
Rwanda,RWA,2013.0,6.23149117030345,704.92421851123,4.7421498298645,9.0,8.41629981994629,17.0742206053612
Rwanda,RWA,2014.0,7.35861774339014,724.957526520906,4.19644021987915,10.60000038,8.45808029174805,17.5020716539756
Rwanda,RWA,2015.0,7.53124856448318,733.998629882494,3.64713001251221,12.45600033,7.52117013931274,18.1953149858416
Rwanda,RWA,2016.0,7.57807264441764,729.519133812945,3.43482995033264,14.63710022,7.52117013931274,19.1213951786548
Rwanda,RWA,2017.0,7.34488296090452,758.300966509647,3.1247398853302,17.2,14.5475073736572,20.2477568101111
Rwanda,RWA,2018.0,6.76094647714264,771.773511207309,3.07376003265381,19.16659927,9.85904026031494,21.5418444579064
Rwanda,RWA,2019.0,6.3142892660234,810.051412137354,3.23821222605582,21.3579998,15.3399355819435,22.9711026997362
Rwanda,RWA,2020.0,7.56709586345553,778.701498925026,3.33309745728459,23.8,10.962080001831,24.5029761132966
Rwanda,RWA,2022.0,7.41325884733851,975.469323735369,4.74213981628418,28.01679993,13.4574298858643,27.7806702737761
Rwanda,RWA,2023.0,8.88624308383425,1027.03446826565,4.92002010345459,28.80579948,14.627225494085,28.8555310645477
Rwanda,RWA,2024.0,9.41173924647801,999.65456165547,4.61476993560791,31.70330048,16.2810727540809,29.8849714294083
Samoa,WSM,2000.0,7.18760013580322,1424.75240002471,3.63095998764038,0.566392532680849,39.5637283325195,21.9529698020724
Samoa,WSM,2017.0,13.2596995097127,4307.59381964907,4.18871569584785,0.566392532680849,39.5637283325195,18.9657191879831
Samoa,WSM,2018.0,14.1633542972529,4231.81409469194,4.47214854040471,0.566392532680849,39.5637283325195,18.7241267935467
Samoa,WSM,2019.0,13.5792119039657,4351.94234943706,4.58404753905646,0.566392532680849,39.5637283325195,18.4147344481283
Samoa,WSM,2020.0,17.3303454643177,4099.59660548583,4.50316850152178,0.566392532680849,39.5637283325195,18.0516608994722
Samoa,WSM,2021.0,19.1409681560724,4021.55934894283,5.2162847162306,0.566392532680849,39.5637283325195,17.5672426452007
Samoa,WSM,2022.0,18.5508413272527,4132.44717734444,6.15978780645853,0.566392532680849,43.901946573245,17.5007949951039
Samoa,WSM,2023.0,14.6106638814429,4822.74084650019,6.1096302676416,0.566392532680849,43.901946573245,17.5012799804602
Samoa,WSM,2024.0,16.0263900756836,5392.87761915762,5.45616637544294,0.566392532680849,43.901946573245,17.5029115108018
San Marino,SMR,2000.0,59.3199005126953,37600.7077379601,2.62883996963501,48.7994953055999,53.9379501342773,93.7709762556799
San Marino,SMR,2008.0,65.980110168457,75902.1320521765,2.62883996963501,54.52,53.9379501342773,96.3901700249324
San Marino,SMR,2010.0,66.4068036853295,56543.1898204098,2.62883996963501,54.52,53.9379501342773,97.074615769187
San Marino,SMR,2011.0,64.2955801104972,55601.3929703047,2.70296001434326,49.6,53.9379501342773,97.0999984741211
San Marino,SMR,2012.0,59.8490048043926,47945.8991734281,2.70296001434326,49.6,53.9379501342773,97.0999984741211
San Marino,SMR,2018.0,45.421020282729,47950.6880557136,3.55516004562378,49.6,53.9379501342773,97.0999984741211
San Marino,SMR,2019.0,50.2355712603062,46630.1443120725,3.37969994544983,67.85070038,53.9379501342773,97.0999984741211
San Marino,SMR,2020.0,55.0960978450786,44326.9556746411,3.4246199131012,77.94999695,57.4463005065918,97.0999984741211
San Marino,SMR,2021.0,57.6704545454545,54176.4798021628,3.10892009735107,81.66999817,57.4463005065918,97.1035668453272
San Marino,SMR,2022.0,53.7988826815642,54190.8417700372,2.89753007888794,97.32790375,58.5882911682129,97.1141889380465
San Marino,SMR,2023.0,51.1357340720222,59879.7173015651,2.89753007888794,97.33640289,58.5882911682129,97.1317310361655
San Marino,SMR,2024.0,57.5487465181059,59879.7173015651,2.89753007888794,97.35220337,58.5882911682129,97.1560555881096
Sao Tome and Principe,STP,2009.0,3.92682003974915,1128.28046213305,9.99429035186768,16.40999985,,65.0832313370367
Sao Tome and Principe,STP,2010.0,4.22901010513306,1045.20958234528,9.9882698059082,18.75,,66.0572200728291
Sao Tome and Principe,STP,2012.0,7.83568000793457,1192.0202911189,6.92846012115479,21.57239914,,67.0335889448132
Sao Tome and Principe,STP,2014.0,9.24396991729736,1489.67633417608,4.4321699142456,24.40999985,,67.2606735229492
Sao Tome and Principe,STP,2015.0,12.8210802078247,1298.10946596396,4.69794988632202,25.81999969,,67.3915710449219
Saudi Arabia,SAU,2000.0,28.3759498596191,11714.5623675159,5.90982007980347,2.21069180908888,30.0666007995606,79.9704860819453
Saudi Arabia,SAU,2001.0,27.2377300262451,10805.311325122,7.71887016296387,4.6810531658103,30.0666007995606,80.155242811133
Saudi Arabia,SAU,2002.0,25.1049709320068,10586.0543471363,7.63688993453979,6.38470501955932,30.0666007995606,80.3438134074234
Saudi Arabia,SAU,2003.0,26.6230297088623,11487.220410693,7.10509014129639,8.00158289090878,30.0666007995606,80.5414456330177
Saudi Arabia,SAU,2004.0,26.2631301879883,13154.4978989446,6.27747011184692,10.2345329969583,34.1683006286621,80.7542316538166
Saudi Arabia,SAU,2005.0,25.1983699798584,15975.7473782258,5.43093013763428,12.7050359882849,34.1683006286621,80.9775503092999
Saudi Arabia,SAU,2006.0,24.5137691497803,17563.6145370639,5.89117002487183,19.4595543513634,34.1683006286621,81.2008588083072
Saudi Arabia,SAU,2007.0,24.3000392913818,18596.1502627898,5.89117002487183,30.0,34.1683006286621,81.4230015549063
Saudi Arabia,SAU,2008.0,24.4659805297852,22320.4888964331,5.13781023025513,36.0,34.1683006286621,81.6441431042994
Saudi Arabia,SAU,2009.0,25.0353107452393,17718.3911648365,5.13781023025513,38.0,34.1683006286621,81.8644480116889
Saudi Arabia,SAU,2010.0,29.3244802795728,22028.3901426586,5.13781023025513,41.0,34.1683006286621,82.0791668544465
Saudi Arabia,SAU,2011.0,28.9419498443604,27126.7498747702,5.13781023025513,47.5,34.1683006286621,82.2543876159947
Saudi Arabia,SAU,2012.0,36.0444107055664,28733.4375513452,5.13781023025513,54.0,34.1683006286621,82.4311918025358
Saudi Arabia,SAU,2013.0,43.163501739502,27865.465604962,5.13781023025513,60.5,48.8905792236328,82.6071884619102
Saudi Arabia,SAU,2014.0,53.1803840195563,27805.4850319422,5.13781023025513,64.713657369019,48.8905792236328,82.7822571294871
Saudi Arabia,SAU,2015.0,57.0892771397236,23256.1549553531,5.13781023025513,69.6162358014004,48.8905792236328,82.9562773406163
Saudi Arabia,SAU,2016.0,63.9826623355369,22267.7217050387,5.13781023025513,74.8792746891625,48.8905792236328,83.129128630626
Saudi Arabia,SAU,2017.0,70.7471342981424,23929.2907135982,5.13781023025513,94.1755996113911,53.8799896240234,83.300690534822
Saudi Arabia,SAU,2018.0,73.1971736383918,29360.0658968566,5.13781023025513,93.3100018480347,56.6075261132493,83.4708425884849
Saudi Arabia,SAU,2019.0,77.9664942011008,29566.7933827436,5.13781023025513,95.7247355953812,56.8663981871088,83.6394643268678
Saudi Arabia,SAU,2020.0,73.7510866368859,24338.8307301067,5.13781023025513,97.8623325,62.2887687683105,83.8064352851942
Saudi Arabia,SAU,2021.0,74.3924865722656,31920.7653655643,5.13781023025513,100.0,63.3182887963145,83.9716349986538
Saudi Arabia,SAU,2022.0,73.7492065429688,38510.2276211037,5.13781023025513,100.0,64.6558232338882,84.1349430023993
Saudi Arabia,SAU,2024.0,83.884129573915,35121.6628687742,5.13781023025513,100.0,76.0118713378906,84.4554020211443
Senegal,SEN,2004.0,4.75202989578247,918.102079522155,3.07778000831604,4.38602398008563,4.92510986328125,41.6248193895895
Senegal,SEN,2005.0,5.26141023635864,979.846101520171,4.06443023681641,4.78668408310535,4.92510986328125,41.9057599695838
Senegal,SEN,2006.0,5.46575021743774,1017.20196747987,3.82138991355896,5.61173865217952,4.92510986328125,42.2046413043069
Senegal,SEN,2007.0,6.1223201751709,1188.93877808175,3.82138991355896,6.889999866,4.92510986328125,42.524343609533
Senegal,SEN,2008.0,7.75537014007568,1398.79218010021,4.02568006515503,7.119999886,4.92510986328125,42.867747101036
Senegal,SEN,2009.0,7.9150800704956,1308.69404336205,4.92072010040283,7.5,4.92510986328125,43.23773199459
Senegal,SEN,2010.0,7.62979751289774,1275.88357492357,0.544770002365112,8.0,4.92510986328125,43.6371785059692
Senegal,SEN,2011.0,10.121109956384,1374.67591873844,4.90302991867065,9.800000191,5.61640977859497,44.0689668509475
Senegal,SEN,2012.0,10.2635537254668,1326.83798848379,4.77698993682861,10.80000019,5.61640977859497,44.5359772452989
Senegal,SEN,2013.0,10.5725397458545,1379.83196553924,5.68656015396118,13.10000038,8.23460960388184,45.0398750539456
Senegal,SEN,2014.0,10.8787568632408,1398.89137601382,5.72907018661499,17.70000076,8.23460960388184,45.6020905341588
Senegal,SEN,2015.0,10.8409366679467,1218.00613555438,5.45634984970093,21.70000076,5.71197986602783,46.2747669629858
Senegal,SEN,2016.0,10.8875992426245,1266.43957151587,5.11309003829956,25.66480064,6.90667009353638,47.0553579909929
Senegal,SEN,2017.0,11.3494415127099,1356.80518449031,4.74007987976074,29.64310074,10.8629503250122,47.9338349639053
Senegal,SEN,2018.0,12.4178375059947,1452.55612562445,5.11019992828369,35.29999924,7.19961023330688,48.9001692274485
Senegal,SEN,2019.0,12.60825139125,1431.18128932159,5.03525018692017,43.37969971,7.41092014312744,49.9443321273477
Senegal,SEN,2020.0,13.3136624860931,1461.08720350553,5.6869797706604,53.30879974,7.41092014312744,51.0562950093282
Senegal,SEN,2021.0,14.6823561354842,1598.10676952274,5.61201000213623,55.04040146,7.41092014312744,52.2260292191155
Senegal,SEN,2022.0,15.6478973478986,1574.0281059306,5.95222997665405,56.82830048,10.720383844245,53.4435061024348
Senegal,SEN,2023.0,16.0710053721835,1698.03387300843,6.16277045366329,59.18740082,8.44915962219238,54.6992276190794
Senegal,SEN,2024.0,15.3302400879779,1773.21829923448,6.16277045366329,60.11780167,8.44915962219238,55.2368169057304
Serbia,SRB,2001.0,37.7618789672852,1812.42088281393,4.04881000518799,23.5,62.5454216003418,56.0482321112049
Serbia,SRB,2002.0,35.6637191772461,2390.73459447107,4.04881000518799,23.5,62.5454216003418,56.462901503343
Serbia,SRB,2003.0,39.6133613586426,3153.9011312754,4.04881000518799,23.5,62.5454216003418,56.8784264526306
Serbia,SRB,2004.0,40.9337997436523,3597.08798057009,4.04881000518799,23.5,62.5454216003418,57.3144555999278
Serbia,SRB,2005.0,44.205249786377,3807.97417321786,4.04881000518799,26.29999924,62.5454216003418,57.7508909888183
Serbia,SRB,2006.0,46.819580078125,4492.7136699046,4.04881000518799,27.2,62.5454216003418,58.1709152910668
Serbia,SRB,2007.0,47.966869354248,6081.08765700202,4.04881000518799,33.15,62.5454216003418,58.5577111784378
Serbia,SRB,2008.0,48.6653785705566,7376.73517910716,4.04881000518799,35.6,62.5454216003418,58.8944613226962
Serbia,SRB,2009.0,49.8496704101562,6414.0448463847,4.3127498626709,38.1,62.9912300109863,59.1643483956067
Serbia,SRB,2010.0,49.0825119018555,5970.92660940072,4.3127498626709,40.9,63.6658096313477,59.3505550689338
Serbia,SRB,2011.0,51.5937690734863,7082.2861666075,4.0735502243042,42.2,66.5964126586914,59.4349187787267
Serbia,SRB,2012.0,53.5000305175781,6263.04086072815,4.0735502243042,48.09999847,66.5964126586914,59.3468437194824
Serbia,SRB,2013.0,56.3808784484863,7040.41812068781,4.0735502243042,53.450364175,66.5628128051758,59.6111068725586
Serbia,SRB,2014.0,58.0549697875977,6886.67809068704,4.0735502243042,62.0750804639377,68.5724563598633,59.8779373168945
Serbia,SRB,2015.0,58.2876892089844,5820.3215576888,4.0735502243042,65.3170254003801,70.8962783813477,60.1388092041016
Serbia,SRB,2016.0,62.1369705200195,5982.37030126471,3.50275993347168,67.0568413716938,71.4099502563477,60.3853870034026
Serbia,SRB,2017.0,66.4867401123047,6548.03653824187,3.56539011001587,70.3308355269141,71.6360931396484,60.621208190918
Serbia,SRB,2018.0,67.1586608886719,7559.86165747394,3.43663001060486,73.360709154564,71.707241071027,60.8433609008789
Serbia,SRB,2019.0,67.7898406982422,7755.632986437,3.45865988731384,77.4167736219802,73.6363830566406,61.0492248535156
Serbia,SRB,2020.0,68.1431121826172,8098.70955668849,3.45865988731384,78.36804864,73.4497629176403,61.223201751709
Serbia,SRB,2021.0,69.1800231933594,9680.52798074468,3.14615988731384,81.16588116,73.9430674328555,61.363899230957
Serbia,SRB,2022.0,69.8046798706055,10024.8191112596,3.08255004882812,83.53825397,77.7794799804688,61.9013813540396
Serbia,SRB,2023.0,73.2060012817383,12281.707946167,3.40377998352051,85.35746686,76.1039190572241,62.1434649229738
Serbia,SRB,2024.0,70.582649230957,13679.2065983557,3.40377998352051,87.69071294,77.1153939809151,62.3830029804177
Seychelles,SYC,2011.0,2.91756715035505,12110.0937461973,3.62995004653931,43.16400146,77.5646073783786,42.6739844860866
Seychelles,SYC,2012.0,1.55593589544111,12337.1554669388,2.54216003417969,47.07600021,77.5646073783786,42.7261758463169
Seychelles,SYC,2013.0,3.50154479917611,14821.2921476077,3.61840009689331,50.40000153,77.5646073783786,42.815069634181
Seychelles,SYC,2014.0,7.29119296649992,15188.1902175113,3.95247006416321,51.25469971,77.5646073783786,42.9386256186342
Seychelles,SYC,2015.0,16.4973007303906,15333.1051727105,4.91460990905762,54.25960159,81.2712572651761,43.094803568632
Seychelles,SYC,2016.0,25.6358902463449,16566.9946042294,4.0213098526001,56.51470184,81.2984687550495,43.2815632531296
Seychelles,SYC,2017.0,42.2082018927445,17480.3651911372,3.34617325657655,62.55310059,84.0101616522604,43.4968644410824
Seychelles,SYC,2018.0,38.8581314878893,18440.2340460932,3.59446940668662,69.23660278,83.8579192289549,43.7386669014459
Seychelles,SYC,2019.0,41.2970430107527,19141.5118743615,3.5588555711461,76.63420105,84.9096744727077,44.0049304031754
Seychelles,SYC,2020.0,26.934264107039,14041.4754074575,4.18704837049316,79.25170135,84.3140997583049,44.2936147152263
Seychelles,SYC,2021.0,26.8701526144608,14982.9111487767,4.86547351368626,81.99530029,84.3140997583049,44.6026796065539
Seychelles,SYC,2022.0,13.930414075936,16836.6721895387,3.65858904774836,84.83380127,84.3140997583049,44.9108209981157
Seychelles,SYC,2023.0,14.0341370902195,18262.7115849287,4.45409960547034,86.001297,84.3140997583049,45.0971081321658
Seychelles,SYC,2024.0,14.5342502593994,17858.8226383978,4.45409960547034,87.81800079,84.3140997583049,45.2898622460415
Sierra Leone,SLE,2000.0,1.67453002929688,143.743743239644,4.94936990737915,0.118254245682183,,35.5327867241975
Sierra Leone,SLE,2001.0,2.11300992965698,358.315716051546,2.22618007659912,0.160264445493032,,35.763651295501
Sierra Leone,SLE,2002.0,1.98783004283905,388.995111216836,2.29766988754273,0.176198956814076,,36.0082791496616
Singapore,SGP,2010.0,93.2696812803906,47236.683084953,3.08044004440308,71.0,65.5210571289062,100.0
Singapore,SGP,2011.0,95.9817452372883,53891.4570264372,3.03077006340027,71.0,66.5693130493164,100.0
Singapore,SGP,2012.0,101.99681244982,55547.5553077786,3.07084989547729,72.0,67.7048416137695,100.0
Singapore,SGP,2016.0,83.9409778236648,57005.5887176547,2.94466258946576,84.4522678893074,70.693229675293,100.0
Singapore,SGP,2017.0,84.7929138455372,61236.251270627,2.87916382421742,84.4522678893074,71.3994598388672,100.0
Singapore,SGP,2018.0,88.8864453410769,66881.6067035265,2.85314011573792,88.1656360313447,73.5237884521484,100.0
Singapore,SGP,2019.0,91.0889904414776,65952.0378959293,2.72783994674683,88.9492526850762,74.4833679199219,100.0
Singapore,SGP,2020.0,93.134767179468,61410.0792630788,2.69227004051208,92.00434653,74.5498886108398,100.0
Singapore,SGP,2021.0,97.0989103061521,80056.1288247844,2.82732009887695,96.92468156,78.3726577758789,100.0
Singapore,SGP,2022.0,98.02222650098,90299.0694637269,2.47478008270264,95.95386476,79.0433883666992,100.0
Singapore,SGP,2023.0,97.2886546863037,85412.230345235,2.1037700176239,94.28518987,79.0433883666992,100.0
Sint Maarten (Dutch part),SXM,2012.0,7.8405017921147,28149.0997855041,4.61834872782909,,,100.0
Sint Maarten (Dutch part),SXM,2014.0,7.32811856731165,37134.912423099,3.06759489680727,,,100.0
Sint Maarten (Dutch part),SXM,2015.0,7.93456032719836,37839.6283815163,3.06759489680727,,,100.0
Sint Maarten (Dutch part),SXM,2017.0,9.85608373310074,34701.3058494468,3.06759489680727,,,100.0
Sint Maarten (Dutch part),SXM,2022.0,8.259449370042,37793.1284399157,4.27420508508285,,,100.0
Sint Maarten (Dutch part),SXM,2023.0,7.65284309533989,39451.8223361963,3.92363832601723,,,100.0
Slovak Republic,SVK,2001.0,30.8164901733398,5712.47802761654,3.94236993789673,12.5283218484637,41.753978729248,55.9968426739371
Slovak Republic,SVK,2002.0,32.7422409057617,6554.62808369461,4.25193023681641,40.14,41.753978729248,55.8776140379959
Slovak Republic,SVK,2003.0,34.5505905151367,8675.39633696465,4.23699998855591,43.04,41.753978729248,55.7386007222942
Slovak Republic,SVK,2004.0,36.6599617004395,10650.1290097126,4.11747980117798,52.89,41.753978729248,55.5843833415875
Slovak Republic,SVK,2005.0,40.7710609436035,11641.5410321763,3.77565002441406,55.19,41.753978729248,55.4189847597721
Slovak Republic,SVK,2006.0,45.0326881408691,13167.8954730379,3.70850992202759,56.08,41.753978729248,55.2464278407442
Slovak Republic,SVK,2007.0,50.5563583374023,16110.4817265237,3.52223992347717,61.8,81.510523517521,55.0707354484001
Slovak Republic,SVK,2008.0,54.1637115478516,18744.3192278346,3.52339005470276,66.05,82.7361933432545,54.895930446636
Slovak Republic,SVK,2009.0,56.7700996398926,16586.7527805228,4.00893020629883,70.0,83.9916534018988,54.7260356993483
Slovak Republic,SVK,2010.0,58.0442390441895,16899.448680529,4.04704999923706,75.71,84.2525262038285,54.5650740704331
Slovak Republic,SVK,2011.0,57.1524887084961,18469.4354316836,3.90686988830566,74.4399971746757,84.8493118286133,54.4167387988534
Slovak Republic,SVK,2012.0,57.0384407043457,17516.9691054078,3.85490989685059,76.7099901181121,85.3790512084961,54.2764528316182
Slovak Republic,SVK,2013.0,55.253978729248,18312.7805149823,4.06078004837036,77.8826,85.9608764648438,54.1384024098892
Slovak Republic,SVK,2014.0,53.8843002319336,18770.9289896545,4.20446014404297,79.9843017656729,85.3176193237305,54.0029125499893
Slovak Republic,SVK,2015.0,52.7206687927246,16442.0760860018,4.56416988372803,77.6346820339875,86.6858291625977,53.8700628001622
Slovak Republic,SVK,2016.0,50.3014488220215,16636.0769133073,3.88375997543335,80.475857275668,87.3202133178711,53.7399327086517
Slovak Republic,SVK,2017.0,49.1256103515625,17645.5298716761,3.91876006126404,81.6256675172655,87.0716171264648,53.6126018237016
Slovak Republic,SVK,2018.0,47.8138313293457,19573.3717031314,3.93534994125366,80.4489224826099,87.777717590332,53.4881496935559
Slovak Republic,SVK,2019.0,48.1902389526367,19406.0589683582,4.26779985427856,82.8536605021784,87.7003021240234,53.3666558664583
Slovak Republic,SVK,2020.0,48.3790016174316,19735.4858280801,4.720290184021,89.92090413,89.1387053737615,53.2481998906526
Slovak Republic,SVK,2021.0,50.7342491149902,22123.3342114545,4.71766996383667,88.92560523,89.8134922978643,53.1901479870605
Slovak Republic,SVK,2022.0,52.4959106445312,21317.7943982363,4.65688991546631,89.06766196,90.2027102905863,53.1902831072528
Slovak Republic,SVK,2023.0,53.417610168457,24614.8734642794,4.65688991546631,87.2131343,90.0778830546204,53.190805019646
Slovak Republic,SVK,2024.0,54.4743194580078,25992.6748502048,4.65688991546631,89.82507032,90.0778830546204,53.1919702985684
Slovenia,SVN,2001.0,60.8455085754395,10375.6255869861,5.81461000442505,30.1759104700854,68.8803859050261,50.7597503536323
Slovenia,SVN,2002.0,66.6545715332031,11639.1297780477,5.74013996124268,27.8388854180687,70.2314616788334,50.7744556266555
Slovenia,SVN,2003.0,69.6047668457031,14711.674874253,5.75657987594604,31.8547930120441,71.9450184331403,50.7553842628349
Slovenia,SVN,2004.0,73.348876953125,17103.8297783905,5.68693017959595,40.81,74.0511016845703,50.7124410611224
Slovenia,SVN,2005.0,81.2728118896484,17969.7095907161,5.64437007904053,46.81,73.6207885742188,50.648781400021
Slovenia,SVN,2006.0,85.2738876342773,19563.005059144,5.62207984924316,54.01,75.0342864990234,50.5672552816963
Slovenia,SVN,2007.0,87.2651672363281,23725.1596001515,5.13660001754761,56.74,73.2106323242188,50.4707127083144
Slovenia,SVN,2008.0,88.5987091064453,27461.9764165315,5.13438987731934,58.0,75.8000183105469,50.3620036820409
Slovenia,SVN,2009.0,87.96533203125,24501.7897290425,5.62079000473022,64.0,77.3182067871094,50.2439782050416
Slovenia,SVN,2010.0,90.2514877319336,23329.8417691156,5.59362983703613,70.0,77.6738128662109,50.1194862794826
Slovenia,SVN,2011.0,87.1887130737305,24940.6284841605,5.58290004730225,67.3399948092396,78.4461212158203,49.9463818748723
Slovenia,SVN,2012.0,89.0215606689453,22442.1417859955,5.6702299118042,68.3499745287825,79.1578216552734,49.7619476318359
Slovenia,SVN,2013.0,87.8572082519531,23236.9655321695,5.46767997741699,72.6756,79.7796478271484,50.0466580754027
Slovenia,SVN,2014.0,84.3780288696289,24013.0682060959,5.34328985214233,71.5862515855601,80.0910873413086,50.983470916748
Slovenia,SVN,2015.0,82.1997833251953,20697.2748530619,4.95528984069824,73.0986599745829,81.4500274658203,53.6612160294144
Slovenia,SVN,2016.0,79.4747467041016,21447.8377796036,4.84419012069702,75.4985042610791,81.8688430786133,53.647274017334
Slovenia,SVN,2017.0,79.2703475952148,23303.077705959,4.82381010055542,78.8854263554775,82.5606307983398,55.2451133728027
Slovenia,SVN,2018.0,77.3015975952148,25888.0481065655,4.97948980331421,79.7499765956562,82.7784258411314,55.1913430955675
Slovenia,SVN,2019.0,76.4720077514648,25814.1687167572,4.93479013442993,83.1083578026717,82.9429702758789,55.4523277282715
Slovenia,SVN,2020.0,75.8166809082031,25392.0651093612,5.41901016235352,86.60130109,84.8297258764264,55.384391784668
Slovenia,SVN,2021.0,82.2400436401367,29192.8401933019,5.39167022705078,89.00399524,86.0023322405167,55.3046289429588
Slovenia,SVN,2022.0,82.3922576904297,28360.3041467268,5.28065013885498,88.91248552,86.0007499688961,55.3377817873563
Slovenia,SVN,2023.0,80.0806884765625,32660.4753581346,5.28065013885498,90.37794678,82.339101036363,55.5378927789875
Spain,ESP,2001.0,61.0042190551758,15368.2337984435,4.11147022247315,18.1487226902932,32.7878903588269,76.3156889510385
Spain,ESP,2002.0,63.7400817871094,17111.0685058941,4.13351011276245,20.39,34.5615733827732,76.4934217249538
Spain,ESP,2003.0,65.5322113037109,21522.0170990262,4.17126989364624,39.93,35.5499083496337,76.709335590859
Spain,ESP,2004.0,67.4735717773438,24925.0267844576,4.15485000610352,44.01,37.2616500854492,76.9549627547133
Spain,ESP,2005.0,68.1358337402344,26450.9530130382,4.14090013504028,47.88,40.3894195556641,77.2206801920294
Spain,ESP,2006.0,68.9646224975586,28421.686527407,4.17999982833862,50.37,41.4418296813965,77.4968648783202
Spain,ESP,2007.0,69.2297668457031,32652.015594702,4.24615001678467,55.11,42.3230590820312,77.7738937890987
Spain,ESP,2008.0,69.4019393920898,35603.248328071,4.51630020141602,59.6,42.8323707580566,78.0421438998777
Spain,ESP,2009.0,71.4311676025391,32279.8208476151,4.89520978927612,62.4,43.3348388671875,78.2919921861701
Spain,ESP,2010.0,76.3829116821289,30658.7422282912,4.83606004714966,65.8,44.2518196105957,78.5138156234888
Spain,ESP,2011.0,80.7240905761719,31824.6219134777,4.71897983551025,67.0899993926581,45.265308380127,78.695397956495
Spain,ESP,2012.0,82.89208984375,28456.4438151477,4.46012020111084,69.8099999420024,45.6011505126953,78.8455680301618
Spain,ESP,2013.0,85.1826324462891,29228.846559842,4.32852983474731,71.635,46.8978414601602,78.9858086902112
Spain,ESP,2014.0,87.9358520507812,29707.765509467,4.27524995803833,76.1867089778712,47.2372512817383,79.1196713833488
Spain,ESP,2015.0,88.5305328369141,25982.4416197775,4.24903011322021,78.6896318703515,47.8630485534668,79.2454892743023
Spain,ESP,2016.0,89.810791015625,26755.6061149398,4.19327020645142,80.5613329432179,48.6490592956543,79.3615955277997
Spain,ESP,2017.0,92.070182800293,28381.3425596906,4.17846012115479,84.6022457016524,51.1859564334636,79.4663233085683
Spain,ESP,2018.0,92.5194931030273,30602.4212881113,4.15045022964478,86.107235525659,50.4169883728027,79.5580057813361
Spain,ESP,2019.0,91.5387725830078,29786.5245689007,4.20255994796753,90.718665325267,53.012303429667,79.6349761108307
Spain,ESP,2020.0,91.59912109375,27233.9426461608,4.85118007659912,93.20564892,53.2567481994629,79.6955674617799
Spain,ESP,2021.0,95.3768997192383,30799.4775937775,4.81316995620728,93.89752157,55.3232507853649,79.7846242983598
Spain,ESP,2022.0,95.0271606445312,30319.4987196616,4.58553981781006,94.4855432,54.7419193092956,79.9548794567814
Spain,ESP,2023.0,93.7303466796875,33493.2225409111,4.58553981781006,95.44564516,55.9303998473828,80.128491001856
Spain,ESP,2024.0,93.7689666748047,35326.7683069278,4.58553981781006,95.7574516,55.6838432566667,80.315199821207
Sri Lanka,LKA,2010.0,15.8440563450578,2808.36244503709,1.66176998615265,6.912399769,61.678638458252,17.2486209380693
Sri Lanka,LKA,2011.0,14.6727189156336,3224.95745150496,1.74292004108429,7.956399918,61.678638458252,17.7881192817964
Sri Lanka,LKA,2012.0,16.322805343317,3327.77613691283,1.45343005657196,9.00039959,61.678638458252,18.2617686748284
Sri Lanka,LKA,2013.0,17.7655041707891,3739.43181100202,1.5645899772644,10.04440022,61.678638458252,18.4323136480916
Sri Lanka,LKA,2014.0,17.8701919678234,3972.04375736464,1.85859000682831,10.5000026214106,61.678638458252,18.6153877203724
Sri Lanka,LKA,2015.0,18.1726459197686,4057.7158346231,2.10998010635376,15.26249981,61.678638458252,18.796256612131
Sri Lanka,LKA,2016.0,17.1510485178135,4149.19190775593,3.22929000854492,22.19,61.678638458252,18.9747679368162
Sri Lanka,LKA,2017.0,17.1941300290821,4398.88828068715,2.59316992759705,25.07550049,62.5039100646973,19.1507693078088
Sri Lanka,LKA,2018.0,17.8869756778112,4358.56095906047,1.98781001567841,28.33620071,63.0344696044922,19.3241083384127
Sri Lanka,LKA,2019.0,19.4563160693078,4081.94772722003,1.98781001567841,32.02090073,62.3045883178711,19.4946326418437
Sri Lanka,LKA,2020.0,20.1614879343022,3847.60137695639,1.55792392223723,36.18473435,64.8265609741211,19.6621898312161
Sri Lanka,LKA,2021.0,20.7824292013914,3996.96240014909,1.50650579603928,44.45308724,63.6817207336426,19.8266275195269
Sri Lanka,LKA,2022.0,22.3679922774735,3342.63650253855,1.20397218661186,48.3,64.0733032226562,19.9877933196367
Sri Lanka,LKA,2023.0,20.7412633848006,3798.89016573011,1.82774571561927,51.2,65.2356262207031,20.1455348442463
St. Kitts and Nevis,KNA,2008.0,19.8842601776123,16604.9448615905,2.85307503792741,49.20000076,,31.5615339709202
St. Kitts and Nevis,KNA,2014.0,90.9599990844727,20219.3954237956,2.85307503792741,65.38179779,,31.2290015317909
St. Kitts and Nevis,KNA,2015.0,93.92236328125,20328.8003530109,2.54938006401062,66.17310333,,31.2513929695583
St. Lucia,LCA,2004.0,13.3422899246216,6494.60034867886,3.43646001815796,21.395212362765,38.2970504760742,24.8459172882296
St. Lucia,LCA,2005.0,12.7918500900269,6863.43641919345,4.23895978927612,21.5675829464215,38.2970504760742,23.5419158996884
St. Lucia,LCA,2006.0,9.52157974243164,7611.17856675319,4.69669008255005,24.5,38.2970504760742,22.2016686292365
St. Lucia,LCA,2007.0,8.46230983734131,7964.38211480117,4.69669008255005,27.89999962,38.2970504760742,20.9268897953144
St. Lucia,LCA,2008.0,15.7249202728272,8516.96075488787,4.48353004455566,30.0,38.2970504760742,19.8192937163625
St. Lucia,LCA,2009.0,17.469539642334,8250.52180732734,3.0676600933075,31.0,38.2970504760742,18.9805947108213
St. Lucia,LCA,2010.0,12.4684000015259,8673.68720340529,3.4828999042511,32.5,38.2970504760742,18.5125070971313
St. Lucia,LCA,2011.0,16.2693996429443,9128.99442011613,3.5988199710846,34.0,38.2970504760742,18.4743479557314
St. Lucia,LCA,2012.0,10.2734699249268,9260.30006551714,3.29098010063171,45.865,38.2970504760742,18.6193081275177
St. Lucia,LCA,2013.0,14.0192003250122,9577.21733754358,3.87661004066467,49.3871994,40.430118560791,18.9258370999948
St. Lucia,LCA,2014.0,17.0831794738769,10044.8218377677,3.89103007316589,53.17969894,40.430118560791,19.3915445904726
St. Lucia,LCA,2015.0,17.0301094055176,10334.9860823918,3.88088011741638,57.26330185,40.430118560791,20.0204288176073
St. Lucia,LCA,2016.0,19.7992000579834,10638.1269396653,5.20954990386963,58.22259903,40.430118560791,20.8164880000551
St. Lucia,LCA,2017.0,20.7471294403076,11333.1123822102,3.6273152206015,59.16009903,34.1257628615391,21.783720356472
St. Lucia,LCA,2018.0,14.6563596725464,11642.6984727769,3.33277988433838,60.11259842,34.1257628615391,22.9261241055144
St. Lucia,LCA,2019.0,15.9467096328735,11794.0597229805,3.27267003059387,61.08050156,41.2525405883789,24.2476974658382
St. Lucia,LCA,2020.0,16.8199691772461,8411.07474936367,3.61522006988525,62.06399918,51.2580490112305,25.7524386560998
St. Lucia,LCA,2022.0,16.1808795928955,13103.8243147472,4.64235019683838,66.95159912,51.2580490112305,29.097678526676
St. Lucia,LCA,2023.0,15.0396404266357,13554.7684784933,2.74211001396179,67.44390106,51.2580490112305,29.0976313248036
St. Vincent and the Grenadines,VCT,2010.0,13.4546976354886,6551.96835992405,4.80839014053345,33.70000076,,46.0626395961215
St. Vincent and the Grenadines,VCT,2011.0,20.6017072662919,6527.68996854448,4.80839014053345,36.70000076,,46.18402928344
St. Vincent and the Grenadines,VCT,2012.0,19.8016733808491,6713.80768643865,4.80839014053345,40.0,,46.3063114823836
St. Vincent and the Grenadines,VCT,2013.0,19.7655115169122,7072.46737188939,4.80839014053345,43.5,,46.4319347036311
St. Vincent and the Grenadines,VCT,2014.0,23.9405403137207,7168.82875342911,4.80839014053345,47.4,,46.5579930468544
St. Vincent and the Grenadines,VCT,2015.0,23.6186294555664,7353.73556054184,4.95614634835429,49.40000153,,46.6845638727475
St. Vincent and the Grenadines,VCT,2016.0,23.6683079677708,7656.90042881178,5.45265007019043,51.5,,46.8116589511271
St. Vincent and the Grenadines,VCT,2017.0,25.7215423689679,7988.04445019298,5.37974977493286,53.70000076,,46.9392900518098
St. Vincent and the Grenadines,VCT,2018.0,26.0140359224456,8428.12677153069,5.22357988357544,56.0,,47.0674689446123
St. Vincent and the Grenadines,VCT,2019.0,29.6853960093035,8740.59425232061,5.22357988357544,59.57630157,,47.1962073993512
St. Vincent and the Grenadines,VCT,2020.0,33.6692278624512,8351.20324040982,5.46376310406546,63.38100052,,47.3255171858432
St. Vincent and the Grenadines,VCT,2021.0,35.7032258064516,8641.27904024443,5.46376310406546,68.83339691,,47.4554100739049
St. Vincent and the Grenadines,VCT,2022.0,41.4983277591973,9693.55867833025,7.07575034584772,74.75479889,,47.585897833353
Sudan,SDN,2000.0,6.69480991363525,362.116882324219,1.01217997074127,0.0257850324762484,7.56734328495715,32.3435880462815
Sudan,SDN,2001.0,8.25726985931396,451.293304443359,1.01217997074127,0.140185224494161,7.56734328495715,32.3760415318304
Sudan,SDN,2002.0,9.31309986114502,506.262634277344,1.16425001621246,0.439477639075583,7.56734328495715,32.4038820246832
Sudan,SDN,2003.0,8.65738010406494,580.320251464844,1.16425001621246,0.538471703150458,7.56734328495715,32.4271684741748
Sudan,SDN,2004.0,10.5490598678589,705.113342285156,1.31254994869232,0.791561615446385,7.56734328495715,32.4459598296403
Sudan,SDN,2005.0,11.823320388794,905.543640136719,1.17842996120453,0.791561615446385,7.56734328495715,32.4603150404146
Sudan,SDN,2006.0,13.3374099731445,1132.474609375,1.55353999137878,0.791561615446385,7.56734328495715,32.4702930558327
Sudan,SDN,2007.0,13.0165500640869,1444.37219238281,1.55353999137878,8.66,7.56734328495715,32.4759528252296
Sudan,SDN,2008.0,14.3921899795532,1527.58239746094,1.85150003433227,8.66,7.56734328495715,32.4816230749746
Sudan,SDN,2009.0,14.6098203659058,1178.22180175781,2.02213001251221,8.66,7.56734328495715,32.5774622972843
Sudan,SDN,2010.0,14.8035297393799,1305.63598632813,2.02213001251221,8.66,7.56734328495715,32.7174026591513
Sudan,SDN,2011.0,14.5120697021484,1332.6572265625,2.02213001251221,8.66,7.56734328495715,32.9059760141986
Sudan,SDN,2012.0,14.8181400299072,1019.22210693359,2.02213001251221,8.66,7.56734328495715,33.1425561614901
Sudan,SDN,2013.0,16.6676292419434,1138.62780761719,2.02213001251221,8.66,7.56734328495715,33.4264777958103
Sudan,SDN,2014.0,15.958589553833,1275.43835449219,2.02213001251221,8.66,7.56734328495715,33.7624582408117
Sudan,SDN,2015.0,15.8645696640015,1292.37963867188,2.02213001251221,12.0,7.56734328495715,34.0914394628597
Suriname,SUR,2002.0,11.2604503631592,2202.340682196,6.77857289012664,4.1615687449541,26.8269500732422,66.7320549534773
Suriname,SUR,2019.0,5.26435130947432,6629.66775248603,6.77857289012664,62.03350067,26.8269500732422,66.0370492311305
Suriname,SUR,2020.0,5.30574712643678,4755.39221710693,4.58425708265782,62.03350067,26.8269500732422,66.00830078125
Suriname,SUR,2021.0,8.45416298008342,5029.84838543953,4.13154972947739,62.03350067,26.8269500732422,65.9853973388672
Suriname,SUR,2022.0,5.02487384130847,6084.43876736445,3.43460841988051,62.03350067,26.8269500732422,65.8985443115234
Suriname,SUR,2023.0,4.93785087797966,5521.97602122638,2.86623341491363,87.4,26.8269500732422,65.7562408447266
Suriname,SUR,2024.0,2.56642457392281,6961.78955961526,2.86623341491363,87.4,26.8269500732422,65.7641857200885
Sweden,SWE,2001.0,70.0115203857422,27259.3174300217,6.61482000350952,51.7656649372808,78.2497787475586,84.0827152824223
Sweden,SWE,2002.0,74.7414321899414,29957.7776664916,6.91077995300293,70.57,78.2497787475586,84.1342508376823
Sweden,SWE,2003.0,80.4902877807617,37292.2419727801,6.79678010940552,79.13,78.2497787475586,84.1954289653543
Sweden,SWE,2004.0,83.0349807739258,42758.0048564929,6.6729998588562,83.89,78.2497787475586,84.2670710494849
Sweden,SWE,2005.0,81.7390899658203,43378.4077394363,6.51516008377075,84.83,79.0401763916016,84.3499984741211
Sweden,SWE,2006.0,79.3352279663086,46531.3762240485,6.37277984619141,87.76,79.7420883178711,84.4553200620359
Sweden,SWE,2007.0,75.3943710327148,53568.3057787832,6.18673992156982,82.01,80.3960723876953,84.5906875454778
Sweden,SWE,2008.0,71.158073425293,55817.1759726485,6.38263988494873,90.0,76.2738800048828,84.7517366727063
Sweden,SWE,2009.0,71.0115814208984,46707.6425044751,6.78425979614258,91.0,76.9570770263672,84.9341031919813
Sweden,SWE,2010.0,73.0818328857422,52542.5759090299,6.56318998336792,90.0,77.6163787841797,85.1334228515625
Sweden,SWE,2011.0,71.9184112548828,60379.4814599322,6.40655994415283,92.7699860554046,78.3214797973633,85.3600748880524
Sweden,SWE,2012.0,68.742301940918,57749.5615420853,7.57456016540527,93.1799880065108,79.0048828125,85.6250668883122
Sweden,SWE,2013.0,65.7820892333984,60843.9888799369,7.6465802192688,94.7836,73.9167327880859,85.9249771259894
Sweden,SWE,2014.0,64.9541931152344,59583.4584491714,7.62924003601074,92.5236065037579,74.4703674316406,86.2563838747314
Sweden,SWE,2015.0,66.4283218383789,51188.1652120493,7.49442005157471,90.6101966398616,75.0337524414062,86.6158654081858
Sweden,SWE,2016.0,68.306037902832,51703.5088332851,7.63991022109985,89.6509476102355,75.5588836669922,87.0
Sweden,SWE,2017.0,70.4342498779297,53210.2233318965,7.63849020004272,93.0062669652127,76.1459503173828,87.237373786911
Sweden,SWE,2018.0,73.4083786010742,54018.4554391861,7.69825983047485,89.2469631588137,83.172673189653,87.4737430925296
Sweden,SWE,2019.0,75.1148529052734,51648.9892820514,7.66307020187378,94.4934434072202,77.2551116943359,87.7088420242759
Sweden,SWE,2020.0,79.1196365356445,52568.5726980146,7.95333003997803,94.53943122,84.2121403696943,87.9424046895699
Sweden,SWE,2021.0,85.9426193237305,60647.5416365347,7.60224008560181,94.6703163,83.1048471312952,88.1741651958315
Sweden,SWE,2022.0,83.8976135253906,54836.8907235124,7.31909990310669,95.00970335,83.959668073826,88.4038576504809
Sweden,SWE,2023.0,81.3998184204102,54950.2834725622,7.31909990310669,95.70327461,84.7437742934447,88.631216160938
Sweden,SWE,2024.0,83.9988098144531,57117.4877440616,7.31909990310669,95.52930428,84.7437742934447,88.8559748346228
Switzerland,CHE,2000.0,38.1127586364746,38865.021939688,4.65878009796143,47.1,79.0890797616452,73.302430524727
Switzerland,CHE,2001.0,39.2238006591797,39638.7911061864,4.82218980789185,55.1,83.2533726879818,73.3762992611964
Switzerland,CHE,2002.0,39.9602890014648,42458.7384679187,5.17882013320923,61.4,82.6618483613412,73.4195324136588
Switzerland,CHE,2003.0,43.0505409240723,49335.7456291067,5.38400983810425,65.1,82.2766318575162,73.4518762174754
Switzerland,CHE,2004.0,44.8805198669434,54659.4571488233,5.3142900466919,67.8,82.8338125684416,73.4761317507392
Switzerland,CHE,2005.0,45.2465286254883,56242.8933645639,5.08472013473511,70.1,82.7766577918303,73.4951000915434
Switzerland,CHE,2006.0,46.2847785949707,59011.0324592016,4.84120988845825,75.7,83.1207526506269,73.5115823179813
Switzerland,CHE,2007.0,47.8155517578125,64989.1553256031,4.58396005630493,77.2,83.5807909131454,73.5283795081459
Switzerland,CHE,2008.0,49.6888809204102,74175.1927898555,4.75724983215332,79.2,84.4327535294807,73.5482927401305
Switzerland,CHE,2009.0,50.3034515380859,71568.3123885672,4.92561006546021,81.3,82.7153778076172,73.5741230920283
Switzerland,CHE,2010.0,52.8040618896484,76531.3729407691,4.80210018157959,83.9,81.7433471679688,73.6086716419323
Switzerland,CHE,2011.0,53.1352806091309,90476.7589651577,4.85663986206055,85.1930281804854,81.6319427490234,73.65058748615
Switzerland,CHE,2012.0,54.835620880127,85836.2076767359,4.89862012863159,85.2,82.4815521240234,73.7522629583622
Switzerland,CHE,2013.0,56.1812400817871,87304.3305813557,4.91392993927002,86.34,85.1794450427913,74.1121384785551
Switzerland,CHE,2014.0,58.0650596618652,88724.9909402638,4.93057012557983,83.6172512621702,84.6438522338867,74.7402679059582
Switzerland,CHE,2015.0,60.8185615539551,83806.4476003837,4.99560022354126,87.4790555978675,85.1900100708008,75.6044960143169
Switzerland,CHE,2016.0,61.1939888000488,82153.0745447889,4.98164987564087,89.1346877351392,84.5369110107422,76.6726675773771
Switzerland,CHE,2017.0,62.4597206115723,82254.3769269767,5.01765012741089,89.6861476710225,84.830271864468,77.9126273688843
Switzerland,CHE,2018.0,64.3533935546875,85217.3691512274,4.9300799369812,91.80000305,85.681770324707,79.2922201625844
Switzerland,CHE,2019.0,66.3093414306641,84121.9310304414,5.01438999176025,93.1460869535177,86.6450271606445,80.7792907322229
Switzerland,CHE,2020.0,68.0676422119141,85897.7843338323,5.27676010131836,94.34999847,86.870062106571,82.3416838515457
Switzerland,CHE,2021.0,71.893928527832,93664.7736696111,5.02535009384155,95.56937154,84.5048573551638,84.2006477608879
Switzerland,CHE,2022.0,74.1526794433594,94394.5106803525,4.86427021026611,96.45279694,83.8835734864297,84.9206266284521
Switzerland,CHE,2023.0,74.0060882568359,100623.549627296,4.86427021026611,97.34436623,84.2772222135807,85.1854212679815
Switzerland,CHE,2024.0,73.5430526733398,103998.186685604,4.86427021026611,97.3443985,84.3823784776807,85.4615370020764
Syrian Arab Republic,SYR,2002.0,12.6482696533203,1183.2473451033,5.26983976364136,2.09310101861765,10.431960105896,52.6957745699164
Syrian Arab Republic,SYR,2003.0,13.2320003509522,1220.179077256,6.48086023330688,3.39797261356623,10.431960105896,53.1024010548332
Syrian Arab Republic,SYR,2004.0,15.2420597076416,1368.1148230028,5.37147998809815,4.32159377785571,10.431960105896,53.5
Syrian Arab Republic,SYR,2005.0,18.2976398468018,1533.90166536568,5.37147998809815,5.648099899,10.431960105896,53.8227202374695
Syrian Arab Republic,SYR,2006.0,20.8499908447266,1718.78347217338,5.27966022491455,7.832600117,10.431960105896,54.059770380523
Syrian Arab Republic,SYR,2007.0,21.3354091644287,1937.61138578027,4.86469984054565,11.5,21.8524703979492,54.2883969431774
Syrian Arab Republic,SYR,2008.0,21.8033008575439,2429.12477087189,4.59525012969971,14.0,21.3533096313477,54.5858464394493
Syrian Arab Republic,SYR,2009.0,22.903039932251,2462.20193643202,5.13012981414795,17.3,21.8995704650879,55.0293653833552
Syrian Arab Republic,SYR,2010.0,24.7345008850098,2730.61477118949,5.13012981414795,20.7,21.8995704650879,55.6962002889119
Syrian Arab Republic,SYR,2011.0,24.5282592773438,2952.14349372257,5.13012981414795,22.5,21.8995704650879,58.4817704183521
Syrian Arab Republic,SYR,2012.0,28.8359394073486,1897.66115018696,5.13012981414795,24.30010033,21.8995704650879,65.0896662830335
Syrian Arab Republic,SYR,2013.0,31.4127197265625,985.892669227054,5.13012981414795,26.20000076,21.8995704650879,73.0620491886137
Syrian Arab Republic,SYR,2014.0,44.4609794616699,1060.59105886854,5.13012981414795,28.09000015,21.8995704650879,76.0
Syrian Arab Republic,SYR,2015.0,47.8358993530273,847.731631942565,5.13012981414795,29.97979927,21.8995704650879,75.7529067188542
Syrian Arab Republic,SYR,2016.0,43.7606582641602,656.3490586313,5.13012981414795,31.8696003,21.8995704650879,75.15400963398
Tajikistan,TJK,2000.0,17.1997108459473,136.925716400723,2.32871007919311,0.048599594582182,78.9637222290039,26.5355104669232
Tajikistan,TJK,2001.0,16.7238998413086,168.676285365186,2.37659001350403,0.0512591325352927,78.9637222290039,26.5345041786379
Tajikistan,TJK,2002.0,16.9350700378418,186.951638285222,2.77578997612,0.0554628269910006,78.9637222290039,26.5336513960096
Tajikistan,TJK,2003.0,18.3057403564453,233.58124845289,2.42078995704651,0.0645837771508553,76.6137649109339,26.5331204386766
Tajikistan,TJK,2004.0,19.5840606689453,305.745158587502,2.77203011512756,0.0774799071356825,76.6137649109339,26.5327772632159
Tajikistan,TJK,2005.0,20.1519508361816,333.927150941684,3.51213002204895,0.298690023682825,76.6137649109339,26.5324878262051
Tajikistan,TJK,2006.0,21.302490234375,401.018403316427,3.40350008010864,3.77240620666448,76.6137649109339,26.5321180842215
Tajikistan,TJK,2007.0,22.2864494323731,516.997210618914,3.41326999664307,7.19761951797855,75.5284041488601,26.5315339938424
Tajikistan,TJK,2008.0,22.7512302398682,703.327375898643,3.45983004570007,8.78,75.5284041488601,26.5306015116451
Tajikistan,TJK,2009.0,22.5239295959473,664.795655734657,4.0983099937439,10.07,76.2276910259915,26.529186594207
Tajikistan,TJK,2010.0,22.8308906555176,737.338883219356,4.00675010681152,11.55000019,76.2276910259915,26.5274312963978
Tajikistan,TJK,2011.0,22.3199405670166,833.601978202852,3.93511009216309,13.02999973,76.2276910259915,26.4792213439941
Tajikistan,TJK,2012.0,22.6923599243164,952.452819695469,4.01803016662598,14.51000023,76.2276910259915,26.4102249145508
Tajikistan,TJK,2013.0,22.6164398193359,1028.19704279396,5.29397617900035,16.0,76.2276910259915,26.4883155822754
Tajikistan,TJK,2014.0,24.2260093688965,1081.54402932039,5.59398898966753,17.48999977,76.2276910259915,26.5633735656738
Tajikistan,TJK,2015.0,26.0669097900391,956.916310930656,4.96774005889893,18.97999954,76.2276910259915,26.478832244873
Tajikistan,TJK,2016.0,28.5179100036621,788.710481734485,5.73094142576332,20.46999931,82.3367962379108,26.3718509674072
Tajikistan,TJK,2017.0,30.2374706268311,829.45714764957,5.54471764262202,21.95999908,80.6697616577148,26.2731513977051
Tajikistan,TJK,2020.0,34.6676458195911,834.311715460625,5.13516829187823,27.54409981,80.6697616577148,26.1925442328719
Tajikistan,TJK,2021.0,37.4220713871838,896.748053372182,4.38253082077599,36.70560074,80.6697616577148,26.1991525151375
Tajikistan,TJK,2022.0,37.2834392884446,1052.17949484894,5.39829770599001,48.91429901,80.6697616577148,26.1957126615618
Tajikistan,TJK,2023.0,34.9689625947729,1178.47990060249,5.43682120015444,54.41550064,80.6697616577148,26.1890127571429
Tajikistan,TJK,2024.0,35.6398418742497,1341.20229027672,5.43682120015444,55.79339981,80.6697616577148,26.1788063651548
Tanzania,TZA,2000.0,0.64341002702713,401.698150634766,3.56245994567871,0.11719444010825,0.808757879682355,22.1944164040635
Tanzania,TZA,2001.0,0.662460029125214,396.638732910156,3.56245994567871,0.171300350668948,0.808757879682355,22.5963228653037
Tanzania,TZA,2002.0,0.697420001029968,402.649047851563,3.56245994567871,0.222484413923909,1.62287998199463,23.0306918214565
Tanzania,TZA,2003.0,0.897960007190704,422.18359375,3.56245994567871,0.676962856510303,1.62287998199463,23.5202087261949
Tanzania,TZA,2004.0,1.21524000167847,450.385284423828,3.56245994567871,0.87757497099259,1.62287998199463,24.0832469119457
Tanzania,TZA,2005.0,1.42771995067596,483.334869384766,3.54747009277344,1.100000024,1.62287998199463,24.7061884538741
Tanzania,TZA,2007.0,1.46310997009277,543.198303222656,4.0334300994873,1.6,1.62287998199463,26.0720614791471
Tanzania,TZA,2010.0,2.13913621753427,736.530151367188,4.54169988632202,2.900000095,2.0456363458292,28.1968953939105
Tanzania,TZA,2012.0,3.96461947161333,861.969909667969,4.22964300342458,3.950000048,3.39596009254456,29.4878764597911
Tanzania,TZA,2013.0,3.67337417645482,963.05712890625,4.63769446369719,4.400000095,3.39596009254456,30.0725108782502
Tanzania,TZA,2015.0,3.98361077132501,939.127319335938,4.19486548285076,10.0,5.27380990982056,31.2061566592472
Tanzania,TZA,2016.0,3.72893939925404,953.0107421875,4.10196721791864,13.5042328468919,5.27380990982056,31.7577303242916
Tanzania,TZA,2017.0,4.78205361153138,986.674011230469,4.43052005767822,14.46339989,5.27380990982056,32.2987013317296
Tanzania,TZA,2018.0,4.27996511118124,1023.10626220703,3.69962000846863,15.49069977,4.05194997787476,32.8287423010834
Tanzania,TZA,2019.0,2.85588898826608,1063.32250976563,3.59683638888648,16.59090042,4.05194997787476,33.3475258518752
Tanzania,TZA,2020.0,7.18188265775187,1117.41528320313,3.23097255920833,19.48139954,4.05194997787476,33.8547246036273
Tanzania,TZA,2021.0,3.59164319762461,1159.85656738281,3.11515335288784,22.87540054,4.05194997787476,34.3500111758619
Tanzania,TZA,2022.0,5.32159018874409,1207.52062988281,3.2382450375764,26.86059952,6.54216003417969,34.8234736377147
Tanzania,TZA,2023.0,5.16887784940301,1224.00219726563,3.25853222146531,28.43190002,6.54216003417969,35.4748019434954
Tanzania,TZA,2024.0,4.01880979537964,1186.71691894531,3.15504437906936,31.16209984,6.54216003417969,36.1684458862992
Thailand,THA,2000.0,35.3038711547852,2005.97694514234,5.25345993041992,3.68904127944164,10.9080495390968,31.4626212652205
Thailand,THA,2001.0,38.9344787597656,1889.93432467144,4.81787014007568,5.55632612097332,10.9080495390968,32.7428054763889
Thailand,THA,2002.0,40.1257095336914,2089.75183111554,3.86491990089417,7.53125033488567,10.9080495390968,34.0732781018222
Thailand,THA,2003.0,41.1551513671875,2347.54001286066,3.72561001777649,9.29902723805965,10.9080495390968,35.4270354382579
Thailand,THA,2004.0,42.1445999145508,2641.56268717857,4.03088998794556,10.6773033237281,22.6436290740967,36.785516284484
Thailand,THA,2005.0,44.3367195129395,2867.70383436062,3.93859004974365,15.0260043588909,22.6436290740967,38.1301594392881
Thailand,THA,2006.0,44.1761817932129,3331.32043511773,4.05038022994995,17.1607147169285,22.5699596405029,39.4424037014582
Thailand,THA,2007.0,47.55419921875,3918.52817434581,3.60314989089966,20.03,21.9606498681637,40.7036878697821
Thailand,THA,2008.0,46.3521308898926,4309.13509292986,3.50850009918213,18.2,21.9606498681637,41.8954507430475
Thailand,THA,2009.0,46.2023391723633,4135.43986952819,3.86193990707398,20.1,21.9606498681637,42.9991311200422
Thailand,THA,2010.0,46.3783774485726,4973.86288823778,3.50846004486084,22.4,27.3381099700928,44.0018736622496
Thailand,THA,2011.0,52.7332765596589,5373.6232832898,4.80556011199951,23.669925618731,27.3381099700928,44.8048723557374
Thailand,THA,2012.0,50.7403100613359,5725.52802835463,4.53672981262207,26.46,27.3381099700928,45.373565813715
Thailand,THA,2013.0,49.6879408184566,6018.08244729255,4.12401008605957,28.94,29.2922706604004,45.8321343847773
Thailand,THA,2014.0,49.9091820021394,5801.1978916205,3.91917751852112,34.8860535783465,31.1241301304379,46.3138799467897
Thailand,THA,2015.0,45.713134717198,5688.85335397884,3.86397622727286,39.3161267365004,32.2173025321347,46.9521043776171
Thailand,THA,2016.0,49.3227291503798,5833.57715617098,3.76761756770937,47.5049656215909,32.6746711730957,47.8801095551247
Thailand,THA,2017.0,47.427491541895,6413.09182530343,3.46532147640365,52.8919293439676,33.2606201829033,49.2311973571777
Thailand,THA,2018.0,46.1667791174286,7099.77650081458,3.19769395901619,56.8174809301456,33.3059310913086,54.5843734741211
Thailand,THA,2019.0,44.9880040072053,7605.69657797759,3.02221411183282,66.6524194587528,35.2588500976562,55.9266166687012
Thailand,THA,2020.0,42.5900878816865,6985.64393892574,3.15314171737183,77.84374066,35.5546011622631,57.2358779907227
Thailand,THA,2021.0,43.4690405127808,7057.20754802279,2.98212428478268,85.26956666,36.1886879229945,58.5087776184082
Thailand,THA,2022.0,43.29484965617,6909.35281815827,2.61187022798634,87.97724503,39.3285713195801,59.742374420166
Thailand,THA,2023.0,45.4407811172674,7195.10130919449,2.52122219628772,89.53525238,39.4400587660553,60.9341926574707
Thailand,THA,2024.0,44.9845744019321,7346.62022142185,2.52122219628772,90.86718789,39.1148991116155,61.8689338391321
Thailand,THA,2025.0,49.0776442074561,7346.62022142185,2.52122219628772,90.86718789,39.1148991116155,61.8689338391321
Timor-Leste,TLS,2002.0,8.40392971038818,533.982465942154,12.9024801254272,0.0,21.4712104797363,24.8506108883184
Timor-Leste,TLS,2009.0,16.5156002044678,686.579329690731,12.9024801254272,2.0,21.4712104797363,29.4007657042596
Timor-Leste,TLS,2010.0,17.7029094696045,813.060220670369,11.1065797805786,3.0,21.4712104797363,29.6398840020416
Timor-Leste,TLS,2023.0,30.9611108169641,1502.41147438211,5.24052834781801,3.0,21.4712104797363,28.595471832952
Togo,TGO,2006.0,4.9507098197937,552.50227125256,2.43236994743347,2.0,7.7044535598519,35.795057579151
Togo,TGO,2007.0,5.5628399848938,607.587886721352,2.48604011535644,2.200000048,7.7044535598519,36.2392154091353
Togo,TGO,2010.0,8.90678270945479,704.986772286079,2.95976996421814,3.0,7.7044535598519,37.5545882975638
Togo,TGO,2011.0,9.66968081043628,783.988944671672,3.07750010490417,3.5,9.25691032409668,37.9872305648732
Togo,TGO,2012.0,10.7079137745625,762.39162379069,3.37651991844177,4.0,9.25691032409668,38.4194359598204
Togo,TGO,2013.0,10.8397865677878,826.542799987227,3.17475008964539,4.5,9.25691032409668,38.8516767884103
Togo,TGO,2014.0,10.5384945175632,855.584809246574,3.4237699508667,5.699999809,9.25691032409668,39.2839506458368
Togo,TGO,2015.0,10.8146472215817,751.051987587248,3.71096992492676,7.119999886,9.25691032409668,39.7162551272934
Togo,TGO,2016.0,12.0913340463942,772.581357620609,3.6624801158905,11.31000042,9.25691032409668,40.1485878279739
Togo,TGO,2017.0,12.3068653432672,792.765700965864,3.76526999473572,12.3602249692905,9.46590042114258,40.5809463430719
Togo,TGO,2018.0,12.9031599603185,851.120561233595,4.09162998199463,15.5,9.46590042114258,41.013328267781
Togo,TGO,2019.0,13.1551472123617,826.255209019798,4.20164196626882,20.72730064,14.2901183239008,41.445731197295
Togo,TGO,2020.0,14.9029897765252,863.468665870276,4.08528017372931,29.02370071,14.2901183239008,41.8781527268075
Tonga,TON,2000.0,5.37392997741699,1995.07667546271,4.87807989120483,2.4343980443669,41.5525585042607,23.0251513819988
Tonga,TON,2001.0,4.62669992446899,1753.51667576626,4.47756004333496,2.82537183911525,41.5525585042607,23.0488634076195
Tonga,TON,2002.0,6.1286997795105,1759.4805324576,3.79500007629394,2.90729731626382,41.5525585042607,23.071428585567
Tonga,TON,2003.0,6.82398986816406,1936.04104012389,4.15951013565063,2.98581736750435,41.5525585042607,23.0943621775072
Tonga,TON,2020.0,21.2782986508118,4792.35854741522,5.04883511346915,54.47370148,41.5525585042607,21.8766206823411
Tonga,TON,2023.0,42.8611738148984,5651.59373063157,5.04883511346915,64.13140106,41.5525585042607,21.147944541337
Tunisia,TUN,2000.0,18.2472705841064,2199.04465936314,6.20196008682251,2.75074029298135,34.2868203169449,63.6166653822584
Tunisia,TUN,2001.0,20.5963401794434,2235.71981624751,6.20184993743896,4.29796603474685,34.2868203169449,63.9541757453358
Tunisia,TUN,2002.0,22.0570907592773,2320.7723805785,5.79006004333496,5.25288729548421,34.2868203169449,64.2822554892505
Tunisia,TUN,2003.0,25.9742908477783,2725.8643148859,6.81675004959106,6.49084579532797,34.2868203169449,64.6055972687544
Tunisia,TUN,2004.0,28.3220500946045,3067.41936376975,6.72078990936279,8.52881775162591,34.2868203169449,64.9272741461338
Tunisia,TUN,2005.0,30.4263496398926,3146.8260743927,6.4515700340271,9.655099869,34.2868203169449,65.2340901739004
Tunisia,TUN,2006.0,31.5884609222412,3322.56933570096,6.43879985809326,12.98639965,35.1950112275729,65.5209809651521
Tunisia,TUN,2007.0,32.1416816711426,3726.91672935667,6.46451997756958,17.1,36.1463397299551,65.8000030517578
Tunisia,TUN,2008.0,33.5827484130859,4255.05008019523,6.27157020568848,27.53,37.0811263261569,66.0676053984361
Tunisia,TUN,2009.0,35.3081817626953,4080.09032448781,6.528480052948,34.07,39.0773794846914,66.3362197875977
Tunisia,TUN,2010.0,36.0425300598145,4291.86120891575,5.96306991577148,36.8,39.33471236499,66.6280059814453
Tunisia,TUN,2011.0,35.942798614502,4420.64772206537,5.96306991577148,39.1,40.3687623798555,66.9191886197857
Tunisia,TUN,2012.0,36.0693092346191,4297.26782454273,5.95086002349854,41.4416008,39.8205524272948,67.2098922729492
Tunisia,TUN,2013.0,34.2130088806152,4369.79345826358,5.95086002349854,43.79999924,40.8919272118125,67.4999542236328
Tunisia,TUN,2014.0,33.7252311706543,4458.97895464547,5.95086002349854,46.15999985,24.5912218702907,67.7524643379101
Tunisia,TUN,2015.0,33.373851776123,4014.94773686432,6.22044992446899,46.4999943435776,41.6188369952506,67.8807907104492
Tunisia,TUN,2016.0,31.2128105163574,3847.80354448809,6.22044992446899,49.5999948415756,41.1825525043116,68.0623356528248
Tunisia,TUN,2017.0,30.9277496337891,3619.03247319953,6.22044992446899,55.5001550633671,41.7812639293989,68.2877807617188
Tunisia,TUN,2018.0,30.9594707489014,3628.10366464236,6.22044992446899,64.1908102327387,41.7812639293989,68.5485240272509
Tunisia,TUN,2019.0,31.4410896301269,3528.87213306798,6.17373240410185,66.6999983024144,41.7812639293989,68.8206382576031
Tunisia,TUN,2020.0,32.5181999206543,3548.65363663803,7.26507545467782,68.55639648,41.7812639293989,69.1043166438476
Tunisia,TUN,2021.0,33.2740287780762,3906.93926319391,6.67984656240779,68.31552226,41.7812639293989,69.3997523770568
Tunisia,TUN,2022.0,37.1276893615723,3707.29283414381,6.8049896073928,68.31552226,41.7812639293989,69.707138648303
Tunisia,TUN,2023.0,38.1219482421875,3951.11683376921,6.73398856321206,68.31552226,19.4402809143066,70.0266686486584
Turkiye,TUR,2001.0,25.0384502410889,3052.2256706793,4.22150993347168,5.18948146078506,12.8697608480764,59.8722461417316
Turkiye,TUR,2002.0,25.9334297180176,3591.08628982587,4.22150993347168,11.38,13.8504532336948,60.7385342729423
Turkiye,TUR,2003.0,29.7210502624512,4649.63668068586,4.22150993347168,12.33,14.9029898355808,61.5845060653258
Turkiye,TUR,2004.0,30.7662506103516,5979.6054216148,4.22150993347168,14.58,21.0269203186035,62.4388481173262
Turkiye,TUR,2005.0,33.2225189208984,7331.85429430255,4.22150993347168,15.46,22.1900291442871,63.3302470273874
Turkiye,TUR,2006.0,37.3102416992188,7990.08251407245,4.22150993347168,18.24,23.2007503509521,64.2873893939536
Turkiye,TUR,2007.0,39.3874015808105,9766.91734545294,4.22150993347168,28.63,23.6869201660156,65.3389618154687
Turkiye,TUR,2008.0,40.7729606628418,10913.4079047769,4.22150993347168,34.37,26.4928703308106,66.513650890377
Turkiye,TUR,2009.0,46.9404602050781,9076.92472236977,4.22150993347168,36.4,27.7024993896484,67.8401432171223
Turkiye,TUR,2010.0,56.7506217956543,10698.9699409757,4.22150993347168,39.82,29.9863891601562,69.3471253941487
Turkiye,TUR,2011.0,61.516300201416,11373.6355760885,4.22150993347168,43.065710430925,31.7986698150635,71.0028723528334
Turkiye,TUR,2012.0,70.1044998168945,11776.7593362033,4.38721990585327,45.13,32.7662582397461,73.7788680234324
Turkiye,TUR,2013.0,79.6469573974609,12635.5570016068,4.34479999542236,46.25,33.7585105895996,78.5218368384696
Turkiye,TUR,2014.0,86.9976806640625,12209.3862327674,4.41256999969482,51.0373665521645,35.237419128418,83.6024850744433
Turkiye,TUR,2015.0,95.5645065307617,11064.6494504662,4.30550003051758,53.7449791423583,37.073558807373,87.2167107972537
Turkiye,TUR,2016.0,103.71558380127,10984.3643169061,4.62773990631104,58.3477340145685,37.6567001342773,88.1020958581776
Turkiye,TUR,2017.0,110.534072875977,10756.3877677883,4.32369995117188,64.6846176835371,39.0266990661621,88.0320472717286
Turkiye,TUR,2018.0,115.462463378906,9684.11819884721,4.29729986190796,71.0427608433809,33.5020027713147,88.1655749576173
Turkiye,TUR,2019.0,117.005470275879,9395.23378001368,4.44776010513306,73.9767022871511,42.1706085205078,88.6618152857124
Turkiye,TUR,2020.0,118.883682250977,8798.11791709313,4.03382015228271,77.6695605,36.4845848043889,88.9303114965222
Turkiye,TUR,2021.0,125.763786315918,9981.76398411336,3.53787994384766,81.40843745,37.7613341085524,89.1762048153239
Turkiye,TUR,2022.0,127.577972412109,10897.8397861365,3.09571003913879,83.43716576,39.2632895114887,89.0381164550781
Turkiye,TUR,2023.0,105.88606262207,13375.0947282864,3.09571003913879,85.96074155,41.0625784422624,89.0218446796121
Turkmenistan,TKM,2014.0,7.00093637977294,7164.14536184006,3.12054991722107,12.19999981,98.383918762207,46.9954085410955
Turkmenistan,TKM,2019.0,11.0507708201956,5998.0017434754,3.12054991722107,12.19999981,98.383918762207,47.0494562466485
Turkmenistan,TKM,2020.0,12.4085702576356,5972.72356566861,3.76267004013061,12.19999981,98.383918762207,47.0546961907259
Turkmenistan,TKM,2021.0,14.5425982703266,5723.30227157906,3.8489100933075,12.19999981,98.383918762207,47.0581410301711
Turkmenistan,TKM,2022.0,16.7316012007071,5837.84224538947,3.58004999160767,12.19999981,98.383918762207,47.0592103414926
Turkmenistan,TKM,2023.0,18.8084201812744,6231.91323839698,2.71291995048523,12.19999981,98.383918762207,47.0678875054171
Turkmenistan,TKM,2024.0,20.4250351701637,6856.65802730208,4.28878021240234,12.19999981,98.383918762207,47.0875253910294
Turks and Caicos Islands,TCA,2008.0,0.116480000317097,31453.8228752689,2.74654631561921,,75.117431640625,89.5140091795268
Turks and Caicos Islands,TCA,2010.0,0.30978998541832,23093.8498268267,2.74654631561921,,75.117431640625,90.3748294690201
Turks and Caicos Islands,TCA,2014.0,13.5160680529301,27292.5820256776,2.74654631561921,,75.117431640625,91.5971200472541
Turks and Caicos Islands,TCA,2015.0,12.3809523809524,29457.0140691162,3.09093999862671,,75.117431640625,91.8737937193851
Turks and Caicos Islands,TCA,2016.0,11.0619469026549,31373.5612684327,2.90744573120893,,75.117431640625,92.1466904484552
Turks and Caicos Islands,TCA,2017.0,11.8171251452925,30014.2309523213,2.47278207606746,,75.117431640625,92.4155868799755
Turks and Caicos Islands,TCA,2018.0,11.3000755857899,31625.616593277,2.7437698841095,,75.117431640625,92.6802596594323
Turks and Caicos Islands,TCA,2019.0,11.7383177570093,31780.5217068989,2.12170004844665,,75.117431640625,92.9404854322845
Turks and Caicos Islands,TCA,2022.0,16.973180770874,31280.5418020808,2.77640008926392,,75.117431640625,93.6922471653237
Turks and Caicos Islands,TCA,2023.0,25.2537080405933,35470.2151608295,2.68765461969981,,75.117431640625,93.9324513656818
Tuvalu,TUV,2023.0,19.3509615384615,6344.7750188689,12.8456897735596,,,64.0117206689787
Uganda,UGA,2000.0,2.61231994628906,258.050338731086,2.461669921875,0.163714063074854,6.45393991470337,11.6414758125187
Uganda,UGA,2001.0,2.85116004943848,236.021188853993,2.461669921875,0.237945087191408,6.45393991470337,11.9013889740088
Uganda,UGA,2002.0,3.54375004768372,241.984688408335,2.461669921875,0.384093504951945,6.45393991470337,12.202793574555
Uganda,UGA,2003.0,3.77904009819031,250.71543664681,2.461669921875,0.464849840113968,6.45393991470337,12.5904136719317
Uganda,UGA,2004.0,3.65948009490967,292.38185796262,4.95237016677856,0.719970679914031,6.45393991470337,13.1221118400615
Uganda,UGA,2006.0,3.56147003173828,346.518255310647,4.95237016677856,2.52940011,6.45393991470337,14.5851520274647
Uganda,UGA,2008.0,3.80542993545532,472.842681495852,4.95237016677856,3.880000114,8.77392959594727,16.5070641943955
Uganda,UGA,2009.0,4.19193983078003,798.947089938247,4.95237016677856,4.099999905,8.77392959594727,17.6123523369348
Uganda,UGA,2010.0,3.9166100025177,823.488144282,1.72739994525909,4.300000191,10.666729927063,18.7990645544572
Uganda,UGA,2011.0,4.37658023834229,835.620060555838,2.29890990257263,4.599999905,8.22214427238142,20.0561028736631
Uganda,UGA,2012.0,3.74987006187439,795.222867553127,1.79746997356415,4.800000191,9.86979961395264,21.372369321253
Uganda,UGA,2014.0,4.61899995803833,896.054795546394,1.91472005844116,5.400000095,10.4185403831742,24.1938503391826
Ukraine,UKR,2000.0,50.5071182250977,653.294311523438,4.02293014526367,0.716183762031043,74.3192291259766,67.403857296906
Ukraine,UKR,2001.0,52.9101104736328,800.49072265625,4.52568006515503,1.23875954748114,74.3192291259766,67.2749805493459
Ukraine,UKR,2002.0,56.645679473877,903.011901855469,5.24006986618042,1.87388511643427,74.3192291259766,67.2672733350904
Ukraine,UKR,2003.0,60.2553215026855,1076.48156738281,5.4001898765564,3.14812758815439,74.3192291259766,67.419679868405
Ukraine,UKR,2004.0,63.4407501220703,1401.01806640625,5.12376022338867,3.4894778812677,74.3192291259766,67.5970968423685
Ukraine,UKR,2005.0,66.8898620605469,1875.33508300781,5.84819984436035,3.749799967,74.3192291259766,67.8136046317755
Ukraine,UKR,2006.0,71.939811706543,2366.494140625,5.97945976257324,4.50612456357379,74.3192291259766,68.0293347798948
Ukraine,UKR,2007.0,76.2627563476562,3160.32763671875,5.90244007110596,6.55,74.3192291259766,68.2102322372037
Ukraine,UKR,2008.0,79.7325210571289,4017.806640625,6.15242004394531,11.0,74.3192291259766,68.3752085755346
Ukraine,UKR,2009.0,82.4992523193359,2607.08764648438,7.05074977874756,17.9,74.3192291259766,68.5251442249547
Ukraine,UKR,2010.0,81.9082510858655,3039.63232421875,7.05074977874756,23.3,74.3192291259766,68.637397133357
Ukraine,UKR,2011.0,84.7981059629784,3656.69799804688,5.93769979476929,28.7082628400713,74.3192291259766,68.7234299826222
Ukraine,UKR,2012.0,83.8798999891598,3951.34228515625,6.44267988204956,35.27,74.3192291259766,68.8241983107739
Ukraine,UKR,2013.0,81.5320112568844,4129.89697265625,6.41987991333008,40.954128997,74.3192291259766,68.9326288082226
Ukraine,UKR,2014.0,83.7842174613245,3054.908203125,5.87491989135742,46.2359754571651,74.3192291259766,69.0554339301313
Ukraine,UKR,2015.0,76.8646556476929,2094.47387695313,5.33951727495092,48.8846436813218,74.3192291259766,69.1587317201337
Ukraine,UKR,2016.0,77.0398374695438,2158.46118164063,5.00976991653442,53.0009695981884,74.3192291259766,69.2102241609089
Ukraine,UKR,2017.0,80.1990246943391,2604.28759765625,5.41706991195679,58.8894794459775,74.3192291259766,69.2633108489282
Ukraine,UKR,2018.0,81.4946716210446,3059.0517578125,5.3199200630188,62.5531553933869,74.8526755373297,69.3157992777909
Ukraine,UKR,2019.0,84.48135621115,3619.86157226563,5.44129991531372,70.1248442995263,70.9834079875464,69.3527648708735
Ukraine,UKR,2020.0,82.1345992180731,3709.76928710938,5.38230991363525,75.03790912,71.541758874926,69.3839100516745
Ukraine,UKR,2021.0,75.9079435107907,4775.94580078125,5.14010000228882,79.21829353,72.4826763598536,69.4027032653896
Ukraine,UKR,2023.0,82.5533599853516,5139.59814453125,5.14010000228882,81.58059692,72.4826763598536,69.4754455027606
Ukraine,UKR,2024.0,87.1920013427734,5389.47314453125,5.14010000228882,82.47489929,72.4826763598536,69.5315643200148
United Arab Emirates,ARE,2018.0,53.2113281680102,47135.3591943971,3.86019992828369,98.4500017817194,69.1401596069336,84.8601805824625
United Arab Emirates,ARE,2019.0,53.8814655213653,45938.6073581994,3.86019992828369,99.1499979561243,71.5237579345703,85.0298263388195
United Arab Emirates,ARE,2020.0,54.9746998074699,37991.7492971665,3.98417997360229,100.0,71.5237579345703,85.1955255681984
United Arab Emirates,ARE,2021.0,56.4520334436146,44118.5047192771,3.89404010772705,100.0,73.4796371459961,85.3571908511355
United Arab Emirates,ARE,2022.0,60.4188226013954,50759.7589231191,3.89404010772705,100.0,74.3884124755859,85.5147347682487
United Arab Emirates,ARE,2023.0,61.3456114422447,49850.6872175164,3.89404010772705,100.0,77.8158493041992,85.6680699002526
United Arab Emirates,ARE,2024.0,63.7384451086316,50273.5060469837,3.89404010772705,100.0,76.9019165039062,85.8171088279791
United Kingdom,GBR,2000.0,57.365119934082,28383.8761094996,4.01820993423462,26.8217543508578,84.6721725463867,79.8241408315172
United Kingdom,GBR,2001.0,57.4873008728027,28013.8729635508,4.1001501083374,33.4810948744147,84.6721725463867,79.9838301298823
United Kingdom,GBR,2002.0,61.1282196044922,30158.7017807858,4.61190986633301,56.48,84.6721725463867,80.1146062677742
United Kingdom,GBR,2003.0,61.4559707641602,34556.7726095905,4.8012900352478,64.82,84.6721725463867,80.2331593332802
United Kingdom,GBR,2004.0,59.4526710510254,40504.4118103928,4.73555994033813,65.61,84.6721725463867,80.3423284929998
United Kingdom,GBR,2005.0,59.2745018005371,42240.2462987547,4.92975997924805,70.0,84.6721725463867,80.4455938127627
United Kingdom,GBR,2006.0,59.1907196044922,44695.161023424,4.97648000717163,68.82,84.6721725463867,80.5464353583991
United Kingdom,GBR,2007.0,58.8450889587402,50629.0799172887,4.9244499206543,75.09,84.6721725463867,80.6483331957387
United Kingdom,GBR,2008.0,57.4309883117676,47652.4030691881,4.90972995758057,78.39,84.6721725463867,80.7547673906116
United Kingdom,GBR,2009.0,59.101131439209,39009.3715547821,5.06263017654419,83.56,84.6721725463867,80.8692180088478
United Kingdom,GBR,2010.0,59.8467292785645,39778.3220528565,5.69868993759155,85.0,86.4258270263672,80.995165116277
United Kingdom,GBR,2011.0,59.3426704406738,42295.9273835322,5.57219982147217,85.3799985496322,86.0834426879883,81.1359685592627
United Kingdom,GBR,2012.0,59.1535682678223,42688.3263728372,5.57219982147217,87.4799984242111,87.7356567382812,81.2905667759508
United Kingdom,GBR,2013.0,56.7794799804688,43606.9837896348,5.52529001235962,89.8441,74.0022735595703,81.4573768694887
United Kingdom,GBR,2014.0,56.5240287780762,47746.2421759562,5.60134983062744,91.6133009176453,74.7063903808594,81.6355750750722
United Kingdom,GBR,2015.0,56.4461288452148,45255.3449216209,5.55453014373779,92.0002998740234,74.7063903808594,81.8243772295647
United Kingdom,GBR,2016.0,58.083869934082,41257.9085545556,5.42795991897583,94.7758006318882,74.7063903808594,82.0229991698295
United Kingdom,GBR,2017.0,59.6282081604004,40916.8115070354,5.45254993438721,90.4245504868553,77.1117324829102,82.23065673273
United Kingdom,GBR,2018.0,61.1377716064453,43702.9976303165,5.20438003540039,90.692008988783,77.1117324829102,82.4465657551295
United Kingdom,GBR,2019.0,65.5119934082031,43158.7411267323,5.26116991043091,92.5166285497138,77.1117324829102,82.6699420738913
United Kingdom,GBR,2020.0,69.4076614379883,40812.6794663879,5.43936014175415,94.81820132,79.9111328125,82.9000015258789
United Kingdom,GBR,2021.0,76.7543563842773,47691.3768799404,5.90681982040405,96.19650269,80.4642028808594,82.9886431523641
United Kingdom,GBR,2022.0,79.7695083618164,47057.043229179,5.90681982040405,95.46530151,80.4642028808594,83.0753982997505
United Kingdom,GBR,2023.0,80.4146499633789,49944.4702124201,5.90681982040405,95.44719696,80.4642028808594,83.1601932891335
United States,USA,2005.0,80.6348266601562,44123.4070679055,4.93064022064209,67.9681015,85.191780090332,80.1961581748464
United States,USA,2013.0,88.7264175415039,53179.0127634561,4.93064022064209,71.4,88.1503067016602,80.660889281215
United States,USA,2014.0,88.6268692016602,54973.4207515712,4.93064022064209,73.0,88.3135833740234,80.6242231779766
United States,USA,2015.0,88.8894119262695,56572.9188996063,4.93064022064209,74.5542024462761,88.4119720458984,80.5707989535091
United States,USA,2016.0,88.8350524902344,57638.1018367192,4.78327989578247,85.5444212887222,89.0923614501953,80.4976645324131
United States,USA,2017.0,88.1673889160156,59635.0984397965,5.09296989440918,87.2748891687657,89.8141326904297,80.4018678392891
United States,USA,2018.0,88.2991790771484,62499.8744390068,4.89502000808716,88.498903165152,89.8053588867188,80.2804567987377
United States,USA,2019.0,87.8887100219727,64746.4506778863,4.95746994018555,89.4302848575712,94.6938014055522,80.1304793353594
United States,USA,2020.0,87.5676574707031,63515.9491807833,5.39530992507935,90.34470367,90.9405212402344,79.997451762548
United States,USA,2021.0,84.8550872802734,70205.050916026,5.42038011550903,91.2684021,91.313362121582,80.0074765140272
United States,USA,2022.0,79.361930847168,76657.2488844403,5.42038011550903,92.72850037,91.190803527832,80.0324978239707
Uruguay,URY,2000.0,33.8414497375488,6987.70098766257,2.42254996299744,10.5390577480141,25.2426686718162,91.2769768173566
Uruguay,URY,2001.0,37.7791595458984,6382.76104740859,2.80096006393433,11.1214376832783,29.9504705836157,91.3759250620534
Uruguay,URY,2002.0,39.5832290649414,4149.76140312687,2.32220005989075,11.4194701966853,30.3218574469913,91.4886084712534
Uruguay,URY,2003.0,41.7629699707031,3671.12329256883,2.0682098865509,15.9371367159756,34.4547996520996,91.6260094228609
Uruguay,URY,2004.0,42.7656097412109,4168.66065438387,2.49954009056091,17.0630983403661,33.4081001985142,91.8009434091917
Uruguay,URY,2005.0,44.3836708068848,5284.25677987129,2.71476006507873,20.0881895579305,33.4081001985142,92.0812710048572
Uruguay,URY,2006.0,45.3399810791016,6001.33294783172,2.85664010047913,29.39999962,24.7390003204346,92.4845482788191
Uruguay,URY,2007.0,50.3921318054199,7222.05403645877,2.85664010047913,34.0,24.7390003204346,92.9603688038713
Uruguay,URY,2008.0,51.0627593994141,9423.96562595893,2.85664010047913,39.3,26.9772205352783,93.45975578621
Uruguay,URY,2009.0,50.9438095092773,9881.39573127081,2.85664010047913,41.8,27.7509708404541,93.9337324320314
Uruguay,URY,2010.0,51.8884303512712,12641.0576849008,2.85664010047913,46.4,27.1735992431641,94.3333219475319
Uruguay,URY,2011.0,52.5558159999377,15132.2675725587,4.14937019348145,51.4046610563616,27.0184593200684,94.6036824756941
Uruguay,URY,2012.0,54.7069093768187,16259.5940814256,4.09353338283242,54.453768680746,27.5437107086182,94.7606597546186
Uruguay,URY,2013.0,59.9512588300598,18335.2594772322,4.23893022537231,57.69,27.5788993835449,94.8844735142936
Uruguay,URY,2014.0,59.826704311423,18322.4276767157,4.26735019683838,61.4624951684405,28.4531497955322,94.9897821210514
Uruguay,URY,2015.0,57.7897211461691,17125.9016800298,4.20636987686157,64.5707870971624,28.7477607727051,95.0800002298303
Uruguay,URY,2016.0,59.6462945758069,17009.7584207276,4.36420011520386,66.40000153,28.7478008270264,95.1585424955685
Uruguay,URY,2017.0,59.7518904286933,19184.6502617082,4.41787004470825,70.3223543994698,30.018440246582,95.2288235732042
Uruguay,URY,2018.0,60.2781342968002,19249.9404677501,4.60361003875732,80.7268428795854,30.4411907196045,95.2942581176758
Uruguay,URY,2019.0,61.9644279466795,18315.7316980028,4.62834978103638,83.3515337667548,31.5105800628662,95.3479309082031
Uruguay,URY,2020.0,64.9332150107214,15757.5355995779,4.55217981338501,85.47100067,31.5105800628662,95.3997650146484
Uruguay,URY,2021.0,75.1713873701582,17881.818721099,4.46211004257202,87.64440155,33.5,95.4497146606445
Uruguay,URY,2022.0,76.3977408357972,20818.6146091144,4.4795298576355,89.87304314,34.8,95.4977416992188
Uruguay,URY,2023.0,79.9536903496537,23019.4221560046,4.76461982727051,90.92590332,34.0,95.5439605712891
Uzbekistan,UZB,2000.0,13.0081100463867,555.149231099186,5.74191999435425,0.484347307694947,91.5406112670898,47.6731005044
Uzbekistan,UZB,2001.0,13.297869682312,454.415812256778,5.74191999435425,0.597567993875805,91.5406112670898,48.4901886313987
Uzbekistan,UZB,2002.0,13.7379999160767,381.409296889283,5.74191999435425,1.08193974248733,91.5406112670898,49.2574592650723
Uzbekistan,UZB,2003.0,13.8350601196289,394.164028897235,5.74191999435425,1.91259517784997,91.5406112670898,49.9566881481443
Uzbekistan,UZB,2004.0,13.8527898788452,462.171492867885,5.74191999435425,2.59372542084924,91.5406112670898,50.5696510233382
Uzbekistan,UZB,2005.0,9.84444999694824,542.835808692209,5.74191999435425,3.34350988825952,91.5406112670898,51.0781236333777
Uzbekistan,UZB,2006.0,9.96053028106689,649.118167003925,5.74191999435425,6.38832196706805,91.5406112670898,51.4638817209862
Uzbekistan,UZB,2007.0,9.83143043518066,824.028192334768,5.74191999435425,7.49060468138629,91.5406112670898,51.7087010288873
Uzbekistan,UZB,2008.0,9.89933967590332,1074.72928796701,5.74191999435425,9.0801145234501,91.5406112670898,51.7943572998047
Uzbekistan,UZB,2009.0,9.8161096572876,1205.7993547038,5.74191999435425,11.9,91.5406112670898,51.6105041503906
Uzbekistan,UZB,2010.0,8.85653237012253,1753.20730243278,5.74191999435425,15.89999962,91.5406112670898,51.3321647644043
Uzbekistan,UZB,2011.0,8.58497947573208,2087.86386135694,5.74191999435425,18.6,91.5406112670898,51.3395500183105
Uzbekistan,UZB,2012.0,7.84954008903504,2307.34649117185,5.74191999435425,23.60000038,91.5406112670898,51.3359680175781
Uzbekistan,UZB,2013.0,7.97676963416095,2461.97947403595,5.74191999435425,26.79999924,91.5406112670898,51.1276969909668
Uzbekistan,UZB,2014.0,7.99231869405469,2674.9628382103,5.71325016021729,35.5,91.9476318359375,50.8868713378906
Uzbekistan,UZB,2015.0,8.05320814639575,2803.19018021751,5.49444007873535,42.79999924,92.0795822143555,50.6597328186035
Uzbekistan,UZB,2016.0,8.33958377998093,2753.37951427589,5.38089990615845,46.79130173,92.5646209716797,50.6572189331055
Uzbekistan,UZB,2017.0,8.64750307019382,2190.60411562888,4.48249006271362,48.6999988524556,92.5646209716797,50.6787376403809
Uzbekistan,UZB,2018.0,9.95855522351711,1813.08530813664,4.83589298172277,55.2000006732722,96.1492462158203,50.5814971923828
Uzbekistan,UZB,2019.0,13.0316667432446,2041.38480729431,6.29534678547216,70.3999986481458,96.6762924194336,50.5920104980469
Uzbekistan,UZB,2020.0,15.9720957084892,1978.28051860763,4.44021987915039,71.09999824,98.2941967056424,50.7670402526855
Uzbekistan,UZB,2021.0,22.0939011675309,2258.51964119278,4.13580989837646,76.59043014,96.0379867553711,50.9269905090332
Uzbekistan,UZB,2022.0,31.701936179599,2578.66689394219,5.23477171022152,83.90000012,96.8379516601562,50.9847412109375
Uzbekistan,UZB,2023.0,45.7591768686293,2878.96879292451,5.47287597270024,89.01361047,96.8379516601562,50.9964841114568
Uzbekistan,UZB,2024.0,56.517478700865,3161.70010632875,5.47287597270024,89.50550079,96.8379516601562,50.9986686706543
Uzbekistan,UZB,2025.0,59.8086982926392,3161.70010632875,5.47287597270024,89.50550079,96.8379516601562,50.9986686706543
Vanuatu,VUT,2000.0,4.54419994354248,1460.23817692229,7.0036301612854,2.10833689115184,,21.6572490599483
Vanuatu,VUT,2001.0,4.5063099861145,1350.18338238522,8.95114994049072,2.83057223877678,,21.9341706883464
Vanuatu,VUT,2002.0,5.41701984405518,1340.71537528287,8.13197994232178,3.51003871071264,,22.2011458912344
Vanuatu,VUT,2003.0,4.86402988433838,1566.51396790858,8.44151020050049,3.90329584542948,,22.4641372404641
Vanuatu,VUT,2004.0,4.87792015075684,1774.31867585894,8.44151020050049,4.74660261917533,,22.7291073078871
"Venezuela, RB",VEN,2000.0,27.8114891052246,4776.2816763938,6.87467002868652,3.3595974645036,30.1,88.219476430842
"Venezuela, RB",VEN,2002.0,37.518970489502,3652.09896501865,6.87467002868652,4.91044632720325,31.7,88.4553810951083
"Venezuela, RB",VEN,2003.0,39.2063407897949,3229.50557082079,6.87467002868652,7.49996346522407,32.5,88.522274342774
"Venezuela, RB",VEN,2004.0,41.2058296203613,4269.08970872392,6.87467002868652,8.40446959241215,32.5,88.5835546444319
"Venezuela, RB",VEN,2008.0,78.2515029907227,11262.4514256759,6.87467002868652,25.88,41.443660736084,88.7615723567652
"Venezuela, RB",VEN,2009.0,78.2699203491211,11596.6021921731,6.87467002868652,32.7,42.9877090454102,88.7865574027187
Viet Nam,VNM,2000.0,9.24740982055664,404.029784055118,4.8867301940918,0.254248275754934,25.6799507141113,24.3672526919772
Viet Nam,VNM,2001.0,9.30103015899658,419.205677580901,4.8867301940918,1.26565123612317,25.6799507141113,24.9489362725143
Viet Nam,VNM,2002.0,9.55722999572754,445.132861817313,4.8867301940918,1.85499923592581,25.6799507141113,25.5540925665659
Viet Nam,VNM,2003.0,9.91792964935303,497.117089249256,4.8867301940918,3.78028081370641,25.6799507141113,26.1745407830283
Viet Nam,VNM,2005.0,15.8760204315185,710.746759994861,4.8867301940918,12.7399292907031,25.6799507141113,27.4285898187702
Viet Nam,VNM,2006.0,16.8052501678467,807.756645117054,4.8867301940918,17.2545617186662,25.6799507141113,28.0458290558422
Viet Nam,VNM,2007.0,18.9504508972168,925.640338348717,4.8867301940918,20.7554447679753,25.6799507141113,28.6456370509099
Viet Nam,VNM,2008.0,20.0552005767822,1163.83195772873,4.8867301940918,23.92,25.6799507141113,29.2198330128693
Viet Nam,VNM,2009.0,21.5007190704346,1226.16976051536,4.81650018692017,26.55,25.6799507141113,29.7581347355675
Viet Nam,VNM,2010.0,23.9250975429329,1683.16182443979,4.04594993591309,30.65,25.8374403591898,30.2504027258526
Viet Nam,VNM,2011.0,25.8674734818525,1950.92504174913,3.7802300453186,35.07,26.6146215842897,30.6996041680996
Viet Nam,VNM,2012.0,25.7487091222031,2185.11767654291,4.40817022323608,36.79999924,27.2692824436299,31.1222779403029
Viet Nam,VNM,2013.0,25.6249412769592,2359.51736472828,4.52833986282349,38.5,28.1382815132216,31.5334201724543
Viet Nam,VNM,2014.0,31.3306389293887,2546.38464459903,3.54012312110584,41.0,29.043781123718,31.9480269945454
Viet Nam,VNM,2015.0,29.7250797402999,2577.56885340113,3.41660449674943,45.0,28.1156023838483,32.3810945365679
Viet Nam,VNM,2016.0,29.0811980839409,2735.0604380416,3.46906995773315,53.0,29.2793082925931,32.8476189285136
Viet Nam,VNM,2017.0,25.9526307046456,2956.10992127753,3.41865686539527,58.1400000036297,30.3265025972093,33.3625963003742
Viet Nam,VNM,2019.0,30.2241191864014,3440.90025375434,3.08499832693462,68.6615802057338,31.9328708648682,34.6239134999511
Viet Nam,VNM,2021.0,41.9554971195048,3704.1935590038,2.94517488804327,74.20999985,36.9125116087881,36.6540656426603
Viet Nam,VNM,2022.0,44.7536854027422,4147.69777213621,2.88738689372749,78.58999918,41.9241218566895,37.5478515625
Viet Nam,VNM,2023.0,32.8415128147815,4323.35031982451,2.88738689372749,78.08,39.4747561493698,38.1298904418945
Viet Nam,VNM,2024.0,37.5923642016718,4717.29028732449,2.88738689372749,84.15,39.4747561493698,38.4900703430176
West Bank and Gaza,PSE,2000.0,23.624870300293,1476.17185000238,6.19167995452881,1.11130620708969,29.9960138777218,72.0694328572656
West Bank and Gaza,PSE,2001.0,25.7727699279785,1335.55319529359,6.19167995452881,1.83685483917877,30.3132971275582,73.7258284491139
West Bank and Gaza,PSE,2002.0,27.5037307739258,1156.21747345769,6.19167995452881,3.10009223512517,31.0067639293202,75.4978748965208
West Bank and Gaza,PSE,2003.0,31.2601299285889,1257.69857009689,6.19167995452881,4.13061635632919,30.8268936962453,77.2865026687292
West Bank and Gaza,PSE,2004.0,35.1719093322754,1422.19088643544,6.19167995452881,4.40090482603223,30.7632904052734,78.9926422349822
West Bank and Gaza,PSE,2005.0,38.400749206543,1543.70141392774,6.19167995452881,16.00499916,31.1191505516031,80.5172240645229
West Bank and Gaza,PSE,2006.0,40.1437492370605,1570.10439962728,6.19167995452881,18.41,31.2193508148193,81.7611786265942
West Bank and Gaza,PSE,2007.0,43.544979095459,1664.24571669276,6.19167995452881,21.1760006,32.0520896911621,82.596126313073
West Bank and Gaza,PSE,2008.0,44.7015686035156,2035.20234121766,6.19167995452881,24.3579998,32.7596702575684,83.0979098899913
West Bank and Gaza,PSE,2009.0,43.4091491699219,2191.78178736868,6.19167995452881,32.23,35.0115394592285,83.5050344815957
West Bank and Gaza,PSE,2010.0,45.0943742403046,2557.07562356699,6.19167995452881,37.40000153,34.950870513916,83.8853491139676
West Bank and Gaza,PSE,2011.0,47.5094364758648,2880.79843707909,5.33527994155884,41.08000183,36.3560485839844,84.2340950604341
West Bank and Gaza,PSE,2012.0,47.0416991089195,3067.43872735614,4.74210977554321,43.4,38.0242118835449,84.5465135943222
West Bank and Gaza,PSE,2013.0,45.2354836861858,3315.29753909282,4.89467000961304,46.59999847,38.5071487426758,84.8178459889593
West Bank and Gaza,PSE,2014.0,44.8451220304662,3352.11259506043,4.89467000961304,53.6651997924171,37.9565505981445,85.0433335176723
West Bank and Gaza,PSE,2015.0,46.0871831764203,3272.15432360708,4.66321992874146,56.70000076,39.0218696594238,85.2182174537886
West Bank and Gaza,PSE,2016.0,45.3924907557838,3527.61382413178,4.98296022415161,59.90000153,39.6356086730957,85.3377390706351
West Bank and Gaza,PSE,2017.0,45.5044081379083,3620.36048715937,4.72153997421265,63.29999924,40.6208381652832,85.3782255354
West Bank and Gaza,PSE,2018.0,46.4852162059319,3562.33094270256,4.72153997421265,64.3999937114499,42.6016883850098,85.5351131070872
West Bank and Gaza,PSE,2019.0,45.6330464687168,3656.85827137011,4.72153997421265,70.6225837001758,48.7687110900879,85.8136174183656
West Bank and Gaza,PSE,2020.0,45.3895360497376,3233.56863835858,4.72153997421265,76.18160248,45.9041709899902,86.0741183743925
West Bank and Gaza,PSE,2021.0,44.2081176768623,3678.63565662194,5.43442010879517,76.18160248,46.231843774942,86.334956387337
West Bank and Gaza,PSE,2022.0,45.7982801281791,3799.95527015163,5.43442010879517,88.64690554,46.8563003540039,86.5961423216016
West Bank and Gaza,PSE,2023.0,44.4904623709098,3455.02852911712,5.43442010879517,86.63765334,46.8563003540039,86.8576870415886
"Yemen, Rep.",YEM,2002.0,9.18375968933105,513.241486570603,5.15144014358521,0.518796032123435,,27.5777619268614
"Yemen, Rep.",YEM,2003.0,8.78116989135742,548.905883049973,5.15144014358521,0.604734100431821,,28.0277061455611
"Yemen, Rep.",YEM,2004.0,8.35861015319824,627.632023395762,5.15144014358521,0.881222988679516,,28.4506523754813
"Yemen, Rep.",YEM,2005.0,8.33720016479492,734.159908450927,5.15144014358521,1.048599958,,28.8523786558834
"Yemen, Rep.",YEM,2006.0,8.00743007659912,809.713127624703,5.15144014358521,1.24782404904485,,29.2379493450977
"Yemen, Rep.",YEM,2007.0,9.04864025115967,890.305768114988,5.15144014358521,5.01,,29.6091538946366
"Yemen, Rep.",YEM,2008.0,9.20860004425049,1071.63583282105,5.15144014358521,6.89,,29.9646637170333
"Yemen, Rep.",YEM,2009.0,9.69779014587402,969.243509864478,5.15144014358521,9.96,,30.3031502248211
"Yemen, Rep.",YEM,2010.0,9.26154041290283,1155.20305261418,5.15144014358521,12.35,,30.6232848305331
"Yemen, Rep.",YEM,2011.0,8.80690002441406,1186.47500581215,5.15144014358521,14.90499973,,30.9237389467026
Zambia,ZMB,2011.0,3.99062158481189,1624.86817763443,3.35772272046971,3.5,,40.3684491825881
Zambia,ZMB,2012.0,3.96159738763825,1710.05061343728,3.69500242842903,4.099999905,,40.7698556821596
Zimbabwe,ZWE,2010.0,6.9457720142893,902.010759067388,1.54405574575827,6.400000095,6.08305978775024,32.7284525810054
Zimbabwe,ZWE,2011.0,7.111226643716,1037.77565157218,1.54405574575827,8.399999619,6.08305978775024,32.7567295776968
Zimbabwe,ZWE,2012.0,7.12874147164551,1239.22709745709,6.07021391405834,12.0,6.08305978775024,32.7931752128328
Zimbabwe,ZWE,2013.0,7.31873655658947,1362.99498323368,5.99598135667974,15.5,6.08305978775024,32.9019343169941
Zimbabwe,ZWE,2015.0,11.0489020370076,1387.12632595026,5.99598135667974,22.74279976,11.7817697525024,33.5612641766874
Zimbabwe,ZWE,2024.0,7.74912957845971,2497.20332208763,5.99598135667974,41.64279938,11.7817697525024,39.8933716820696
