"Data Source","World Development Indicators",

"Last Updated Date","2026-04-08",

"Country Name","Country Code","Indicator Name","Indicator Code","1960","1961","1962","1963","1964","1965","1966","1967","1968","1969","1970","1971","1972","1973","1974","1975","1976","1977","1978","1979","1980","1981","1982","1983","1984","1985","1986","1987","1988","1989","1990","1991","1992","1993","1994","1995","1996","1997","1998","1999","2000","2001","2002","2003","2004","2005","2006","2007","2008","2009","2010","2011","2012","2013","2014","2015","2016","2017","2018","2019","2020","2021","2022","2023","2024","2025",
"Aruba","ABW","Educational attainment, at least completed upper secondary, population 25+, total (%) (cumulative)","SE.SEC.CUAT.UP.ZS","","","","","","","","","","","","","","","","","","","","","","","","","","","","","","","","7.18651008605957","","","","","","","","","16.3950805664062","","","","","","","","","","32.0831718444824","","","","","","","","","","","","","67.8933029174805","","",
"Africa Eastern and Southern","AFE","Educational attainment, at least completed upper secondary, population 25+, total (%) (cumulative)","SE.SEC.CUAT.UP.ZS","","","","","","","","","","","","","","","","","","","","","","","","","","","","","","","","","","","","","","","","","","","","","","","","","","","","","","","","","","","","","","","","","","",
"Afghanistan","AFG","Educational attainment, at least completed upper secondary, population 25+, total (%) (cumulative)","SE.SEC.CUAT.UP.ZS","","","","","","","","","","","","","","","","3","","","","","","","","","","","","","","","","","","","","","","","","","","","","","","","","","","","","","","","9.698486925384","9.79236030578613","","11.7771822147423","","","11.8347043333891","9.46131038665771","12.5973300933838","","","",
"Africa Western and Central","AFW","Educational attainment, at least completed upper secondary, population 25+, total (%) (cumulative)","SE.SEC.CUAT.UP.ZS","","","","","","","","","","","","","","","","","","","","","","","","","","","","","","","","","","","","","","","","","","","","","","","","","","","","","","","","","","","","","","","","","","",
"Angola","AGO","Educational attainment, at least completed upper secondary, population 25+, total (%) (cumulative)","SE.SEC.CUAT.UP.ZS","","","","","","","","","","","","","","","","","","","","","","","","","","","","","","","","","","","","","","","","","","","","","6.49495669978991","","","","","7.71984559467849","","12.3044799492131","","","15.8635301589966","17.4365100860596","","","","","","","","26.8992195129394","","",
"Albania","ALB","Educational attainment, at least completed upper secondary, population 25+, total (%) (cumulative)","SE.SEC.CUAT.UP.ZS","","","","","","","","","","","","","","","","","","","","","","","","","","","","","","","","","","","","","","","","","","37.0448913574219","","","","","","39.913692520629","39.8893203735352","40.7168211248766","42.0615055762317","43.4903411865234","45.2791481018066","43.7557131852483","45.9827253915524","48.1863617042111","46.9844844692678","46.3533401489258","49.8858232395536","50.7128654950488","51.0498413335601","51.8425099304159","53.2684854264147","53.9683303833008","","",
"Andorra","AND","Educational attainment, at least completed upper secondary, population 25+, total (%) (cumulative)","SE.SEC.CUAT.UP.ZS","","","","","","","","","","","","","","","","","","","","","","","","","","","","","","","","","","","","","","","","","","","","42.3038711547852","51.4541816711426","43.9101715087891","49.9506492614746","","","","","","","","47.8374099731445","47.5452003479004","47.3496894836426","","","","","","61.2193908691406","","","",
"Arab World","ARB","Educational attainment, at least completed upper secondary, population 25+, total (%) (cumulative)","SE.SEC.CUAT.UP.ZS","","","","","","","","","","","","","","","","","","","","","","","","","","","","","","","","","","","","","","","","","","","","","","","","","","","","","","","","","","","","","","","","","","",
"United Arab Emirates","ARE","Educational attainment, at least completed upper secondary, population 25+, total (%) (cumulative)","SE.SEC.CUAT.UP.ZS","","","","","","","","","","","","","","","","","","","","","","","","","","","","","","","","","","","","","","","","","","","","","","47.1061515808105","","","","","","","","","","","53.0705108642578","67.1230316162109","69.1401596069336","71.5237579345703","","73.4796371459961","74.3884124755859","77.8158493041992","76.9019165039062","",
"Argentina","ARG","Educational attainment, at least completed upper secondary, population 25+, total (%) (cumulative)","SE.SEC.CUAT.UP.ZS","","","","","","","","","","","","","","","","","","","","","","","","","","","","","","","","","","","","","","33.7245857630606","","","","34.2933502197266","","42.1566314697266","","","","","","","","","","","","","","","","","","","54.6562690734863","","","",
"Armenia","ARM","Educational attainment, at least completed upper secondary, population 25+, total (%) (cumulative)","SE.SEC.CUAT.UP.ZS","","","","","","","","","","","","","","","","","","","","","","","","","","","","","","","","","","","","","","","","","","81.5830764770508","","","","","","87.5961544839807","","89.9814155908752","90.3963600803793","90.2376098632812","92.0871294900711","92.991693911866","95.1422776758471","94.6314347635673","93.9730352238513","90.0966491699219","94.4654445463654","94.7464467221341","89.880859375","94.7174619293061","94.865478515625","92.7667388916016","","",
"American Samoa","ASM","Educational attainment, at least completed upper secondary, population 25+, total (%) (cumulative)","SE.SEC.CUAT.UP.ZS","","","","","","","","","","","","","","","36.0716094970703","","","","","","42.0999984741211","","","","","","","","","","","","","","","","","","","","","","","","","","","","","","","","","","","","","","","","","","","","","",
"Antigua and Barbuda","ATG","Educational attainment, at least completed upper secondary, population 25+, total (%) (cumulative)","SE.SEC.CUAT.UP.ZS","","","","","","","","","","","","","","","","","","","","","","","","","","","","","","","","","","","","","","","","","","25.2885894775391","","","","","","","","","","","","","","","","","62.7659249985091","","","73.7143630981445","","74.0725436431649","","",
"Australia","AUS","Educational attainment, at least completed upper secondary, population 25+, total (%) (cumulative)","SE.SEC.CUAT.UP.ZS","","","","","","","","","","","","21.5","","","","","","","","","","","","","","","","","","","","","","","","","","","","","","59.3130855364922","60.4615545495105","61.1908137261419","64.1210021972656","65.0338516235352","66.7138366699219","68.1897811889648","70.0889587402344","70.8557434082031","72.7989730834961","74.0616683959961","76.4830169677734","72.037353515625","73.5959625244141","75.5475769042969","76.4180374145508","77.261360168457","78.3257598876953","79.0479278564453","80.0530319213867","81.1301116943359","81.6710815429688","78.9638344978438","79.9127182348975","",
"Austria","AUT","Educational attainment, at least completed upper secondary, population 25+, total (%) (cumulative)","SE.SEC.CUAT.UP.ZS","","","","","","","","","","","","38.3216514587402","","","","","","","","","","50.7143898010254","","","","","","","","","","52.065128326416","","","","","65.0704300560776","67.4032514756657","68.010979421611","68.805427654702","69.8805543658546","70.9774758286207","72.5455946752039","72.6677724433321","73.3623634251644","74.2021636962891","75.2988408584927","73.5906066894531","72.4694595336914","75.810188293457","76.5560989379883","76.4276962280273","76.9751129150391","77.3063583374023","78.4265899658203","79.0129013061523","79.3689804077148","79.6625823974609","80.0708180825642","80.6740493774414","80.9440184335445","78.2005386352539","82.0893352573971","82.5592927591342","","",
"Azerbaijan","AZE","Educational attainment, at least completed upper secondary, population 25+, total (%) (cumulative)","SE.SEC.CUAT.UP.ZS","","","","","","","","","","","","","","","","","","","","","","","","","","","","","","","","","","","","","","","","83.5263214111328","","","","","","","","88.435417175293","88.5401382446289","88.6104888916016","88.6454010009766","88.6587829589844","88.7130889892578","88.7197418212891","88.7141723632812","88.6650772094727","88.6644515991211","88.5012283325195","88.4309387207031","88.4195785522461","","","","91.8056716918945","","",
"Burundi","BDI","Educational attainment, at least completed upper secondary, population 25+, total (%) (cumulative)","SE.SEC.CUAT.UP.ZS","","","","","","","","","","","","","","","","","","","","","","","","","","","","","","","","","","","","","","","","","","","","","","","3.14735159121368","","7.41938018798828","","","","","","3.3253800868988","","","5.59581995010376","","","9.3111647004462","","","","","",
"Belgium","BEL","Educational attainment, at least completed upper secondary, population 25+, total (%) (cumulative)","SE.SEC.CUAT.UP.ZS","","","","","","","","","","","14.0161895751953","","","","","","","","","","","","","","","","","","","","","","42.9921289156962","43.5957253892061","45.2732700037636","46.8244263772055","48.6156800200796","49.4324792519843","48.3583035940081","48.9173367442627","50.0038123766939","50.6804325763941","52.0275696980575","52.6089216413124","54.6454246114712","56.7683075754643","57.7329292297363","58.8487291480579","60.4241600036621","61.6929016113281","61.7283782958984","62.7599296569824","63.2111015319824","64.2786865234375","64.0188827514648","66.210578918457","67.0826416015625","69.1504516601562","70.0668254662657","71.4462585449219","72.139644732898","73.6399120754637","73.6852679280953","74.4232374318134","","",
"Benin","BEN","Educational attainment, at least completed upper secondary, population 25+, total (%) (cumulative)","SE.SEC.CUAT.UP.ZS","","","","","","","","","","","","","","","","","","","","1.10000002384186","","","","","","","","","","","","","","","","","","","","","","","","","","","","","","","","","","8.70121891704129","","","","5.01374006271362","","6.36512994766235","","6.4660701751709","6.41501998901367","","","",
"Burkina Faso","BFA","Educational attainment, at least completed upper secondary, population 25+, total (%) (cumulative)","SE.SEC.CUAT.UP.ZS","","","","","","","","","","","","","","","","","","","","","","","","","","","","","","","","","","","","","","","","","","","","","","","4.00731992721558","","","","","","","","2.80549001693726","","","","6.15245008468628","7.82172012329102","","6.34940004348755","5.32712870386465","5.26034182476624","5.15915695580717","",
"Bangladesh","BGD","Educational attainment, at least completed upper secondary, population 25+, total (%) (cumulative)","SE.SEC.CUAT.UP.ZS","","","","","","","","","","","","","","","","","","","","","","5.49604988098145","","","","","","","","","","","","","","","","","","","","17.1284294128418","","","","","19.8530266819359","","","","19.1188106028469","24.1828193664551","24.678840637207","22.1853504180908","23.2181606292725","28.5621795654297","28.9691696166992","29.7941703796387","30.5447692871094","31.330099105835","","33.6561393737793","","","","",
"Bulgaria","BGR","Educational attainment, at least completed upper secondary, population 25+, total (%) (cumulative)","SE.SEC.CUAT.UP.ZS","","","","","","","","","","","","","","","","","","","","","","","","","","","","","","","","","","","","","","","","","57.3747303537068","59.4621200561523","61.8875100019404","61.4832000193503","61.7715892025619","63.0249069427748","64.4489135742188","67.0206527709961","67.6123504638672","68.2597579956055","69.6149520874023","70.6531677246094","72.4808578491211","73.9379577636719","73.8130874633789","74.9126663208008","75.5995407104492","76.4485397338867","77.3435588476829","76.6335894620298","77.7781982421875","80.2392272949219","79.0050510077588","80.193131845955","","",
"Bahrain","BHR","Educational attainment, at least completed upper secondary, population 25+, total (%) (cumulative)","SE.SEC.CUAT.UP.ZS","","","","","","","","","","","","","","","","","","","","","","","","","","","","","","","","","","","","","","","","","","49.6503105163574","","","","","","","","","42.1130104064941","","","","","","54.0475997924805","56.538158416748","64.9282302856445","","68.7366790771484","","66.9530029296875","66.730842590332","66.3833465576172","",
"Bahamas, The","BHS","Educational attainment, at least completed upper secondary, population 25+, total (%) (cumulative)","SE.SEC.CUAT.UP.ZS","","","","","","","","","","","","","","","","","","","","","","","","","","","","","","","","","","","","","","","","","70.9415512084961","","","","","","","","","","81.8777313232422","","","","","","","","","87.0900192260742","","","92.1609802246094","90.9041152937105","","",
"Bosnia and Herzegovina","BIH","Educational attainment, at least completed upper secondary, population 25+, total (%) (cumulative)","SE.SEC.CUAT.UP.ZS","","","","","","","","","","","","","","","","","","","","","","","","","","","","","","","","","","","","","","","","","","","","","","","","","51.8769177503296","53.4625551493833","57.0089525072219","56.8820301119927","57.8995639754601","59.1528756099602","59.5738906860352","60.8295707702637","62.3772583007812","61.7170969984451","63.5065383911133","62.9002278405043","69.086181640625","71.1498119603508","72.3236999511719","72.0473875223632","","",
"Belarus","BLR","Educational attainment, at least completed upper secondary, population 25+, total (%) (cumulative)","SE.SEC.CUAT.UP.ZS","","","","","","","","","","","","","","","","","","","","","","","","","","","","","","","","","","","","","","","","","","","","","","","","","","84.8541030883789","","","","","","","96.8443697907492","97.1415486552086","97.4142697820584","94.7378082275391","97.6255870924055","97.5256860683346","97.8953833172194","97.890668183791","","",
"Belize","BLZ","Educational attainment, at least completed upper secondary, population 25+, total (%) (cumulative)","SE.SEC.CUAT.UP.ZS","","","","","","","","","","","","","","","","","","","","","","","","","","","","","","","","","","","","","","","","","","","","","","24.8250007629394","","","","","36.827018737793","","","37.9717471104897","38.4909257348598","32.5941200256348","39.9577467978532","39.1543990807057","","","43.2856292724609","","42.886848449707","","","",
"Bermuda","BMU","Educational attainment, at least completed upper secondary, population 25+, total (%) (cumulative)","SE.SEC.CUAT.UP.ZS","","","","","","","","","","","","","","","","","","","","","","","","","","","","","","","","","","","","","","","","","85.6993789672852","","","","","","","","","","77.0159683227539","","","","","","87.4534378051758","","","","","","","","","",
"Bolivia","BOL","Educational attainment, at least completed upper secondary, population 25+, total (%) (cumulative)","SE.SEC.CUAT.UP.ZS","","","","","","","","","","","","","","","","","12.0882596969604","","","","","","","","","","","","","","","","28.0149402618408","","","","","","","","29.7","38.0085716247559","25.7","","26","31","33.4957504272461","36.6","36.0851097106934","38.4426002502441","","40.5","43.1408309936523","46.4","40.9","51.2609596252441","43.1","44.7","45.2","60.1514701843262","59.2210693359375","49.7","50.7064027760573","53.8120613098145","53.1322212219238","",
"Brazil","BRA","Educational attainment, at least completed upper secondary, population 25+, total (%) (cumulative)","SE.SEC.CUAT.UP.ZS","","","","","","","","","","","5.68445014953613","","","","","","","","","","","","","","","","","","","","","","21.0858190844278","","","19.9339977205057","20.5062962783534","21.3494117010642","22.0733874502781","22.8272911207422","","25.3","26.8","28.1","29.4160003662109","30.4","32.4210815429688","33.7455711364746","35.4544715881348","37.1068801879883","35.922679901123","39.3609809875488","40.6111907958984","41.8536682128906","42.5613784790039","43.7763481140137","45.1083183288574","46.1742515563965","47.4328689575195","50.2","52.9","53.5","54","55.2","61.7327776308577","",
"Barbados","BRB","Educational attainment, at least completed upper secondary, population 25+, total (%) (cumulative)","SE.SEC.CUAT.UP.ZS","","","","","","","","","","","","","","","","","","","","","","","","","","","","","","","","","","","","","","","","","24.2057304382324","","","","","","","","","","","","","","","","","","","","","","","","","",
"Brunei Darussalam","BRN","Educational attainment, at least completed upper secondary, population 25+, total (%) (cumulative)","SE.SEC.CUAT.UP.ZS","","","","","","","","","","","","","","","","","","","","","","","","","","","","","","","","","","","","","","","","","","","","","","","","","","","","62.9979209899902","","","70.6451314714651","67.5941925048828","","67.798432665848","68.3763364360234","69.2162924505964","67.4217208868073","70.8407319388492","68.7706399814038","67.8724923905063","","",
"Bhutan","BTN","Educational attainment, at least completed upper secondary, population 25+, total (%) (cumulative)","SE.SEC.CUAT.UP.ZS","","","","","","","","","","","","","","","","","","","","","","","","","","","","","","","","","","","","","","","","","","","","","","","","","","","","","5.50574016571045","","","","","17.3154907226562","","","","","19.22580909729","","","",
"Botswana","BWA","Educational attainment, at least completed upper secondary, population 25+, total (%) (cumulative)","SE.SEC.CUAT.UP.ZS","","","","","","","","","","","","1.28277003765106","","","","","","","","","","","","","","","","","","","","","","","","","","","","","","","","","","","13.2221913507966","","","16.4856527382353","","","","","","","","","","42.9777369383479","42.3264083862305","44.2292943215654","44.9155478130298","43.012279510498","","",
"Central African Republic","CAF","Educational attainment, at least completed upper secondary, population 25+, total (%) (cumulative)","SE.SEC.CUAT.UP.ZS","","","","","","","","","","","","","","","","1.64069998264313","","","","","","","","","","","","","","","","","","","","","","","","","","","","","","","","","","","","","","","","","","","","5.61245012283325","","","","","","",
"Canada","CAN","Educational attainment, at least completed upper secondary, population 25+, total (%) (cumulative)","SE.SEC.CUAT.UP.ZS","","","","","","","","","","","","","","","","","","","","","","","","","","","44.1334495544434","","","","","49.3545188903809","","","","","","71.6934500854133","72.4626568579017","73.2967698439607","74.4628776088083","67.7451324462891","","77.6938969529575","78.1951320962919","79.2255899627965","79.4033889770508","80.5808185700987","81.2651154956689","81.8416260755718","82.6343912276864","82.7489929199219","83.5809403647013","84.3148771836703","84.7867676404273","85.311018515734","84.4691925048828","86.4637574349962","87.1723476899967","87.4373043734491","88.1384114499308","86.5175704956055","89.1743662135055","89.5703840585895","89.8715504702382","",
"Central Europe and the Baltics","CEB","Educational attainment, at least completed upper secondary, population 25+, total (%) (cumulative)","SE.SEC.CUAT.UP.ZS","","","","","","","","","","","","","","","","","","","","","","","","","","","","","","","","","","","","","","","","","","","","","","","","","","","","","","","","","","","","","","","","","","",
"Switzerland","CHE","Educational attainment, at least completed upper secondary, population 25+, total (%) (cumulative)","SE.SEC.CUAT.UP.ZS","","","","","","","","","","","21.018030166626","","","","","","","","","","","","","","","","","","","","","","","82.5051079827871","81.5815055113866","79.8444681883128","78.851929549637","78.842688892995","79.1058326628825","78.9661416594489","79.0890797616452","83.2533726879818","82.6618483613412","82.2766318575162","82.8338125684416","82.7766577918303","83.1207526506269","83.5807909131454","84.4327535294807","82.7153778076172","81.7433471679688","81.6319427490234","82.4815521240234","85.1794450427913","84.6438522338867","85.1900100708008","84.5369110107422","84.830271864468","85.681770324707","86.6450271606445","86.870062106571","84.5048573551638","83.8835734864297","84.2772222135807","84.3823784776807","",
"Channel Islands","CHI","Educational attainment, at least completed upper secondary, population 25+, total (%) (cumulative)","SE.SEC.CUAT.UP.ZS","","","","","","","","","","","","","","","","","","","","","","","","","","","","","","","","","","","","","","","","","","","","","","","","","","","","","","","","","","","","","","","","","","",
"Chile","CHL","Educational attainment, at least completed upper secondary, population 25+, total (%) (cumulative)","SE.SEC.CUAT.UP.ZS","","","","","","","","","","","","","","","","","","","","","","","","","","","","","","","","","","","","","","","","","43.9","","","45.9","50.0224189758301","","47.2","50.5686492919922","51.8613586425781","52.3","52.8601493835449","50.8061485290527","57.9416809165017","53.8420600891113","60.3100448821158","56.9636688232422","62.4565158145167","59.2311515808105","65.7721194585188","66.8381594272598","65.3","66.9972330056142","66.6","68.4254952608668","69.8416178051439","",
"China","CHN","Educational attainment, at least completed upper secondary, population 25+, total (%) (cumulative)","SE.SEC.CUAT.UP.ZS","","","","","","","","","","","","","","","","","","","","","","","6.64788007736206","","","","","","","","","","","","","","","","","","13.8146864870906","","","","","","","","","","22.3159999847412","","","","","","","","","","31.7697906494141","","","","","",
"Cote d'Ivoire","CIV","Educational attainment, at least completed upper secondary, population 25+, total (%) (cumulative)","SE.SEC.CUAT.UP.ZS","","","","","","","","","","","","","","","","","","","","","","","","","","","","","","","","","","","","","","","","","","","","","","","","","","","","","13.5190701911556","9.99058935250628","14.1761598587036","","10.2420784852343","","","","","16.8069095611572","","","","",
"Cameroon","CMR","Educational attainment, at least completed upper secondary, population 25+, total (%) (cumulative)","SE.SEC.CUAT.UP.ZS","","","","","","","","","","","","","","","","","","","","","","","","","","","","","","","","","","","","","","","","","","","","","","11.1209292405097","","10.8721331946775","","","6.19027996063232","","","","21.1658493817117","","","","14.257869720459","","","","","","","",
"Congo, Dem. Rep.","COD","Educational attainment, at least completed upper secondary, population 25+, total (%) (cumulative)","SE.SEC.CUAT.UP.ZS","","","","","","","","","","","","","","","","","","","","","","","","","","","","","","","","","","","","","","","","","","","","","","14.0815597885552","","","","","","","","19.8470401763916","","","27.2640800476074","","25.2189807891846","","","","","30.3723297119141","","",
"Congo, Rep.","COG","Educational attainment, at least completed upper secondary, population 25+, total (%) (cumulative)","SE.SEC.CUAT.UP.ZS","","","","","","","","","","","","","","","","","","","","","","","","","8.77367973327637","","","","","","","","","","","","","","","","","","","","","","","","","","","","","","","19.9904499053955","","","","","","","","","","",
"Colombia","COL","Educational attainment, at least completed upper secondary, population 25+, total (%) (cumulative)","SE.SEC.CUAT.UP.ZS","","","","","","","","","","","","","","","","","","","","","","","","","","","","","","","","","","27.6781806945801","","","","","","","","","32.3","33.2","34.9496612548828","33.7099494934082","32.2696800231934","36.5237693786621","38.061840057373","37.6516304016113","39.1352615356445","40.2652816772461","41.4074287414551","43.2897491455078","44.59130859375","45.4046592712402","47.2685508728027","47.7","49.7744789123535","51.0982284545898","53.1528701782227","53.7","56.1","57","58.815788269043","",
"Comoros","COM","Educational attainment, at least completed upper secondary, population 25+, total (%) (cumulative)","SE.SEC.CUAT.UP.ZS","","","","","","","","","","","","","","","","","","","","","","","","","","","","","","","","","","","","","","","","","","","","","","","","","","","","","","","11.3405539651115","","","","","","","18.919402649162","22.7917194366455","","","",
"Cabo Verde","CPV","Educational attainment, at least completed upper secondary, population 25+, total (%) (cumulative)","SE.SEC.CUAT.UP.ZS","","","","","","","","","","","","","","","","","","","","","","","","","","","","","","","","","","","","","","","","","","","","","","","","","","","","","","","","20.037130355835","","","","","","","","","26.5111999511719","",
"Costa Rica","CRI","Educational attainment, at least completed upper secondary, population 25+, total (%) (cumulative)","SE.SEC.CUAT.UP.ZS","","","","","","","","","","","","","","10.6331701278687","","","","","","","","","","","","","","","","","","","","","","","","","","","","28.4861629809911","29.1","30","29.9","30.9","31.3","33.4575119018555","35.7305107116699","36.5469703674316","35.5017204284668","36.5434799194336","37.384651184082","36.4","40.2186393737793","37.9914588928223","38.2961387634277","36.7","39.6567306518555","38.4","40.9356117248535","40","41","42.4","43.3446083068848","",
"Caribbean small states","CSS","Educational attainment, at least completed upper secondary, population 25+, total (%) (cumulative)","SE.SEC.CUAT.UP.ZS","","","","","","","","","","","","","","","","","","","","","","","","","","","","","","","","","","","","","","","","","","","","","","","","","","","","","","","","","","","","","","","","","","",
"Cuba","CUB","Educational attainment, at least completed upper secondary, population 25+, total (%) (cumulative)","SE.SEC.CUAT.UP.ZS","","","","","","","","","","","","","","","","","","","","","","","","","","","","","","","","","","","","","","","","","","","40.3534393310547","","","","","","","","","","57.4055290222168","","","","","","","55.3308181762695","","","","","","",
"Curacao","CUW","Educational attainment, at least completed upper secondary, population 25+, total (%) (cumulative)","SE.SEC.CUAT.UP.ZS","","","","","","","","","","","","","","","","","","","","","","","","","","","","","","","","","","","","","","","","","","","","","","","","","","","","","","","","","","","","","51.0097389221191","","","","","",
"Cayman Islands","CYM","Educational attainment, at least completed upper secondary, population 25+, total (%) (cumulative)","SE.SEC.CUAT.UP.ZS","","","","","","","","","","","","","","","","","","","","","","","","","","","","","","","","","","","","","","","","","","","","","","","","73.564582824707","77.2876663208008","","","","","","88.1057968139648","90.1963195800781","","","","","","","","","","",
"Cyprus","CYP","Educational attainment, at least completed upper secondary, population 25+, total (%) (cumulative)","SE.SEC.CUAT.UP.ZS","","","","","","","","","","","","","","","","","","","","","","","","","","","","","","","","","","","","","","","","51.3767131017428","53.0678195677309","54.6698590406431","56.6720118528246","56.4413889416798","57.1389083862305","58.6673393249512","61.2007484436035","63.5253410339355","64.4992599487305","63.8221397399902","65.4537200927734","67.7841033935547","68.9212112426758","69.8925476074219","69.4995498657227","69.050651550293","71.1635284423828","71.8102957503546","72.9813537597656","73.3406585636693","74.4701614379883","76.4441402590559","77.6551767374596","78.2866909362192","","",
"Czechia","CZE","Educational attainment, at least completed upper secondary, population 25+, total (%) (cumulative)","SE.SEC.CUAT.UP.ZS","","","","","","","","","","","","","","","","","","","","","","","","","","","","","","","","","","","","","","","77.1178673114585","77.9307213714124","78.4783083536515","79.2367669993301","","","","","85.4778289794922","85.7760925292969","86.137077331543","87.2494125366211","87.9936599731445","88.3989562988281","88.5255432128906","89.1595687866211","89.6333618164062","89.7707138061523","90.2288589477539","90.5752105712891","90.5812617260621","90.6672668457031","90.9993348123296","90.849006652832","91.3589555303177","91.3880308548045","","",
"Germany","DEU","Educational attainment, at least completed upper secondary, population 25+, total (%) (cumulative)","SE.SEC.CUAT.UP.ZS","","","","","","","","","","","","","","","","","","","","","","","","","","","","","","","","","75.2471061906733","74.5228905735586","","76.3491321520236","73.3015704627174","75.3328478166187","","74.8075247534609","76.1768738714642","77.5640683296579","78.110326006942","78.4599933765618","78.4840774536133","77.6236801147461","77.8464736938477","79.1142120361328","80.1641693115234","80.6187515258789","81.1279907226562","81.7228622436523","82.04736328125","82.3082504272461","82.9972076416016","83.083366394043","83.0064163208008","83.6649584098387","83.4613037109375","84.3155578699176","83.6961288452148","81.6805888379566","81.4180852571742","81.86753991238","","",
"Djibouti","DJI","Educational attainment, at least completed upper secondary, population 25+, total (%) (cumulative)","SE.SEC.CUAT.UP.ZS","","","","","","","","","","","","","","","","","","","","","","","","","","","","","","","","","","","","","","","","","","","","","","","","","","","","","","","","","","15.6237201690674","","","","","","","","",
"Dominica","DMA","Educational attainment, at least completed upper secondary, population 25+, total (%) (cumulative)","SE.SEC.CUAT.UP.ZS","","","","","","","","","","","","","","","","","","","","","","","","","","","","","","","","","","","","","","","","","","10.7694396972656","","","","","","","","","","","","","","","","","","","","52.510929107666","","","","",
"Denmark","DNK","Educational attainment, at least completed upper secondary, population 25+, total (%) (cumulative)","SE.SEC.CUAT.UP.ZS","","","","","","","","","","","","","","","","","","","","","","","","","","","","","","","","57.836181640625","","","58.1618881225586","60.042179107666","66.2661011938972","64.8980589867608","67.8778238389654","","","75.277785193348","","84.2631683349609","82.2784805297852","","74.6938038217694","75.8241806030273","78.7898864746094","72.6581420898438","72.2302627563477","73.1235580444336","76.0023803710938","76.549072265625","76.8349990844727","77.749137878418","78.184440612793","76.1561593865924","79.2777328491211","77.0355227639042","79.3219375610352","77.7216621761722","77.638493070176","78.0609216351925","","",
"Dominican Republic","DOM","Educational attainment, at least completed upper secondary, population 25+, total (%) (cumulative)","SE.SEC.CUAT.UP.ZS","","","","","","","","","","","4.40000009536743","","","","","","","","","","","","","","","","","","","","","","","","","","","","","","22","22.8","24.5","25.7","27.3","26.5","28.7","30.8221206665039","29.7","32.3","30.8269691467285","31.7207794189453","32.6120910644531","33.4863510131836","34.1712112426758","34.8687400817871","37.4","37.6","39.7","41.3702812194824","41.9","42.8","43.8","44.5","49.4071197509766","",
"Algeria","DZA","Educational attainment, at least completed upper secondary, population 25+, total (%) (cumulative)","SE.SEC.CUAT.UP.ZS","","","","","","","","","","","","0.31725999712944","","","","","","","","","","","","","","","","","","","","","","","","","","","","","","","","","","","24.1528606414795","","25.4165191650391","","","13.9760103225708","","","","","","","","24.1083202362061","","","","","","",
"East Asia & Pacific (excluding high income)","EAP","Educational attainment, at least completed upper secondary, population 25+, total (%) (cumulative)","SE.SEC.CUAT.UP.ZS","","","","","","","","","","","","","","","","","","","","","","","","","","","","","","","","","","","","","","","","","","","","","","","","","","","","","","","","","","","","","","","","","","",
"Early-demographic dividend","EAR","Educational attainment, at least completed upper secondary, population 25+, total (%) (cumulative)","SE.SEC.CUAT.UP.ZS","","","","","","","","","","","","","","","","","","","","","","","","","","","","","","","","","","","","","","","","","","","","","","","","","","","","","","","","","","","","","","","","","","",
"East Asia & Pacific","EAS","Educational attainment, at least completed upper secondary, population 25+, total (%) (cumulative)","SE.SEC.CUAT.UP.ZS","","","","","","","","","","","","","","","","","","","","","","","","","","","","","","","","","","","","","","","","","","","","","","","","","","","","","","","","","","","","","","","","","","",
"Europe & Central Asia (excluding high income)","ECA","Educational attainment, at least completed upper secondary, population 25+, total (%) (cumulative)","SE.SEC.CUAT.UP.ZS","","","","","","","","","","","","","","","","","","","","","","","","","","","","","","","","","","","","","","","","","","","","","","","","","","","","","","","","","","","","","","","","","","",
"Europe & Central Asia","ECS","Educational attainment, at least completed upper secondary, population 25+, total (%) (cumulative)","SE.SEC.CUAT.UP.ZS","","","","","","","","","","","","","","","","","","","","","","","","","","","","","","","","","","","","","","","","","","","","","","","","","","","","","","","","","","","","","","","","","","",
"Ecuador","ECU","Educational attainment, at least completed upper secondary, population 25+, total (%) (cumulative)","SE.SEC.CUAT.UP.ZS","","","","","","","","","","","","","","","14.4241800308228","","","","","","","","15.436240196228","","","","","","","","35.9104804992676","","","","","","","","","","38.9600898906454","31.7","","31.9","","33","33.1","33.2486381530762","33.225700378418","34.035888671875","34.9176483154297","35.9011192321777","37.8762588500977","38.6495094299316","38.5256996154785","42.2561302185059","42.2995185852051","43.5343818664551","42.3","42.9","43.3669815063477","46.5856895446777","45.4","45.9","46.1535911560059","",
"Egypt, Arab Rep.","EGY","Educational attainment, at least completed upper secondary, population 25+, total (%) (cumulative)","SE.SEC.CUAT.UP.ZS","","","","","","","","","","","","","","","","","","","","","","","","","","","","","","","","","","","","","","","","","","","","","","","40.3802604675293","","39.1433353272559","40.3402716932126","43.5075794723397","44.0003470754328","44.9668456262027","44.0942644002008","44.2305609240231","47.3302106410428","47.5332383158435","47.4089584400473","49.7118492005103","","","52.9199600219727","54.3136582910509","55.6923702917355","","",
"Euro area","EMU","Educational attainment, at least completed upper secondary, population 25+, total (%) (cumulative)","SE.SEC.CUAT.UP.ZS","","","","","","","","","","","","","","","","","","","","","","","","","","","","","","","","","","","","","","","","","","","","","","","","","","","","","","","","","","","","","","","","","","",
"Eritrea","ERI","Educational attainment, at least completed upper secondary, population 25+, total (%) (cumulative)","SE.SEC.CUAT.UP.ZS","","","","","","","","","","","","","","","","","","","","","","","","","","","","","","","","","","","","","","","","","","","","","","","","","","","","","","","","","","","","","","","","","","",
"Spain","ESP","Educational attainment, at least completed upper secondary, population 25+, total (%) (cumulative)","SE.SEC.CUAT.UP.ZS","","","","","","","","","","","6.24202013015747","","","","","","","","","","","12.8337497711182","","","","","15.6999998092651","","","","","","20.0928572062081","21.2488758485705","22.8838433401855","24.4108271578811","26.6106333584497","27.7048214987223","28.2487849994654","29.6196497085855","31.2720631441855","32.7878903588269","34.5615733827732","35.5499083496337","37.2616500854492","40.3894195556641","41.4418296813965","42.3230590820312","42.8323707580566","43.3348388671875","44.2518196105957","45.265308380127","45.6011505126953","46.8978414601602","47.2372512817383","47.8630485534668","48.6490592956543","51.1859564334636","50.4169883728027","53.012303429667","53.2567481994629","55.3232507853649","54.7419193092956","55.9303998473828","55.6838432566667","",
"Estonia","EST","Educational attainment, at least completed upper secondary, population 25+, total (%) (cumulative)","SE.SEC.CUAT.UP.ZS","","","","","","","","","","","","","","","","","","","","","","","","","","","","","","58.7837409973145","","","","","","","","","","78.6722634952165","71.4596633911133","","81.8472626472586","82.8214206534403","83.7242934831737","85.2033229882456","84.9207305908203","85.6972579956055","85.3210983276367","85.6841125488281","86.4620971679688","86.5545501708984","87.2545623779297","88.4385375976562","85.9455490112305","86.5550918579102","86.8937530517578","86.9619216918945","87.6303024291992","","85.7552032470703","84.7481689453125","86.4713100533557","86.6171537463114","","",
"Ethiopia","ETH","Educational attainment, at least completed upper secondary, population 25+, total (%) (cumulative)","SE.SEC.CUAT.UP.ZS","","","","","","","","","","","","","","","","","","","","","","","","","","","","","","","","","","","","","","","","3.87406154138444","","","","","","4.84484068131152","","7.02418994903565","","","","8.83605003356934","","7.83306503980368","","","6.92962980270386","","","8.87446022033691","","11.8107725146255","9.91870021820068","","","",
"European Union","EUU","Educational attainment, at least completed upper secondary, population 25+, total (%) (cumulative)","SE.SEC.CUAT.UP.ZS","","","","","","","","","","","","","","","","","","","","","","","","","","","","","","","","","","","","","","","","","","","","","","","","","","","","","","","","","","","","","","","","","","",
"Fragile and conflict affected situations","FCS","Educational attainment, at least completed upper secondary, population 25+, total (%) (cumulative)","SE.SEC.CUAT.UP.ZS","","","","","","","","","","","","","","","","","","","","","","","","","","","","","","","","","","","","","","","","","","","","","","","","","","","","","","","","","","","","","","","","","","",
"Finland","FIN","Educational attainment, at least completed upper secondary, population 25+, total (%) (cumulative)","SE.SEC.CUAT.UP.ZS","","","","","","","","","","","","","","","","","","","","","","","","","","","","","","","","","","","","57.4489395135335","57.2062586869746","59.7954010691563","","","","","64.7408727989187","64.3962936401367","67.0293155369584","66.1979904174805","67.1308517456055","67.968391418457","68.7850875854492","69.6325378417969","70.4480590820312","71.2015533447266","71.953727722168","72.8120803833008","73.5687713623047","74.0170669555664","79.2824044314709","75.5235595703125","80.5879813171853","77.4507217407227","82.2440854646059","80.9304580688477","81.4098120073436","82.0747215050785","","",
"Fiji","FJI","Educational attainment, at least completed upper secondary, population 25+, total (%) (cumulative)","SE.SEC.CUAT.UP.ZS","","","","","","","","","","","","","","","","","7.2487998008728","","","","","","","","","","4.45641994476318","","","","","","","","","","25.5793495178223","","","","","","","","","","","39.3296203613281","","","","44.1805860780746","","","","","","44.5563583374023","","","","","","","","",
"France","FRA","Educational attainment, at least completed upper secondary, population 25+, total (%) (cumulative)","SE.SEC.CUAT.UP.ZS","","","","","","","","","","","","","","","","","","","","","","","","","","","","","","","","","","47.9246501979169","49.2278427266213","50.3019477423181","50.358110427574","51.3779736026539","50.9656916023837","51.851770336174","53.1329912163311","54.0097701514293","54.8652810589949","55.9803302158916","55.6975784301758","56.5906105041504","54.1190123030074","59.4229507446289","60.3495597839355","60.4208717346191","61.8988800048828","62.7715682983398","63.7497215270996","66.3351593017578","68.5302200317383","69.4374313354492","69.6656265258789","70.0754928588867","71.153117074531","72.1873474121094","73.3635315888032","76.7527928388629","77.6175811257937","78.0396655209166","","",
"Faroe Islands","FRO","Educational attainment, at least completed upper secondary, population 25+, total (%) (cumulative)","SE.SEC.CUAT.UP.ZS","","","","","","","","","","","","","","","","","","","","","","","","","","","","","","","","","","","","","","","","","","","","","","","","","","","","","","","","","","","","","","","","","","",
"Micronesia, Fed. Sts.","FSM","Educational attainment, at least completed upper secondary, population 25+, total (%) (cumulative)","SE.SEC.CUAT.UP.ZS","","","","","","","","","","","","","","","","","","","","","","","","","","","","","","","","","","","","","","","","","","","","","","","","","","","","","","","60.1697160544803","","","","","","","","","","","",
"Gabon","GAB","Educational attainment, at least completed upper secondary, population 25+, total (%) (cumulative)","SE.SEC.CUAT.UP.ZS","","","","","","","","","","","","","","","","","","","","","","","","","","","","","","","","","","","","","","","","","","","","","","","","","","","","","","","","","","","","","","","","","","",
"United Kingdom","GBR","Educational attainment, at least completed upper secondary, population 25+, total (%) (cumulative)","SE.SEC.CUAT.UP.ZS","","","","","","","","","","","","","","","","","","","","","","","","","","","","","","","","","","","","","","","","","","","","","","","","","","84.6721725463867","86.4258270263672","86.0834426879883","87.7356567382812","74.0022735595703","74.7063903808594","","","77.1117324829102","","","79.9111328125","80.4642028808594","","","","",
"Georgia","GEO","Educational attainment, at least completed upper secondary, population 25+, total (%) (cumulative)","SE.SEC.CUAT.UP.ZS","","","","","","","","","","","","","","","","","","","","","","","","","","","","","","","","","","","","","","","","","","","83.6632766723633","","","","","","","","","","90.9254989624023","92.2256460791917","92.0671615600586","93.5209496140226","93.4507904052734","92.4962997436523","92.3965398062412","92.1729507446289","92.48141173712","92.5888211045913","92.8601684570312","92.5722427368164","93.5000762939453","",
"Ghana","GHA","Educational attainment, at least completed upper secondary, population 25+, total (%) (cumulative)","SE.SEC.CUAT.UP.ZS","","","","","","","","","","","3.70000004768372","","","","","","","","","","","","","","","","","","","","","","","","","","","","","","17.7231680858999","","","","","","12.3958664391576","","","","20.5639705657959","","","18.847842111156","","22.0841406835318","","15.5985603332519","","","","23.7084903717041","23.1625595092773","23.1643104553223","22.6140899658203","",
"Gibraltar","GIB","Educational attainment, at least completed upper secondary, population 25+, total (%) (cumulative)","SE.SEC.CUAT.UP.ZS","","","","","","","","","","","","","","","","","","","","","","","","","","","","","","","","","","","","","","","","","","","","","","","","","","","","","","","","","","","","","","","","","","",
"Guinea","GIN","Educational attainment, at least completed upper secondary, population 25+, total (%) (cumulative)","SE.SEC.CUAT.UP.ZS","","","","","","","","","","","","","","","","","","","","","","","","","","","","","","","","","","","","","","","","","","","5.36974618740424","","","","","","","","","","","","6.74415016174316","","11.0605897903442","","7.38849020004272","","","","","","","",
"Gambia, The","GMB","Educational attainment, at least completed upper secondary, population 25+, total (%) (cumulative)","SE.SEC.CUAT.UP.ZS","","","","","","","","","","","","","","1.13838994503021","","","","","","","","","","","","","","","","","","","","","","","","","","","","","","","","","","","","","","","","","","22.7418308258057","","","17.5778007507324","","20.2596893310547","","","24.8044300079346","","",
"Guinea-Bissau","GNB","Educational attainment, at least completed upper secondary, population 25+, total (%) (cumulative)","SE.SEC.CUAT.UP.ZS","","","","","","","","","","","","","","","","","","","","","","","","","","","","","","","","","","","","","","","","","","","","","","","","","","","","","","","","","","","6.93031809235181","6.05600523224202","","","14.1243696212769","","","",
"Equatorial Guinea","GNQ","Educational attainment, at least completed upper secondary, population 25+, total (%) (cumulative)","SE.SEC.CUAT.UP.ZS","","","","","","","","","","","","","","","","","","","","","","","","","","","","","","","","","","","","","","","","","","","","","","","","","","","","","","","","","","","","","","","","","","",
"Greece","GRC","Educational attainment, at least completed upper secondary, population 25+, total (%) (cumulative)","SE.SEC.CUAT.UP.ZS","","","","","","","","","","","","","","","","","","","","","","21.2000007629394","","","","","","","","","29.3188254583394","30.7000007629394","30.6659373424713","34.2366027315726","35.1094567287634","36.3763592723203","36.6085073983987","37.0903130356692","39.5086520266269","41.281550328903","42.5047135841339","42.9300169170428","44.2262010712222","45.6992788572316","48.1460266757448","48.9836807250977","52.9032592773438","52.171630859375","52.6665382385254","52.3791356375708","53.662281036377","54.7030526654889","55.6021568733287","56.8320402190321","56.2749290466309","57.9250907897949","54.6379585266113","59.9743137105094","60.8410897947138","63.7433566329741","65.2687072753906","67.1153373107718","68.6307355962189","68.8763094608987","70.1223130158752","",
"Grenada","GRD","Educational attainment, at least completed upper secondary, population 25+, total (%) (cumulative)","SE.SEC.CUAT.UP.ZS","","","","","","","","","","","","","","","","","","","","","","","","","","","","","","","","","","","","","","","","","","","","","","","","","","","","","","","","","","","44.1853456988204","48.2177413427868","50.6675103301462","52.2878445991468","","53.6190456634767","","",
"Greenland","GRL","Educational attainment, at least completed upper secondary, population 25+, total (%) (cumulative)","SE.SEC.CUAT.UP.ZS","","","","","","","","","","","","","","","","","","","","","","","","","","","","","","","","","","","","","","","","","","","","","","","","","","","","","","","","","","","","","","","","","","",
"Guatemala","GTM","Educational attainment, at least completed upper secondary, population 25+, total (%) (cumulative)","SE.SEC.CUAT.UP.ZS","","","","","","","","","","","","","","","","","","","","","","6.19999980926514","","","","","","","","","","","","","","","","","","","12.7","","13.2824802398682","11.0400733725271","","","10.5857400894165","","","","12.7658701289654","","17.6471290588379","19.3541507720947","26.5997295379639","15.106499671936","15.9259261093928","15.6912419887547","","24.0180892944336","","16.7707811838188","18.0763397216797","33.1","17.9367008209229","",
"Guam","GUM","Educational attainment, at least completed upper secondary, population 25+, total (%) (cumulative)","SE.SEC.CUAT.UP.ZS","","","","","","","","","","","","","","","","","","","","","","","","","","","","","","","","","","","","","","","","","","","","","","","","","","","","","","","","","","","","","","","","","","",
"Guyana","GUY","Educational attainment, at least completed upper secondary, population 25+, total (%) (cumulative)","SE.SEC.CUAT.UP.ZS","","","","","","","","","","","","","","","","","","","","","","","","","","","","","","","","","","","","","","","","","","","","","","","","","","","","","","","","","","","30.8294240629096","35.2261009216309","","","","","","",
"High income","HIC","Educational attainment, at least completed upper secondary, population 25+, total (%) (cumulative)","SE.SEC.CUAT.UP.ZS","","","","","","","","","","","","","","","","","","","","","","","","","","","","","","","","","","","","","","","","","","","","","","","","","","","","","","","","","","","","","","","","","","",
"Hong Kong SAR, China","HKG","Educational attainment, at least completed upper secondary, population 25+, total (%) (cumulative)","SE.SEC.CUAT.UP.ZS","","","","","","","","","","","","16.3642902374268","","","","","19.2999992370606","","","","","24.4849300384521","","","","","","","","","","36.162540435791","","","","","43.079719543457","","","","","","","","","","54.1144485473633","","55.2869300842285","55.9717102050781","57.0574493408203","59.1782684326172","59.9901290164892","60.629555588523","61.2203788757324","62.1582908630371","62.7083195479809","63.267520904541","63.8737555059777","63.9573402404785","64.8349991887004","64.8975275400859","65.0502777099609","65.7594038385819","66.3396742462141","",
"Honduras","HND","Educational attainment, at least completed upper secondary, population 25+, total (%) (cumulative)","SE.SEC.CUAT.UP.ZS","","","","","","","","","","","","","","","4.8617901802063","","","","","","","","","","","","","","","","","","","","","","","","","","","16.8","","","15.9","16.3","15.8163289365374","16.1087398529053","16.9878047887042","17.7","19","19.2220497131348","18.5937309265137","20.5","23.014440536499","22.9173793792725","24.6881809234619","23.0465093392364","23.0666198730469","26.1","","","15.7777782135157","21.6458797454834","22.2483692169189","",
"Heavily indebted poor countries (HIPC)","HPC","Educational attainment, at least completed upper secondary, population 25+, total (%) (cumulative)","SE.SEC.CUAT.UP.ZS","","","","","","","","","","","","","","","","","","","","","","","","","","","","","","","","","","","","","","","","","","","","","","","","","","","","","","","","","","","","","","","","","","",
"Croatia","HRV","Educational attainment, at least completed upper secondary, population 25+, total (%) (cumulative)","SE.SEC.CUAT.UP.ZS","","","","","","","","","","","","","","","","","","","","","","","","","","","","","","","","","","","","","","","","","","59.601978302002","59.42094184218","59.1926622090778","60.1638253315847","60.8355118436337","62.2649365189661","65.222177794672","66.2865892220749","67.4012668138715","67.9429093406412","70.7059707641602","71.4543554801919","72.7378831925185","73.2367342524235","73.9317184374003","73.7981942734265","74.7702240518096","75.9294495069669","76.7432110062647","77.8751961615857","79.2693838869089","80.2918126045041","81.3520408036277","","",
"Haiti","HTI","Educational attainment, at least completed upper secondary, population 25+, total (%) (cumulative)","SE.SEC.CUAT.UP.ZS","","","","","","","","","","","","2.26097011566162","","","","","","","","","","","","","","","","","","","","","","","","","","","","","","","","3.85132002830505","","","","","","","","","11.7493331049769","","","","","11.8015699386597","","","","","","","","",
"Hungary","HUN","Educational attainment, at least completed upper secondary, population 25+, total (%) (cumulative)","SE.SEC.CUAT.UP.ZS","","","","","","","","","","","15.8892498016357","","","","","","","","","","30.5658798217773","","","","","","","","","","40.8641014099121","","","","","","","","60.9295199915077","","","55.0740013122559","","","68.5299549439554","63.5524215698242","71.1935433890503","72.4084913359163","73.2024025180816","74.5380096435547","75.6911087036133","76.6575622558594","77.6319808959961","78.487419128418","74.1223602294922","75.0991821289062","76.0597763061523","77.2879816467953","78.5578395041174","79.0355701722967","80.0114974975586","81.5076989037062","79.8080673217773","83.8787312589267","","",
"IBRD only","IBD","Educational attainment, at least completed upper secondary, population 25+, total (%) (cumulative)","SE.SEC.CUAT.UP.ZS","","","","","","","","","","","","","","","","","","","","","","","","","","","","","","","","","","","","","","","","","","","","","","","","","","","","","","","","","","","","","","","","","","",
"IDA & IBRD total","IBT","Educational attainment, at least completed upper secondary, population 25+, total (%) (cumulative)","SE.SEC.CUAT.UP.ZS","","","","","","","","","","","","","","","","","","","","","","","","","","","","","","","","","","","","","","","","","","","","","","","","","","","","","","","","","","","","","","","","","","",
"IDA total","IDA","Educational attainment, at least completed upper secondary, population 25+, total (%) (cumulative)","SE.SEC.CUAT.UP.ZS","","","","","","","","","","","","","","","","","","","","","","","","","","","","","","","","","","","","","","","","","","","","","","","","","","","","","","","","","","","","","","","","","","",
"IDA blend","IDB","Educational attainment, at least completed upper secondary, population 25+, total (%) (cumulative)","SE.SEC.CUAT.UP.ZS","","","","","","","","","","","","","","","","","","","","","","","","","","","","","","","","","","","","","","","","","","","","","","","","","","","","","","","","","","","","","","","","","","",
"Indonesia","IDN","Educational attainment, at least completed upper secondary, population 25+, total (%) (cumulative)","SE.SEC.CUAT.UP.ZS","","","","","","","","","","","","","","","","","","","","","5.75834989547729","","","","","","","","","","11.2941625615267","12.4113087457218","12.8412041790234","13.8261534544062","15.1310760647725","","18.1583229750119","18.8248957881397","19.8637149380185","20.7943911483877","21.3958118325454","20.1508657510649","20.9041190123793","20.8980608801907","20.8877204743369","22.2908919089606","26.4083099365234","26.007869720459","26.2005100250244","27.8447093963623","28.0485247975574","28.9348602294922","29.5142825432068","30.4177818759345","31.0928401947021","32.262020111084","33.7317504882812","33.7715682983398","34.6013603210449","36.9919811506555","38.1022605895996","39.5576649933508","39.5653046324461","39.1046221610504","","",
"IDA only","IDX","Educational attainment, at least completed upper secondary, population 25+, total (%) (cumulative)","SE.SEC.CUAT.UP.ZS","","","","","","","","","","","","","","","","","","","","","","","","","","","","","","","","","","","","","","","","","","","","","","","","","","","","","","","","","","","","","","","","","","",
"Isle of Man","IMN","Educational attainment, at least completed upper secondary, population 25+, total (%) (cumulative)","SE.SEC.CUAT.UP.ZS","","","","","","","","","","","","","","","","","","","","","","","","","","","","","","","","","","","","","","","","","","","","","","","","","","","","","","","","","","","","","","","","","","",
"India","IND","Educational attainment, at least completed upper secondary, population 25+, total (%) (cumulative)","SE.SEC.CUAT.UP.ZS","","","","","","","","","","","","","","","","","","","","","","","","","","","","","","","","","","","7.63572178656048","","","","","","9.76947738527724","","","","","11.8794781412257","","","","","","26.8885498046875","","","","","","","32.3433494567871","","31.7094497680664","","31.6138706207275","41.3380012512207","","",
"Not classified","INX","Educational attainment, at least completed upper secondary, population 25+, total (%) (cumulative)","SE.SEC.CUAT.UP.ZS","","","","","","","","","","","","","","","","","","","","","","","","","","","","","","","","","","","","","","","","","","","","","","","","","","","","","","","","","","","","","","","","","","",
"Ireland","IRL","Educational attainment, at least completed upper secondary, population 25+, total (%) (cumulative)","SE.SEC.CUAT.UP.ZS","","","","","","","","","","","","","","","","","","","","","","","","","","","","","","","","41.6716918945312","37.1233961741897","39.0673094798072","39.7388798026094","41.7083753140767","44.3580975828086","43.7158849409171","","","","","","54.9644147202228","56.3179173029456","","66.2151718139648","66.4641189575195","62.9029172946846","64.1364022947619","66.5854721069336","66.3703002929688","67.7619437749107","69.4219421933157","73.1518320316997","73.4491260847135","73.6150838402534","70.7767715454102","75.2761545483232","75.9404571887024","77.577917817579","79.6562273497351","80.3261086296084","82.9957893963692","","",
"Iran, Islamic Rep.","IRN","Educational attainment, at least completed upper secondary, population 25+, total (%) (cumulative)","SE.SEC.CUAT.UP.ZS","","","","","","","","","","","","","","","","","","","","","","","","","","","","","","","","","","","","","","","","","","","","","","","43.3536605834961","","39.1346702575684","","42.4855918884277","","44.2371215820312","46.3118515014648","46.9528312683105","","48.3857688903809","","","43.5208768726151","43.6943716257169","44.3300410403442","44.9426910756407","45.6780998222298","","",
"Iraq","IRQ","Educational attainment, at least completed upper secondary, population 25+, total (%) (cumulative)","SE.SEC.CUAT.UP.ZS","","","","","","","","","","","","","","","","","","","","","","","","","","","","","","","","","","","","","","","","","","","","","","","","22.1656568198507","","","","","","29.7240600585938","","","","","23.3806190490723","","","22.9285941572865","","","","",
"Iceland","ISL","Educational attainment, at least completed upper secondary, population 25+, total (%) (cumulative)","SE.SEC.CUAT.UP.ZS","","","","","","","","","","","","","","","","","","","","","","","","","","","","","","","","","","","","","","","","54.1742513430811","52.969465710036","53.6950559567751","56.3224374982045","57.6748004126848","57.2231597681077","60.7412605285645","","61.215638185032","61.6587814346148","63.2554556935402","63.7499895581134","67.8225456017772","68.8011019986055","69.7764683538542","71.1443688989934","72.3824231405193","76.0004157666148","74.9651123648725","75.6547422497294","73.8671493530273","74.1449813842773","79.7339835426261","79.1714880156996","80.1642544387572","","",
"Israel","ISR","Educational attainment, at least completed upper secondary, population 25+, total (%) (cumulative)","SE.SEC.CUAT.UP.ZS","","","","","","","","","","","","","","","","","","","","","","","","","","","","","","","","","","","","","","","","","","","","","51.7461585998535","","","76.7632522583008","","77.3414306640625","77.5900268554688","78.5398788452148","80.2942428588867","80.6550827026367","81.2331619262695","81.4417495727539","83.4110342871499","83.5603956598591","83.4947652258031","84.160980699956","85.1860986605197","85.1933431691201","81.4641723632812","85.2285604384473","","",
"Italy","ITA","Educational attainment, at least completed upper secondary, population 25+, total (%) (cumulative)","SE.SEC.CUAT.UP.ZS","","","","","","","","","","","","","","","","","","","","","","15.3000001907349","","","","","","","","","","","27.7028414791568","27.571764737149","29.4426758057367","30.6560823168706","31.8310086440343","33.3357524284392","36.3299776791527","37.8789184034668","39.3976534037715","35.4443511962891","36.591332952981","38.7708842111695","39.6440979473887","40.4973793029785","41.4056587219238","43.0896492004395","43.9995613098145","44.7269515991211","45.5006904602051","46.1607398986816","47.2840003967285","47.9796392254295","48.6404800415039","49.1525802612305","50.110688132462","51.0024600542183","52.001371763722","52.6440248259532","52.4560317993164","52.4379031321488","52.7956326851944","55.2703601822563","","",
"Jamaica","JAM","Educational attainment, at least completed upper secondary, population 25+, total (%) (cumulative)","SE.SEC.CUAT.UP.ZS","","","","","","","","","","","","","","","","","","","","","","","","","","","","","","","","","","","","","","","","","","","","","","","","","49.1393673456921","49.6442362490526","50.5329003781205","54.7658392927122","55.7065467839813","55.3835526277341","56.6007359598254","","58.9187738782629","59.9722940113587","61.1470448981011","62.6419679446274","","63.8942757453239","56.3655204772949","","","",
"Jordan","JOR","Educational attainment, at least completed upper secondary, population 25+, total (%) (cumulative)","SE.SEC.CUAT.UP.ZS","","","","","","","","","","","","","","","","","","","","","","","","","","","","","","","","","","","","","","","","","","","","","","","","","41.0493812561035","","41.3547096252441","","","","","","","48.2837409973145","43.7317199707031","41.9079741685744","50.2436408996582","42.3314729836131","42.4711233896905","42.5563812255859","","",
"Japan","JPN","Educational attainment, at least completed upper secondary, population 25+, total (%) (cumulative)","SE.SEC.CUAT.UP.ZS","","","","","","","","","","","38.5797691345215","","","","","","","","","","54.0120010375977","","","","","","","","","","65.6371002197266","","","","","","","","","","","","","","","","","","","","80.3393630981445","","","","","","","","","","85.1767120361328","","","","","",
"Kazakhstan","KAZ","Educational attainment, at least completed upper secondary, population 25+, total (%) (cumulative)","SE.SEC.CUAT.UP.ZS","","","","","","","","","","","","","","","","","","","","","","","","","","","","","","","","","","","","","","","","70.5183181762695","","","","","","","","96.3082275390625","","85.2337417602539","","","","","","","","","97.399787902832","94.3147125244141","","","","","","",
"Kenya","KEN","Educational attainment, at least completed upper secondary, population 25+, total (%) (cumulative)","SE.SEC.CUAT.UP.ZS","","","","","","","","","","","","","","","","","","","","","","","","","","","","","","","","","","","","","","","","29.8201760901649","","","","","","23.1419269023706","","","","27.0562896728516","22.0286102294922","","","","","","","","","34.5131301879883","29.3751792907715","36.5923385620117","36.5730895996094","","39.2403411865234","",
"Kyrgyz Republic","KGZ","Educational attainment, at least completed upper secondary, population 25+, total (%) (cumulative)","SE.SEC.CUAT.UP.ZS","","","","","","","","","","","","","","","","","","","","","","","","","","","","","","","","","","","","","","","","76.9730377197266","","","","","","","","","","88.3701934814453","","","","","","","","","","","","","","","","",
"Cambodia","KHM","Educational attainment, at least completed upper secondary, population 25+, total (%) (cumulative)","SE.SEC.CUAT.UP.ZS","","","","","","","","","","","","","","","","","","","","","","","","","","","","","","","","","","","","","","2.7210850579491","","","5.91235625969463","6.59695176052096","","","","","","6.42405986785889","","6.26351976394653","","","","","10.0712900161743","9.29681015014648","","12.1864056881054","","9.41808986663818","9.60516360406116","11.5267601013184","","10.4465105139796","","",
"Kiribati","KIR","Educational attainment, at least completed upper secondary, population 25+, total (%) (cumulative)","SE.SEC.CUAT.UP.ZS","","","","","","","","","","","","","","","","","","","","","","","","","","","","","","","","","","","","","","","","","","","","","","","","","","","","","","","","","","","8.21125984191895","","","","","13.9411522361685","13.7559499740601","",
"St. Kitts and Nevis","KNA","Educational attainment, at least completed upper secondary, population 25+, total (%) (cumulative)","SE.SEC.CUAT.UP.ZS","","","","","","","","","","","","","","","","","","","","","","","","","","","","","","","","","","","","","","","","","","","","","","","","","","","","","","","","","","","","","","","","","","",
"Korea, Rep.","KOR","Educational attainment, at least completed upper secondary, population 25+, total (%) (cumulative)","SE.SEC.CUAT.UP.ZS","","","","","","","","","","","15.6603498458862","","","","","","","","","","27.6175193786621","","","","","56.9637718200684","","","","","48.4000015258789","","","","","56.4612083435059","","","","","63.714599609375","64.6713995862192","65.6396512686268","67.0009499535693","67.9920073115219","69.2535018920898","70.1374077712117","71.185872868019","71.842349671389","66.0361862182617","72.7248001098633","73.3761603967575","74.0698271328845","74.8261566150981","75.9209590034861","76.4498977661133","77.3171786972979","77.6303782354792","77.9471091670413","78.4517571356137","78.8234253406257","79.3377764616616","79.7711683014088","80.8621974386382","81.467907393989","",
"Kuwait","KWT","Educational attainment, at least completed upper secondary, population 25+, total (%) (cumulative)","SE.SEC.CUAT.UP.ZS","","","","","","","","","","","","","","","","16.7999992370606","","","","","24.9235305786133","","","","","31.719970703125","","","31.5011596679688","","","","","","","","","","","","","","","","","25.3631706237793","25.561710357666","25.6212406158447","26.5335197448731","","","","32.6966209411621","28.3367500305176","","29.9012699127197","","30.6030693054199","31.1964302062988","","","","","","","",
"Latin America & Caribbean (excluding high income)","LAC","Educational attainment, at least completed upper secondary, population 25+, total (%) (cumulative)","SE.SEC.CUAT.UP.ZS","","","","","","","","","","","","","","","","","","","","","","","","","","","","","","","","","","","","","","","","","","","","","","","","","","","","","","","","","","","","","","","","","","",
"Lao PDR","LAO","Educational attainment, at least completed upper secondary, population 25+, total (%) (cumulative)","SE.SEC.CUAT.UP.ZS","","","","","","","","","","","","","","","","","","","","","","","","","","","","","","","","","","","","","","","","","","","","","","","","","","","17.9590577636255","","","","","19.7857751674494","","14.6407804489136","","","","","23.9881845934688","20.6181392669678","","",
"Lebanon","LBN","Educational attainment, at least completed upper secondary, population 25+, total (%) (cumulative)","SE.SEC.CUAT.UP.ZS","","","","","","","","","","","8","","","","","","","","","","","","","","","","","","","","","","","","","","","","","","","","","","","","","32.9284400939941","","","","","","","","","","","42.0795707702637","42.4420566474187","","","","","","",
"Liberia","LBR","Educational attainment, at least completed upper secondary, population 25+, total (%) (cumulative)","SE.SEC.CUAT.UP.ZS","","","","","","","","","","","","","","","5.50069999694824","","","","","","","","","","","","","","","","","","","","","","","","","","","","","","","","","","","","21.7452255269655","","","","","","21.631290435791","25.7939576468879","","26.1559391021729","","","","","","",
"Libya","LBY","Educational attainment, at least completed upper secondary, population 25+, total (%) (cumulative)","SE.SEC.CUAT.UP.ZS","","","","","","","","","","","","","","","","","","","","","","","","","11.1999998092651","","","","","","","","","","","","","","","","","","","","","","","","","","","","","","","","","","","","","","","","","",
"St. Lucia","LCA","Educational attainment, at least completed upper secondary, population 25+, total (%) (cumulative)","SE.SEC.CUAT.UP.ZS","","","","","","","","","","","","","","","","","","","","","","","","","","","","","","","","","","","","","","","","","","","","","","","","","","","38.2970504760742","","","40.430118560791","","","","34.1257628615391","","41.2525405883789","51.2580490112305","","","","","",
"Latin America & Caribbean","LCN","Educational attainment, at least completed upper secondary, population 25+, total (%) (cumulative)","SE.SEC.CUAT.UP.ZS","","","","","","","","","","","","","","","","","","","","","","","","","","","","","","","","","","","","","","","","","","","","","","","","","","","","","","","","","","","","","","","","","","",
"Least developed countries: UN classification","LDC","Educational attainment, at least completed upper secondary, population 25+, total (%) (cumulative)","SE.SEC.CUAT.UP.ZS","","","","","","","","","","","","","","","","","","","","","","","","","","","","","","","","","","","","","","","","","","","","","","","","","","","","","","","","","","","","","","","","","","",
"Low income","LIC","Educational attainment, at least completed upper secondary, population 25+, total (%) (cumulative)","SE.SEC.CUAT.UP.ZS","","","","","","","","","","","","","","","","","","","","","","","","","","","","","","","","","","","","","","","","","","","","","","","","","","","","","","","","","","","","","","","","","","",
"Liechtenstein","LIE","Educational attainment, at least completed upper secondary, population 25+, total (%) (cumulative)","SE.SEC.CUAT.UP.ZS","","","","","","","","","","","","","","","","","","","","","","","","","","","","","","","","","","","","","","","","","71.4940567016602","","","","","","","","","","","","","","","","","","","","","","","","","",
"Sri Lanka","LKA","Educational attainment, at least completed upper secondary, population 25+, total (%) (cumulative)","SE.SEC.CUAT.UP.ZS","","","","","","","","","","","","11.6467399597168","","","","","","","","","","","","","","","","","","","","","","","","","","","","","","56.1040382385254","","","","","","","","74.0255737304688","","","","","","","61.678638458252","62.5039100646973","63.0344696044922","62.3045883178711","64.8265609741211","63.6817207336426","64.0733032226562","65.2356262207031","65.3014984130859","",
"Lower middle income","LMC","Educational attainment, at least completed upper secondary, population 25+, total (%) (cumulative)","SE.SEC.CUAT.UP.ZS","","","","","","","","","","","","","","","","","","","","","","","","","","","","","","","","","","","","","","","","","","","","","","","","","","","","","","","","","","","","","","","","","","",
"Low & middle income","LMY","Educational attainment, at least completed upper secondary, population 25+, total (%) (cumulative)","SE.SEC.CUAT.UP.ZS","","","","","","","","","","","","","","","","","","","","","","","","","","","","","","","","","","","","","","","","","","","","","","","","","","","","","","","","","","","","","","","","","","",
"Lesotho","LSO","Educational attainment, at least completed upper secondary, population 25+, total (%) (cumulative)","SE.SEC.CUAT.UP.ZS","","","","","","","","","","","","","","","","","","","","","","","","","","","","","","","","","","","","","","","","","","","","","","","","","13.8099298477173","","","","","","","","","","20.4669094085693","","","","","","26.399040222168","",
"Late-demographic dividend","LTE","Educational attainment, at least completed upper secondary, population 25+, total (%) (cumulative)","SE.SEC.CUAT.UP.ZS","","","","","","","","","","","","","","","","","","","","","","","","","","","","","","","","","","","","","","","","","","","","","","","","","","","","","","","","","","","","","","","","","","",
"Lithuania","LTU","Educational attainment, at least completed upper secondary, population 25+, total (%) (cumulative)","SE.SEC.CUAT.UP.ZS","","","","","","","","","","","","","","","","","","","","","","","","","","","","","","","","","","","","","","","70.9542741659075","72.2638157205046","72.5560885754545","71.5984053653866","72.1603189196853","73.5727726726504","74.2240488903674","74.1768188476562","75.8550567626953","76.5351486206055","78.350471496582","79.4271011352539","80.5496215820312","81.6657791137695","81.5528717041016","82.3100891113281","83.3288726806641","84.3143005371094","86.2218475341797","87.3072128295898","88.5540465271884","89.6794919346865","89.8658065795898","84.7919082641602","91.9949045446213","92.4704079528139","","",
"Luxembourg","LUX","Educational attainment, at least completed upper secondary, population 25+, total (%) (cumulative)","SE.SEC.CUAT.UP.ZS","","","","","","","","","","","","","","","","","","","","","","","","","","","","","","","","","","34.5840215817606","","","40.4791202997888","41.2419912122618","","","","39.947639465332","","50.5293502807617","57.9036088763613","60.5850448676279","60.4663559578401","61.7216415405273","62.6925761242745","75.2600784301758","75.5208282470703","74.9149398803711","76.2488784790039","78.2979965209961","79.5658493041992","69.071662902832","","","73.0939711225684","74.2218570973786","73.6529926130647","77.0716476137358","77.2889265155403","77.2197850510892","","",
"Latvia","LVA","Educational attainment, at least completed upper secondary, population 25+, total (%) (cumulative)","SE.SEC.CUAT.UP.ZS","","","","","","","","","","","","","","","","","","","","","","","","","","","","","","","","","","","","","","","73.1946981401288","74.1630209207679","73.400746261489","","","77.0435385879083","79.054931640625","80.0776062011719","86.0154418945312","80.3266220092773","82.1596908569336","83.6827926635742","85.2115631103516","84.8115615844727","86.0879516601562","86.8599090576172","87.7997283935547","88.2903366088867","88.7302703857422","","90.3030319213867","90.9270706176758","","89.2987290021353","89.8385781340585","89.2361244240762","","",
"Macao SAR, China","MAC","Educational attainment, at least completed upper secondary, population 25+, total (%) (cumulative)","SE.SEC.CUAT.UP.ZS","","","","","","","","","","","","","","","","","","","","","","","","","","","","","","","","25.8611106872559","","","","","","","","","","28.330020904541","","","","","35.6989288330078","","","","","44.8749618530273","","","","","51.9776382446289","","","","","","","","","",
"St. Martin (French part)","MAF","Educational attainment, at least completed upper secondary, population 25+, total (%) (cumulative)","SE.SEC.CUAT.UP.ZS","","","","","","","","","","","","","","","","","","","","","","","","","","","","","","","","","","","","","","","","","","","","","","","","","","","","","","","","","","","","","","","","","","",
"Morocco","MAR","Educational attainment, at least completed upper secondary, population 25+, total (%) (cumulative)","SE.SEC.CUAT.UP.ZS","","","","","","","","","","","","","","","","","","","","","","","","","","","","","","","","","","","8.16587410213937","","","","","","","","","","11.2642783769183","","","","","","","","","","14.7362383090171","","","16.6879100799561","","","","","","","","",
"Monaco","MCO","Educational attainment, at least completed upper secondary, population 25+, total (%) (cumulative)","SE.SEC.CUAT.UP.ZS","","","","","","","","","","","","","","","","","","","","","","","","","","","","","","","","","","","","","","","","","","","","","","","","","","","","","","","","","","","","","","","","","","",
"Moldova","MDA","Educational attainment, at least completed upper secondary, population 25+, total (%) (cumulative)","SE.SEC.CUAT.UP.ZS","","","","","","","","","","","","","","","","","","","","","","","","","","","","","","","","","","","","","","","","","","","70.3120535261619","71.182451478807","72.2367203711735","72.1138337398681","73.339625241872","72.9183197021484","74.1997299194336","75.1913070678711","74.4027328491211","74.4365768432617","74.5464477539062","74.1077575683594","74.7207870483398","74.7263031005859","72.6785163222252","74.0071317255579","75.2385177612305","74.5440521240234","74.7597198486328","74.7581329345703","74.7459030151367","75.4246356217162","75.2912216186523","",
"Madagascar","MDG","Educational attainment, at least completed upper secondary, population 25+, total (%) (cumulative)","SE.SEC.CUAT.UP.ZS","","","","","","","","","","","","","","","","","","","","","","","","","","","","","","","","","","","","","","","","","","20.1356030868336","","","","","","","","","","","15.1158032004379","","","19.6609597807676","","","9.7143497467041","","","8.87337017059326","","","","",
"Maldives","MDV","Educational attainment, at least completed upper secondary, population 25+, total (%) (cumulative)","SE.SEC.CUAT.UP.ZS","","","","","","","","","","","","","","","","","","","","","","","","","","","","","","","","","","","","","","","","","","","","","","","5.2349100112915","","","","","","","","17.3506367206136","","22.884943205447","16.0966701507568","","","","","","","","",
"Middle East, North Africa, Afghanistan & Pakistan","MEA","Educational attainment, at least completed upper secondary, population 25+, total (%) (cumulative)","SE.SEC.CUAT.UP.ZS","","","","","","","","","","","","","","","","","","","","","","","","","","","","","","","","","","","","","","","","","","","","","","","","","","","","","","","","","","","","","","","","","","",
"Mexico","MEX","Educational attainment, at least completed upper secondary, population 25+, total (%) (cumulative)","SE.SEC.CUAT.UP.ZS","","","","","","","","","","","","","","","","","","","","","","","","","","","","","","","19.9112205505371","","","","","","","","","","18.5773105621338","","23","20.948407447291","22.4114398956299","25.8786392211914","30.2607498168945","30.2054595947266","30.3455104827881","31.3502693176269","29.2044105529785","31.2047459662045","33.7975082397461","31.6299304962158","31.7997303009033","33.3462181091309","33.2946891784668","34.1090507507324","35.6546287536621","36.7302002654603","38.5605812072754","39.3577259193158","38.9017181396484","40.8621500693844","40.8518714904785","42.4773369188305",
"Marshall Islands","MHL","Educational attainment, at least completed upper secondary, population 25+, total (%) (cumulative)","SE.SEC.CUAT.UP.ZS","","","","","","","","","","","","","","","","","","","","","","","","","","","","","","","","","","","","","","","","","","","","","","","","","","","","69.8148422241211","","","","","","72.4493789672852","","64.7409683839203","","","","","","",
"Middle income","MIC","Educational attainment, at least completed upper secondary, population 25+, total (%) (cumulative)","SE.SEC.CUAT.UP.ZS","","","","","","","","","","","","","","","","","","","","","","","","","","","","","","","","","","","","","","","","","","","","","","","","","","","","","","","","","","","","","","","","","","",
"North Macedonia","MKD","Educational attainment, at least completed upper secondary, population 25+, total (%) (cumulative)","SE.SEC.CUAT.UP.ZS","","","","","","","","","","","","","","","","","","","","","","","","","","","","","","","","","","","","","","","","","","","","","","51.8649178218968","51.8113922949686","54.7300570868853","53.4685962037339","55.5553109520438","57.1032136769685","58.3066093666083","59.645118714887","60.6467546769108","61.4638086717181","62.277834657197","63.7399607674655","","53.4467811584473","","68.3028182983398","69.5329199114654","70.5153081423898","","68.6925323282867","",
"Mali","MLI","Educational attainment, at least completed upper secondary, population 25+, total (%) (cumulative)","SE.SEC.CUAT.UP.ZS","","","","","","","","","","","","","","","","","","","","","","","","","","","","","","","","","","","","","","","","","","","","","","","5.49085998535156","","","3.91251665055211","","7.96400022506714","","","5.63864113364767","7.51278018951416","5.64105987548828","6.03483400784169","7.11877012252808","7.12937021255493","5.408860206604","","7.23940992355347","","","",
"Malta","MLT","Educational attainment, at least completed upper secondary, population 25+, total (%) (cumulative)","SE.SEC.CUAT.UP.ZS","","","","","","","","","","","","","","","","","","","","","","","","","","","","","","","","","","","","","","","","","20.3984394073486","","","","","22.7670402526856","","23.0604000091553","26.7146173391839","28.5354493571736","25.8695793151856","27.3733997344971","32.4356994628906","34.4804992675781","35.774730682373","36.9077987670898","38.0723686218262","","45.2157211303711","51.975994340011","48.2728614807129","56.1607146317587","","","","",
"Myanmar","MMR","Educational attainment, at least completed upper secondary, population 25+, total (%) (cumulative)","SE.SEC.CUAT.UP.ZS","","","","","","","","","","","","","","2.29999995231628","","","","","","","","","","","","","","","","","","","","","","","","","","","","","","","","","","","","","","","","","","6.88046381134435","9.86802959442139","15.3319144075","15.4172948309892","22.7649192810059","","","","","","",
"Middle East, North Africa, Afghanistan & Pakistan (excluding high income)","MNA","Educational attainment, at least completed upper secondary, population 25+, total (%) (cumulative)","SE.SEC.CUAT.UP.ZS","","","","","","","","","","","","","","","","","","","","","","","","","","","","","","","","","","","","","","","","","","","","","","","","","","","","","","","","","","","","","","","","","","",
"Montenegro","MNE","Educational attainment, at least completed upper secondary, population 25+, total (%) (cumulative)","SE.SEC.CUAT.UP.ZS","","","","","","","","","","","","","","","","","","","","","","","","","","","","","","","","","","","","","","","","","","","","64.5542526245117","","","","","","","","72.5558395385742","76.8832666061057","77.297325524433","77.8178956894038","78.6588176413347","79.2000317363869","79.9969960781922","80.6169743609381","81.8239956037765","81.9217723455169","","","","","",
"Mongolia","MNG","Educational attainment, at least completed upper secondary, population 25+, total (%) (cumulative)","SE.SEC.CUAT.UP.ZS","","","","","","","","","","","","","","","","","","","","","","","","","","","","","","","","","","","","","","","","","53.3722610473633","","","59.0489661503616","","","61.4679501199372","","64.8961140298818","65.4980364819218","67.5730590820312","67.31556720823","67.2392642746782","","77.6869231922225","78.0789137260274","79.135149095672","79.5541693832898","80.4049911993309","78.461540222168","77.0733413696289","79.8019787591645","79.1496887207031","80.4743728637695","84.0449371337891","",
"Northern Mariana Islands","MNP","Educational attainment, at least completed upper secondary, population 25+, total (%) (cumulative)","SE.SEC.CUAT.UP.ZS","","","","","","","","","","","","","","","","","","","","","","","","","","","","","","","","","","","","","","","","","","","","","","","","","","","","","","","","","","","","","","","","","","",
"Mozambique","MOZ","Educational attainment, at least completed upper secondary, population 25+, total (%) (cumulative)","SE.SEC.CUAT.UP.ZS","","","","","","","","","","","","","","","","","","","","","","","","","","","","","","","","","","","","","","","","","","","","","","","","","","5.9777398109436","","4.72476005554199","","","","9.44804954528809","","8.68706035614014","","","14.0377902984619","","11.6364402770996","","","",
"Mauritania","MRT","Educational attainment, at least completed upper secondary, population 25+, total (%) (cumulative)","SE.SEC.CUAT.UP.ZS","","","","","","","","","","","","","","","","","","","","","","","","","","","","","","","","","","","","","","","","","","","","","","","","","","","","","","9.47274971008301","","7.47353982925415","","","","","","","","","","",
"Mauritius","MUS","Educational attainment, at least completed upper secondary, population 25+, total (%) (cumulative)","SE.SEC.CUAT.UP.ZS","","","","","","","","","","","","","","","","","","","","","","","","","","","","","","","25.7999992370606","","","","","","","","","","20.3984394073486","","","","","","","40.3380333081653","39.5240105785597","","42.0400852512234","43.5839004516602","44.096645435703","45.3317058447176","47.0619648931112","48.3445768595436","48.6779245349184","49.0464475976792","49.847090351973","","","","51.1174122247077","","","",
"Malawi","MWI","Educational attainment, at least completed upper secondary, population 25+, total (%) (cumulative)","SE.SEC.CUAT.UP.ZS","","","","","","","","","","","","","","","","","","1.20413994789123","","","","","","","","","","2.4743800163269","","","","","","","","","","","5.2124400138855","","","","","","","7.95230058759058","","","","","","10.4817046496756","","11.7435632893741","","12.3711099624634","","12.9716259885367","","","12.1476697921753","","","","","",
"Malaysia","MYS","Educational attainment, at least completed upper secondary, population 25+, total (%) (cumulative)","SE.SEC.CUAT.UP.ZS","","","","","","","","","","","","","","","","","","","","","3.18010997772217","","","","","","","","","","","","","","","","30.3713207244873","","","","36.4070892333984","","","","","27.6015205383301","","","","49.4180183410645","50.9024085998535","","","","","","58.3323707580566","","","62.6133613586426","","","69.8045806884766","","","",
"North America","NAC","Educational attainment, at least completed upper secondary, population 25+, total (%) (cumulative)","SE.SEC.CUAT.UP.ZS","","","","","","","","","","","","","","","","","","","","","","","","","","","","","","","","","","","","","","","","","","","","","","","","","","","","","","","","","","","","","","","","","","",
"Namibia","NAM","Educational attainment, at least completed upper secondary, population 25+, total (%) (cumulative)","SE.SEC.CUAT.UP.ZS","","","","","","","","","","","","","","","","","","","","","","","","","","","","","","","","","","","39.4598039945578","","","","","","","17.5516109466553","","","","","","","","","","","7.63892287099215","8.31469409023598","7.76275023066809","","","","","","","","","37.4720001220703","","",
"New Caledonia","NCL","Educational attainment, at least completed upper secondary, population 25+, total (%) (cumulative)","SE.SEC.CUAT.UP.ZS","","","","","","","","","","","","","","","","","","","","","","","","","","","","","","","","","","","","","","","","","","","","","","","","","","","","","","","","","","","","62.7930297851562","","","","","","",
"Niger","NER","Educational attainment, at least completed upper secondary, population 25+, total (%) (cumulative)","SE.SEC.CUAT.UP.ZS","","","","","","","","","","","","","","","","","","0.200000002980232","","","","","","","","","","","","","","","","","","","","","","","","","","","","","","","","","","2.47877175297484","3.27811002731323","","2.02615553743375","","","2.08943520186499","1.94676005840301","3.14264233515823","","","1.72214996814728","","","",
"Nigeria","NGA","Educational attainment, at least completed upper secondary, population 25+, total (%) (cumulative)","SE.SEC.CUAT.UP.ZS","","","","","","","","","","","","","","","","","","","","","","","","","","","","","","","","","","","","","","","","","","","","","","","44.858341217041","","","","","","","","","","38.8324203491211","","40.0925788879395","39.2685203552246","","43.9315299987793","","","48.0727996826172","",
"Nicaragua","NIC","Educational attainment, at least completed upper secondary, population 25+, total (%) (cumulative)","SE.SEC.CUAT.UP.ZS","","","","","","","","","","","","4.37442016601562","","","","","","","","","","","","","","","","","","","","","","","","","","","","","","14.9","","","","18.2","","","","21.6","","","25.8626731748979","","26.7","","","","","","","","","","","",
"Netherlands","NLD","Educational attainment, at least completed upper secondary, population 25+, total (%) (cumulative)","SE.SEC.CUAT.UP.ZS","","","","","","","","","","","","16.2999992370606","","","","","","","","","","","","","","","","","","","","","","","","","58.2912604223553","59.6995997729778","59.647363785775","59.9802968762286","60.598141369672","61.3469195261992","62.1719312178887","63.9171015152637","64.7281494140625","64.9544906616211","64.708899175946","67.44873046875","66.2211532592773","66.3446197509766","66.7723236083984","66.4095993041992","67.0986328125","69.5296936035156","69.4222030639648","69.570442199707","69.9871978759766","72.7198793783845","71.1049575805664","73.8042606493922","72.9593505859375","73.8152267342655","74.2670364991331","74.1197872066975","","",
"Norway","NOR","Educational attainment, at least completed upper secondary, population 25+, total (%) (cumulative)","SE.SEC.CUAT.UP.ZS","","","","","","","","","","","28.1124897003174","","","","","32.2999992370605","","","","","38.1704711914062","","","","","","","","","","66.0345230102539","","","","","","76.7515519836166","78.3389757825026","79.9169896064418","81.0878868339477","81.9282271717542","82.3717786931781","","","70.6149597167969","71.2688980102539","73.2487030029297","73.7688369750977","74.9272384643555","74.8919067382812","75.414192199707","75.9920196533203","80.9221100868499","81.4295679783411","77.0060577392578","77.4857177734375","77.8364028930664","78.2241363525391","82.1633464745519","78.7484436035156","","81.8810132531688","80.0042561695029","81.9146077307582","","",
"Nepal","NPL","Educational attainment, at least completed upper secondary, population 25+, total (%) (cumulative)","SE.SEC.CUAT.UP.ZS","","","","","","","","","","","","0.542270004749298","","","","","","","","","","","","","","","","","","","","","","","","","","","","","","16.9418601989746","","","","","","","19.8068646945664","","","16.5839405059814","","","","","","","","12.2010698318481","","12.8491897583008","","","","",
"Nauru","NRU","Educational attainment, at least completed upper secondary, population 25+, total (%) (cumulative)","SE.SEC.CUAT.UP.ZS","","","","","","","","","","","","","","","","","","","","","","","","","","","","","","","","","","","","","","","","","","","","","","","","","","","","","","","","","","","","","","","","39.5313682556152","","",
"New Zealand","NZL","Educational attainment, at least completed upper secondary, population 25+, total (%) (cumulative)","SE.SEC.CUAT.UP.ZS","","","","","","","","","","","","","","","","","","","","","","","","","","","","","","","","46.8799705505371","","","","","","","","","","71.189208984375","","","","","72.772331237793","","","","","67.992919921875","68.7553405761719","","69.4948272705078","69.6625366210938","70.0286712646484","","","","75.1135864257812","","","","","",
"OECD members","OED","Educational attainment, at least completed upper secondary, population 25+, total (%) (cumulative)","SE.SEC.CUAT.UP.ZS","","","","","","","","","","","","","","","","","","","","","","","","","","","","","","","","","","","","","","","","","","","","","","","","","","","","","","","","","","","","","","","","","","",
"Oman","OMN","Educational attainment, at least completed upper secondary, population 25+, total (%) (cumulative)","SE.SEC.CUAT.UP.ZS","","","","","","","","","","","","","","","","","","","","","","","","","","","","","","","","","","","","","","","","","","","","28.9503192901611","","","","","41.4674682617188","","41.2003898620605","","","","","50.3694915771484","","","","","62.2254791259766","","63.496898651123","","","",
"Other small states","OSS","Educational attainment, at least completed upper secondary, population 25+, total (%) (cumulative)","SE.SEC.CUAT.UP.ZS","","","","","","","","","","","","","","","","","","","","","","","","","","","","","","","","","","","","","","","","","","","","","","","","","","","","","","","","","","","","","","","","","","",
"Pakistan","PAK","Educational attainment, at least completed upper secondary, population 25+, total (%) (cumulative)","SE.SEC.CUAT.UP.ZS","","","","","","","","","","","","","7","","","","","","","","","","","","","","","","","","","","","","","","","","","","","","","","","19.3508655848634","23.3460502624512","20.3912199728416","23.0314903259277","23.2996196746826","23.878719329834","24.2565803527832","25.6495094299316","26.0706100463867","27.7178897857666","25.4954239952493","24.6280665280156","27.2532901763916","26.0640049316992","","","","","","","",
"Panama","PAN","Educational attainment, at least completed upper secondary, population 25+, total (%) (cumulative)","SE.SEC.CUAT.UP.ZS","","","","","","","","","","","12.6000003814697","","","","","","","","","","19.761100769043","","","","","","","","","","30.8434200286865","","","","","","","39.0925684452831","","","33.6772613525391","33.9","35.4","36.1","37","37.5","38","39.2","40.1","41","43.0041007995605","43.3","45.3415910802169","45.1","46.1","46.8","47.8","47.2","47.2","54.3121910095215","54.1473088932791","51.4","51.3","52.6","49.4015692986368","",
"Peru","PER","Educational attainment, at least completed upper secondary, population 25+, total (%) (cumulative)","SE.SEC.CUAT.UP.ZS","","","","","","","","","","","","","11.6000099182129","","","","","","","","","21.6469192504883","","","","","","","","","","","","","","","","40.7158198660848","42.6723685582061","41.8682762028309","41.8","42","43.6","43.2","46.7756118774414","44.0397796630859","44.0508117675781","46.7049598693848","46.865909576416","47.0025901794434","52.9390411376953","53.5218811035156","55.9918098449707","55.8098411560059","55.9319686889648","56.0153999328613","52.9","53.5","58.0391807556152","55.1","55.2","54.8","56.4","57.2","58.2721481323242","",
"Philippines","PHL","Educational attainment, at least completed upper secondary, population 25+, total (%) (cumulative)","SE.SEC.CUAT.UP.ZS","","","","","","","","","","","18.0071601867676","","","","","","","","","","","","","","","","","","","","","","","","","","","","","","35.7084693908691","","","48.9480529911844","51.0981788635254","","","","","","55.9734687805176","","","58.4567413330078","","","","57.8848916653618","","","","32.4310847098511","34.4608001708984","","","",
"Palau","PLW","Educational attainment, at least completed upper secondary, population 25+, total (%) (cumulative)","SE.SEC.CUAT.UP.ZS","","","","","","","","","","","","","","","","","","","","","","","","","","","","","","","","","","","","","","","","","66.8119185019432","","","","","","","","","","","","","88.0483016967773","83.8312563095342","","","","","","87.5593775593775","","","","","",
"Papua New Guinea","PNG","Educational attainment, at least completed upper secondary, population 25+, total (%) (cumulative)","SE.SEC.CUAT.UP.ZS","","","","","","","","","","","","","","","","","","","","","","","","","","","","","","","","","","","","","","","","","","","","","","","","","","","23.0182664503048","","","","","","","","9.05276966094971","","","","19.6070019376145","","","",
"Poland","POL","Educational attainment, at least completed upper secondary, population 25+, total (%) (cumulative)","SE.SEC.CUAT.UP.ZS","","","","","","","","","","","","","","","","","","","","","","","","","","","","","","","","","","","","","","67.2562917152775","68.6934786035324","69.2822018841435","70.7310289516892","71.6144959031937","71.89013671875","73.6788126819187","75.229380584443","76.454425667489","77.4255277991736","78.0281782594488","78.8397903442383","79.9086532592773","80.8199768066406","81.5495910644531","82.0938491821289","82.8486328125","83.4857788085938","","84.8603210449219","","","","87.7777786254883","87.3724212646484","","","","",
"Pre-demographic dividend","PRE","Educational attainment, at least completed upper secondary, population 25+, total (%) (cumulative)","SE.SEC.CUAT.UP.ZS","","","","","","","","","","","","","","","","","","","","","","","","","","","","","","","","","","","","","","","","","","","","","","","","","","","","","","","","","","","","","","","","","","",
"Puerto Rico (US)","PRI","Educational attainment, at least completed upper secondary, population 25+, total (%) (cumulative)","SE.SEC.CUAT.UP.ZS","","","","","","","","","","","27.0453605651856","","","","","","","","","","46.3688316345215","","","","","","","","","","","","","","","","","","","","74.4360504150391","","","","","77.5027465820312","76.7839279174805","77.3127593994141","77.7096862792969","","","69.782341003418","69.9321365356445","","","81.5031401480678","","80.0156402587891","","","84.2615058094979","","82.3077621459961","82.6923675537109","81.7773513793945","",
"Korea, Dem. People's Rep.","PRK","Educational attainment, at least completed upper secondary, population 25+, total (%) (cumulative)","SE.SEC.CUAT.UP.ZS","","","","","","","","","","","","","","","","","","","","","","","","","","","","","","","","","","","","","","","","","","","","","","","","","","","","","","","","","","","","","","","","","","",
"Portugal","PRT","Educational attainment, at least completed upper secondary, population 25+, total (%) (cumulative)","SE.SEC.CUAT.UP.ZS","","","","","","","","","","","1.64108002185822","","","","","","","","","","","3.47294998168945","","","","","","","","","","7.66812992095947","","16.7693648538736","17.6037138209078","18.3650858418993","18.1983413192555","18.0260639733682","14.5487804412842","15.2565402984619","15.7724304199219","16.4253997802734","16.7417106628418","18.4442596435547","20.3303508758545","21.3362998962402","22.4099292755127","22.2938194274902","22.7975196838379","24.0550308227539","25.5953102111816","27.8761291503906","30.022819519043","31.8690605163574","34.2075881958008","35.4289283752441","36.7709617614746","37.6235198974609","37.0835800170898","40.678768157959","43.4513092041016","42.2861099243164","45.6849108373722","46.3494493223657","48.5642852233967","",
"Paraguay","PRY","Educational attainment, at least completed upper secondary, population 25+, total (%) (cumulative)","SE.SEC.CUAT.UP.ZS","","","","","","","","","","","","","6.55361986160278","","","","","","","","","","10.3606796264648","","","","","","","","","","17.5718402862549","","","","","","17.7259675408774","17.3431259222997","","20.2","18.6","24.0787696838379","21.4","29.6166801452637","27.3512191772461","26.4156303405762","28.617769241333","27.1444206237793","29.1","33.1","32.1416015625","36.0287590026855","36.5642013549805","38.790340423584","36.6381683349609","38.1","39.3815689086914","42.2377281188965","42.390998840332","42.5","43.4","45.4","46.1808891296387","",
"West Bank and Gaza","PSE","Educational attainment, at least completed upper secondary, population 25+, total (%) (cumulative)","SE.SEC.CUAT.UP.ZS","","","","","","","","","","","","","","","","","","","","","","","","","","","","","","","","","","","","","","","","","29.9960138777218","30.3132971275582","31.0067639293202","30.8268936962453","30.7632904052734","31.1191505516031","31.2193508148193","32.0520896911621","32.7596702575684","35.0115394592285","34.950870513916","36.3560485839844","38.0242118835449","38.5071487426758","37.9565505981445","39.0218696594238","39.6356086730957","40.6208381652832","42.6016883850098","48.7687110900879","45.9041709899902","46.231843774942","46.8563003540039","","45.8946585036775","",
"Pacific island small states","PSS","Educational attainment, at least completed upper secondary, population 25+, total (%) (cumulative)","SE.SEC.CUAT.UP.ZS","","","","","","","","","","","","","","","","","","","","","","","","","","","","","","","","","","","","","","","","","","","","","","","","","","","","","","","","","","","","","","","","","","",
"Post-demographic dividend","PST","Educational attainment, at least completed upper secondary, population 25+, total (%) (cumulative)","SE.SEC.CUAT.UP.ZS","","","","","","","","","","","","","","","","","","","","","","","","","","","","","","","","","","","","","","","","","","","","","","","","","","","","","","","","","","","","","","","","","","",
"French Polynesia","PYF","Educational attainment, at least completed upper secondary, population 25+, total (%) (cumulative)","SE.SEC.CUAT.UP.ZS","","","","","","","","","","","","","","","","","","","","","","","","","","","","","","","","","","","","","","","","","","","","","","","","49.5688514709473","","","","","","","","","","","","","","","","","","",
"Qatar","QAT","Educational attainment, at least completed upper secondary, population 25+, total (%) (cumulative)","SE.SEC.CUAT.UP.ZS","","","","","","","","","","","","","","","","","","","","","","","","","","","26.6000003814697","","","","","","","","","","","","","","","","","","40.9715309143066","","","49.303279876709","50.8288383483887","43.3920783996582","39.9161911010742","41.1102294921875","41.3436889648438","46.0668983459473","43.9633407592773","","41.0125503540039","41.3008003234863","","","","","51.4332084655762","","","",
"Romania","ROU","Educational attainment, at least completed upper secondary, population 25+, total (%) (cumulative)","SE.SEC.CUAT.UP.ZS","","","","","","","","","","","","","","","","","","","","","","","","","","","","","","","","","","","","","","55.564480511886","57.4386841032037","58.3215977006741","59.241860178055","60.2177580925204","52.6525993347168","60.0366828849929","60.8212788960474","62.532315194077","63.5713662897754","64.2720718383789","64.7176818847656","64.2272720336914","64.0317611694336","64.8616180419922","65.8382110595703","66.4592590332031","62.9813003540039","64.6631927490234","66.4230422973633","67.4450225830078","68.3221539365843","69.1821594238281","71.0256805419922","72.1716384887695","73.0307006835938","72.767467371632","","",
"Russian Federation","RUS","Educational attainment, at least completed upper secondary, population 25+, total (%) (cumulative)","SE.SEC.CUAT.UP.ZS","","","","","","","","","","","","","","","","","","","","","","","","","","","","","","","","","","","","","","","","","","","89.20947265625","","","","","","","","84.987907409668","92.1724335105898","92.8374751815593","93.4150971196574","93.7110998608766","94.0891738987487","94.5656647529988","91.3463863694083","91.5161323845422","91.4410954486241","91.8141153254704","92.1767807006836","91.9972550280771","92.6996595179214","92.9073594394634","",
"Rwanda","RWA","Educational attainment, at least completed upper secondary, population 25+, total (%) (cumulative)","SE.SEC.CUAT.UP.ZS","","","","","","","","","","","","","","","","","","","","","","","","","","","","","","","","","","","","","","","","","","","","","","","","","","","","","8.41629981994629","","8.45808029174805","7.52117013931274","","14.5475073736572","9.85904026031494","15.3399355819435","10.962080001831","15.8195775844715","13.4574298858643","14.627225494085","16.2810727540809","",
"South Asia","SAS","Educational attainment, at least completed upper secondary, population 25+, total (%) (cumulative)","SE.SEC.CUAT.UP.ZS","","","","","","","","","","","","","","","","","","","","","","","","","","","","","","","","","","","","","","","","","","","","","","","","","","","","","","","","","","","","","","","","","","",
"Saudi Arabia","SAU","Educational attainment, at least completed upper secondary, population 25+, total (%) (cumulative)","SE.SEC.CUAT.UP.ZS","","","","","","","","","","","","","","","","","","","","","","","","","","","","","","","","","","","","","","","","","30.0666007995606","","","","34.1683006286621","","","","","","","","","48.8905792236328","","","","53.8799896240234","56.6075261132493","56.8663981871088","62.2887687683105","63.3182887963145","64.6558232338882","","76.0118713378906","",
"Sudan","SDN","Educational attainment, at least completed upper secondary, population 25+, total (%) (cumulative)","SE.SEC.CUAT.UP.ZS","","","","","","","","","","","","","","","","","","","","","","","","2.82637000083923","","","","","","","","","","","","","","","","","","","","","","","","","7.56734328495715","","","","","","","","","","","","","","20.6839294433594","","","",
"Senegal","SEN","Educational attainment, at least completed upper secondary, population 25+, total (%) (cumulative)","SE.SEC.CUAT.UP.ZS","","","","","","","","","","","","","","","","","","","","","","","","","","","","","","","","","","","","","","","","","","","","","","","4.92510986328125","","","","","5.61640977859497","","8.23460960388184","","5.71197986602783","6.90667009353638","10.8629503250122","7.19961023330688","7.41092014312744","","","10.720383844245","8.44915962219238","","",
"Singapore","SGP","Educational attainment, at least completed upper secondary, population 25+, total (%) (cumulative)","SE.SEC.CUAT.UP.ZS","","","","","","","","","","","","","","","","","","","","","16.919469833374","","","","","","","","","","36.6901397705078","","","","","47.5073509216309","","","","","","","","","","59.3845100402832","58.7478218078613","59.6462593078613","63.1727714538574","63.1781311035156","65.5210571289062","66.5693130493164","67.7048416137695","68.7806701660156","69.5462875366211","70.9170913696289","70.693229675293","71.3994598388672","73.5237884521484","74.4833679199219","74.5498886108398","78.3726577758789","79.0433883666992","","","",
"Solomon Islands","SLB","Educational attainment, at least completed upper secondary, population 25+, total (%) (cumulative)","SE.SEC.CUAT.UP.ZS","","","","","","","","","","","","","","","","","","","","","","","","","","","","","","","","","","","","","","","","14.6244086157449","","","","","","14.1268716352277","","","","","","","","","","15.3013296127319","","","","","","","","","","",
"Sierra Leone","SLE","Educational attainment, at least completed upper secondary, population 25+, total (%) (cumulative)","SE.SEC.CUAT.UP.ZS","","","","","","","","","","","","","","","","","","","","","","","","","","","","","","","","","","","","","","","","","","","","","12.1297397613525","","","","","","","","","","","","","8.16147994995117","14.8278392780654","12.0926904678345","","","","","","",
"El Salvador","SLV","Educational attainment, at least completed upper secondary, population 25+, total (%) (cumulative)","SE.SEC.CUAT.UP.ZS","","","","","","","","","","","","","","","","","","","","","","","","","","","","","","","","","","","","","","","","","21.8","22.9","23.6","24.8","23.8","24.4","20.8798103332519","21.5564403533936","24.8010501861572","25.0720996856689","26.6920509338379","25.3179702758789","26.5747890472412","26.9873600006104","30.3","30.9","30.338020324707","29.6169300079346","32.8","33.5802917480469","33.6127014160156","35","35.9","33.8053207397461","","",
"San Marino","SMR","Educational attainment, at least completed upper secondary, population 25+, total (%) (cumulative)","SE.SEC.CUAT.UP.ZS","","","","","","","","","","","","","","","","","","","","","","","","","","","","","","","","","","","","","","","","","","","","","","","","","","","","","","","","","","","53.9379501342773","","57.4463005065918","","58.5882911682129","","","",
"Somalia, Fed. Rep.","SOM","Educational attainment, at least completed upper secondary, population 25+, total (%) (cumulative)","SE.SEC.CUAT.UP.ZS","","","","","","","","","","","","","","","","","","","","","","","","","","","","","","","","","","","","","","","","","","","","","","","","","","","","","","","","","","","","","","","9.80751991271973","","","",
"Serbia","SRB","Educational attainment, at least completed upper secondary, population 25+, total (%) (cumulative)","SE.SEC.CUAT.UP.ZS","","","","","","","","","","","","","","","","","","","","","","","","","","","","","","","","","","","","","","","","","","","","","","","","","62.5454216003418","62.9912300109863","63.6658096313477","66.5964126586914","","66.5628128051758","68.5724563598633","70.8962783813477","71.4099502563477","71.6360931396484","71.707241071027","73.6363830566406","73.4497629176403","73.9430674328555","77.7794799804688","76.1039190572241","77.1153939809151","",
"Sub-Saharan Africa (excluding high income)","SSA","Educational attainment, at least completed upper secondary, population 25+, total (%) (cumulative)","SE.SEC.CUAT.UP.ZS","","","","","","","","","","","","","","","","","","","","","","","","","","","","","","","","","","","","","","","","","","","","","","","","","","","","","","","","","","","","","","","","","","",
"South Sudan","SSD","Educational attainment, at least completed upper secondary, population 25+, total (%) (cumulative)","SE.SEC.CUAT.UP.ZS","","","","","","","","","","","","","","","","","","","","","","","","","","","","","","","","","","","","","","","","","","","","","","","","","14.473310470581","","","","","","","","","","","","","","","","","",
"Sub-Saharan Africa","SSF","Educational attainment, at least completed upper secondary, population 25+, total (%) (cumulative)","SE.SEC.CUAT.UP.ZS","","","","","","","","","","","","","","","","","","","","","","","","","","","","","","","","","","","","","","","","","","","","","","","","","","","","","","","","","","","","","","","","","","",
"Small states","SST","Educational attainment, at least completed upper secondary, population 25+, total (%) (cumulative)","SE.SEC.CUAT.UP.ZS","","","","","","","","","","","","","","","","","","","","","","","","","","","","","","","","","","","","","","","","","","","","","","","","","","","","","","","","","","","","","","","","","","",
"Sao Tome and Principe","STP","Educational attainment, at least completed upper secondary, population 25+, total (%) (cumulative)","SE.SEC.CUAT.UP.ZS","","","","","","","","","","","","","","","","","","","","","","1.52524995803833","","","","","","","","","","","","","","","","","","","","","","","","","","","","","","","","","","","","","","","","","","","","",
"Suriname","SUR","Educational attainment, at least completed upper secondary, population 25+, total (%) (cumulative)","SE.SEC.CUAT.UP.ZS","","","","","","","","","","","","","","","","","","","","","","","","","","","","","","","","","","","","","","","","","","","","","8.69515991210938","","","","","","","","24.7160491943359","","","","","","20.239839553833","","","","26.8269500732422","","","",
"Slovak Republic","SVK","Educational attainment, at least completed upper secondary, population 25+, total (%) (cumulative)","SE.SEC.CUAT.UP.ZS","","","","","","","","","","","","","","","","","","","","","","","","","","","","","","","","9.59595966339111","","","","","","","","","","41.753978729248","","","","","","81.510523517521","82.7361933432545","83.9916534018988","84.2525262038285","84.8493118286133","85.3790512084961","85.9608764648438","85.3176193237305","86.6858291625977","87.3202133178711","87.0716171264648","87.777717590332","87.7003021240234","89.1387053737615","89.8134922978643","90.2027102905863","90.0778830546204","","",
"Slovenia","SVN","Educational attainment, at least completed upper secondary, population 25+, total (%) (cumulative)","SE.SEC.CUAT.UP.ZS","","","","","","","","","","","","","","","","","","","","","","","","","","","","","","","","10.5476703643799","","","","","","","65.9195299981192","67.3159685751289","68.648119728644","68.8803859050261","70.2314616788334","71.9450184331403","74.0511016845703","73.6207885742188","75.0342864990234","73.2106323242188","75.8000183105469","77.3182067871094","77.6738128662109","78.4461212158203","79.1578216552734","79.7796478271484","80.0910873413086","81.4500274658203","81.8688430786133","82.5606307983398","82.7784258411314","82.9429702758789","84.8297258764264","86.0023322405167","86.0007499688961","82.339101036363","","",
"Sweden","SWE","Educational attainment, at least completed upper secondary, population 25+, total (%) (cumulative)","SE.SEC.CUAT.UP.ZS","","","","","","","","","","","35.3790893554688","","","","42.6517486572266","","","","","51.1023788452148","","","","","","","52.8777313232422","54.1735992431641","55.5688705444336","56.8919715881348","58.7847518920898","60.0308303833008","62.7166481018066","64.5060424804688","65.7017288208008","67.0355377197266","","","","","","","","","78.2497787475586","79.0401763916016","79.7420883178711","80.3960723876953","76.2738800048828","76.9570770263672","77.6163787841797","78.3214797973633","79.0048828125","73.9167327880859","74.4703674316406","75.0337524414062","75.5588836669922","76.1459503173828","83.172673189653","77.2551116943359","84.2121403696943","83.1048471312952","83.959668073826","84.7437742934447","","",
"Eswatini","SWZ","Educational attainment, at least completed upper secondary, population 25+, total (%) (cumulative)","SE.SEC.CUAT.UP.ZS","","","","","","","","","","","","","","","","","3.9574499130249","","","","","","","","","","9.65402984619141","","","","","","","","","","","","","","","","","","","","","","","","","","","","","","","","","","","","35.8065490722656","","","",
"Sint Maarten (Dutch part)","SXM","Educational attainment, at least completed upper secondary, population 25+, total (%) (cumulative)","SE.SEC.CUAT.UP.ZS","","","","","","","","","","","","","","","","","","","","","","","","","","","","","","","","","","","","","","","","","","","","","","","","","","","","","","","","","","","","","","","","","","",
"Seychelles","SYC","Educational attainment, at least completed upper secondary, population 25+, total (%) (cumulative)","SE.SEC.CUAT.UP.ZS","","","","","","","","","","","","8.47929954528809","","","","","","","","","","","","","","","","","","","","","","","","","","","","","","","46.0364685058594","","","","","","","","","","","","77.5646073783786","81.2712572651761","81.2984687550495","84.0101616522604","83.8579192289549","84.9096744727077","84.3140997583049","","","","","",
"Syrian Arab Republic","SYR","Educational attainment, at least completed upper secondary, population 25+, total (%) (cumulative)","SE.SEC.CUAT.UP.ZS","","","","","","","","","","","","","","","","","","","","","","","","","","","","","","","","","","","","","","","","","","","10.431960105896","","","","","21.8524703979492","21.3533096313477","21.8995704650879","","","","","","","","","","","","","","","","",
"Turks and Caicos Islands","TCA","Educational attainment, at least completed upper secondary, population 25+, total (%) (cumulative)","SE.SEC.CUAT.UP.ZS","","","","","","","","","","","","","","","","","","","","","","","","","","","","","","","","","","","","","","","","","","","","","","","","","","","","","","","","","","","","75.117431640625","","","","","","",
"Chad","TCD","Educational attainment, at least completed upper secondary, population 25+, total (%) (cumulative)","SE.SEC.CUAT.UP.ZS","","","","","","","","","","","","","","","","","","","","","","","","","","","","","","","","","","","","","","","","","","","","","5.51997995376587","","","","","5.10442018508911","","","","","","","","","7.48449118741297","4.55690002441406","","","","","","",
"East Asia & Pacific (IDA & IBRD countries)","TEA","Educational attainment, at least completed upper secondary, population 25+, total (%) (cumulative)","SE.SEC.CUAT.UP.ZS","","","","","","","","","","","","","","","","","","","","","","","","","","","","","","","","","","","","","","","","","","","","","","","","","","","","","","","","","","","","","","","","","","",
"Europe & Central Asia (IDA & IBRD countries)","TEC","Educational attainment, at least completed upper secondary, population 25+, total (%) (cumulative)","SE.SEC.CUAT.UP.ZS","","","","","","","","","","","","","","","","","","","","","","","","","","","","","","","","","","","","","","","","","","","","","","","","","","","","","","","","","","","","","","","","","","",
"Togo","TGO","Educational attainment, at least completed upper secondary, population 25+, total (%) (cumulative)","SE.SEC.CUAT.UP.ZS","","","","","","","","","","","0.367159992456436","","","","","","","","","","","","","","","","","","","","","","","","","","","","","","","","","","","","","","","8.90192031860352","7.7044535598519","9.25691032409668","","","","","","9.46590042114258","","14.2901183239008","","","10.9790802001953","","","",
"Thailand","THA","Educational attainment, at least completed upper secondary, population 25+, total (%) (cumulative)","SE.SEC.CUAT.UP.ZS","","","","","","","","","","","1.10000002384186","","","","","","","","","","5.31411981582642","","","","","","","","","","","","","","","","","","","","10.9080495390968","","","","22.6436290740967","","22.5699596405029","21.9606498681637","","","27.3381099700928","","","29.2922706604004","31.1241301304379","32.2173025321347","32.6746711730957","33.2606201829033","33.3059310913086","35.2588500976562","35.5546011622631","36.1886879229945","39.3285713195801","39.4400587660553","39.1148991116155","",
"Tajikistan","TJK","Educational attainment, at least completed upper secondary, population 25+, total (%) (cumulative)","SE.SEC.CUAT.UP.ZS","","","","","","","","","","","","","","","","","","","","","","","","","","","","","","77.1999969482422","","","","","","","","","","","78.9637222290039","","","76.6137649109339","","","","75.5284041488601","","76.2276910259915","","","","","","","82.3367962379108","80.6697616577148","","","","","","","","",
"Turkmenistan","TKM","Educational attainment, at least completed upper secondary, population 25+, total (%) (cumulative)","SE.SEC.CUAT.UP.ZS","","","","","","","","","","","","","","","","","","","","","","","","","","","","","","","","","","","","77.0722808837891","","","","","","","","","","","","","","","","","","","","29.0045890808106","","","","","","","98.383918762207","","","",
"Latin America & the Caribbean (IDA & IBRD countries)","TLA","Educational attainment, at least completed upper secondary, population 25+, total (%) (cumulative)","SE.SEC.CUAT.UP.ZS","","","","","","","","","","","","","","","","","","","","","","","","","","","","","","","","","","","","","","","","","","","","","","","","","","","","","","","","","","","","","","","","","","",
"Timor-Leste","TLS","Educational attainment, at least completed upper secondary, population 25+, total (%) (cumulative)","SE.SEC.CUAT.UP.ZS","","","","","","","","","","","","","","","","","","","","","","","","","","","","","","","","","","","","","","","","","","10.3576565345495","","","","","","","","","21.4712104797363","","","","","29.7305847225893","26.1449508666992","","","","","","63.4583282470703","","","",
"Middle East, North Africa, Afghanistan & Pakistan (IDA & IBRD)","TMN","Educational attainment, at least completed upper secondary, population 25+, total (%) (cumulative)","SE.SEC.CUAT.UP.ZS","","","","","","","","","","","","","","","","","","","","","","","","","","","","","","","","","","","","","","","","","","","","","","","","","","","","","","","","","","","","","","","","","","",
"Tonga","TON","Educational attainment, at least completed upper secondary, population 25+, total (%) (cumulative)","SE.SEC.CUAT.UP.ZS","","","","","","","","","","","","","","","","","","","","","","","","","","","","","","","","","","","","","","","","","","","","","","","","","","","","54.1289100646973","","","","","","","63.8764236121148","","","68.7770133541221","","41.5525585042607","","",
"South Asia (IDA & IBRD)","TSA","Educational attainment, at least completed upper secondary, population 25+, total (%) (cumulative)","SE.SEC.CUAT.UP.ZS","","","","","","","","","","","","","","","","","","","","","","","","","","","","","","","","","","","","","","","","","","","","","","","","","","","","","","","","","","","","","","","","","","",
"Sub-Saharan Africa (IDA & IBRD countries)","TSS","Educational attainment, at least completed upper secondary, population 25+, total (%) (cumulative)","SE.SEC.CUAT.UP.ZS","","","","","","","","","","","","","","","","","","","","","","","","","","","","","","","","","","","","","","","","","","","","","","","","","","","","","","","","","","","","","","","","","","",
"Trinidad and Tobago","TTO","Educational attainment, at least completed upper secondary, population 25+, total (%) (cumulative)","SE.SEC.CUAT.UP.ZS","","","","","","","","","","","","","","","","","","","","","6.90000009536743","","","","","","","","","","","","","","","","","","","","","","","","","","","","57.0230712890625","56.7341194152832","51.1673111150451","52.6712228603187","53.5626945676498","54.1681766785809","56.2645348062478","56.7309580645389","","","","52.3339197209346","52.6581979027097","","63.4034996032715","","","",
"Tunisia","TUN","Educational attainment, at least completed upper secondary, population 25+, total (%) (cumulative)","SE.SEC.CUAT.UP.ZS","","","","","","","","","","","","","","","","","","","","","6.59999990463257","","","","","","","","","","","","","","","","","","","","","","","","","34.2868203169449","35.1950112275729","36.1463397299551","37.0811263261569","39.0773794846914","39.33471236499","40.3687623798555","39.8205524272948","40.8919272118125","24.5912218702907","41.6188369952506","41.1825525043116","41.7812639293989","","","","","","19.4402809143066","","",
"Turkiye","TUR","Educational attainment, at least completed upper secondary, population 25+, total (%) (cumulative)","SE.SEC.CUAT.UP.ZS","","","","","","","","","","","","","","","","","","","","","","","","","","","","","","","","","","","","","","","","","12.7576237445264","12.8697608480764","13.8504532336948","14.9029898355808","21.0269203186035","22.1900291442871","23.2007503509521","23.6869201660156","26.4928703308106","27.7024993896484","29.9863891601562","31.7986698150635","32.7662582397461","33.7585105895996","35.237419128418","37.073558807373","37.6567001342773","39.0266990661621","33.5020027713147","42.1706085205078","36.4845848043889","37.7613341085524","39.2632895114887","41.0625784422624","","",
"Tuvalu","TUV","Educational attainment, at least completed upper secondary, population 25+, total (%) (cumulative)","SE.SEC.CUAT.UP.ZS","","","","","","","","","","","","","","","","","","","","","","","","","","","","","","","","","","","","","","","","","","","","","","","","","","","18.0450005165907","","","","","","43.2030771804805","","","33.1257514953613","","","","","","",
"Tanzania","TZA","Educational attainment, at least completed upper secondary, population 25+, total (%) (cumulative)","SE.SEC.CUAT.UP.ZS","","","","","","","","","","","","","","","","","","","","","","","","","","","","","","","","","","","","","","","","","","0.808757879682355","1.62287998199463","","","","1.31394619692309","","1.63577972944282","","2.0456363458292","","3.39596009254456","","6.03727175759067","5.27380990982056","","","4.05194997787476","","","","6.54216003417969","","","",
"Uganda","UGA","Educational attainment, at least completed upper secondary, population 25+, total (%) (cumulative)","SE.SEC.CUAT.UP.ZS","","","","","","","","","","","","","","","","","","","","","","","","","","","","","","","","1.8545800447464","","","","","","","","","","","6.45393991470337","","","","","","8.77392959594727","","10.666729927063","8.22214427238142","9.86979961395264","","10.4185403831742","","12.2728204727173","","","14.2377504791157","","","","","13.1884098052978","",
"Ukraine","UKR","Educational attainment, at least completed upper secondary, population 25+, total (%) (cumulative)","SE.SEC.CUAT.UP.ZS","","","","","","","","","","","","","","","","","","","","","","","","","","","","","","","","","","","","","","","","","","74.3192291259766","","","","","","","","","","","","","","","","","74.8526755373297","70.9834079875464","71.541758874926","72.4826763598536","","","","",
"Upper middle income","UMC","Educational attainment, at least completed upper secondary, population 25+, total (%) (cumulative)","SE.SEC.CUAT.UP.ZS","","","","","","","","","","","","","","","","","","","","","","","","","","","","","","","","","","","","","","","","","","","","","","","","","","","","","","","","","","","","","","","","","","",
"Uruguay","URY","Educational attainment, at least completed upper secondary, population 25+, total (%) (cumulative)","SE.SEC.CUAT.UP.ZS","","","","","","","","","","","","","","","","6.33633995056152","","","","","","","","","","","","","","","","","","","","","","","25.6161838475002","25.3303740962957","25.2426686718162","29.9504705836157","30.3218574469913","34.4547996520996","33.4081001985142","","24.7390003204346","","26.9772205352783","27.7509708404541","27.1735992431641","27.0184593200684","27.5437107086182","27.5788993835449","28.4531497955322","28.7477607727051","28.7478008270264","30.018440246582","30.4411907196045","31.5105800628662","","33.5","34.8","34","35.0092582702637","",
"United States","USA","Educational attainment, at least completed upper secondary, population 25+, total (%) (cumulative)","SE.SEC.CUAT.UP.ZS","","","","","","","","","","","","","","","","","","","","","","","","","","","","","","","","","","","89.0161772479126","89.411039858669","89.6436036581065","90.0273232016357","90.3566959582523","90.835679574916","90.835575067592","91.1667627020552","91.3540456900476","91.4598239108993","85.9772567749023","85.191780090332","85.7510070800781","92.4371478045846","86.614128112793","86.7090835571289","87.1494064331055","87.5908889770508","87.6791000366211","88.1503067016602","88.3135833740234","88.4119720458984","89.0923614501953","89.8141326904297","89.8053588867188","94.6938014055522","90.9405212402344","91.313362121582","91.190803527832","91.4612884521484","91.6156005859375","",
"Uzbekistan","UZB","Educational attainment, at least completed upper secondary, population 25+, total (%) (cumulative)","SE.SEC.CUAT.UP.ZS","","","","","","","","","","","","","","","","","","","","","","","","","","","","","","","","","","","","","","","","","","","","","","","","","","","","","","91.5406112670898","91.9476318359375","92.0795822143555","92.5646209716797","","96.1492462158203","96.6762924194336","98.2941967056424","96.0379867553711","96.8379516601562","","","",
"St. Vincent and the Grenadines","VCT","Educational attainment, at least completed upper secondary, population 25+, total (%) (cumulative)","SE.SEC.CUAT.UP.ZS","","","","","","","","","","","","","","","","","","","","","","","","","","","","","","","","","","","","","","","","","","","","","","","","","","","","","","","","","","","","","","","","","","",
"Venezuela, RB","VEN","Educational attainment, at least completed upper secondary, population 25+, total (%) (cumulative)","SE.SEC.CUAT.UP.ZS","","","","","","","","","","","","","","","","","","","","","","","","","","","","","","","","","","","","","","","","","30.1","41.8175811767578","31.7","32.5","32.5","35.1","35.0905418395996","39.7827415466309","41.443660736084","42.9877090454102","44.9","46.9","47.3","49.7","51.4","55.793270111084","61.9245986938477","58.0678240724531","","","","","","","","",
"British Virgin Islands","VGB","Educational attainment, at least completed upper secondary, population 25+, total (%) (cumulative)","SE.SEC.CUAT.UP.ZS","","","","","","","","","","","","","","","","","","","","","","","","","","","","","","","","20.2121696472168","","","","","","","","","","","","","","","","","","","","","","","","","","","","","","","","","","",
"Virgin Islands (U.S.)","VIR","Educational attainment, at least completed upper secondary, population 25+, total (%) (cumulative)","SE.SEC.CUAT.UP.ZS","","","","","","","","","","","","","","","","","","","","","","","","","","","","","","","","","","","","","","","","","","","","","","","","","","","","","","","","","","","","","","","","","","",
"Viet Nam","VNM","Educational attainment, at least completed upper secondary, population 25+, total (%) (cumulative)","SE.SEC.CUAT.UP.ZS","","","","","","","","","","","","","","","","","","","","28.5617694854736","","","","","","","","","","","","","","","","","","","","","","","","","","","","","","25.6799507141113","25.8374403591898","26.6146215842897","27.2692824436299","28.1382815132216","29.043781123718","28.1156023838483","29.2793082925931","30.3265025972093","30.6719487337608","31.9328708648682","36.2106082275165","36.9125116087881","41.9241218566895","39.4747561493698","","",
"Vanuatu","VUT","Educational attainment, at least completed upper secondary, population 25+, total (%) (cumulative)","SE.SEC.CUAT.UP.ZS","","","","","","","","","","","","","","","","","","","","7.30000019073486","","","","","","","","","","","","","","","","","","","","","","","","","","","","","","","","","","","","","","","","20.8766313678964","19.1758354728476","","","12.2388801574707","","",
"World","WLD","Educational attainment, at least completed upper secondary, population 25+, total (%) (cumulative)","SE.SEC.CUAT.UP.ZS","","","","","","","","","","","","","","","","","","","","","","","","","","","","","","","","","","","","","","","","","","","","","","","","","","","","","","","","","","","","","","","","","","",
"Samoa","WSM","Educational attainment, at least completed upper secondary, population 25+, total (%) (cumulative)","SE.SEC.CUAT.UP.ZS","","","","","","","","","","","","6.339280128479","","","","","8.5","","","","","28.0583896636963","","","","","","","","","","","","","","","","","","","","63.0376281738281","","","","","","","","","","","54.5442561147149","","","","","","","39.5637283325195","","","43.901946573245","","","",
"Kosovo","XKX","Educational attainment, at least completed upper secondary, population 25+, total (%) (cumulative)","SE.SEC.CUAT.UP.ZS","","","","","","","","","","","","","","","","","","","","","","","","","","","","","","","","","","","","","","","","","","","","","","","","","","","","","","","","","","","","","","","","","","",
"Yemen, Rep.","YEM","Educational attainment, at least completed upper secondary, population 25+, total (%) (cumulative)","SE.SEC.CUAT.UP.ZS","","","","","","","","","","","","","","","","","","","","","","","","","","","","","","","","","","","","","","","","","","","","","","","","","","","","","","","18.6036268879874","","","","","","","","","25.6095199584961","","",
"South Africa","ZAF","Educational attainment, at least completed upper secondary, population 25+, total (%) (cumulative)","SE.SEC.CUAT.UP.ZS","","","","","","","","","","","10.3152503967285","","","","","","","","","","11.3112697601318","","","","","8.24429988861084","","","","","","","","","","","","","","","","26.9764499664307","","","","","","","","36.5986027043363","37.3779548196508","38.1154279412128","","39.6898406450314","40.7220812391492","40.8310099723","41.187928727249","42.4025035840145","42.8261385016175","43.6190376104454","49.127311706543","50.0408210754395","45.5105018615723","47.1957817077637","47.9632415771484","",
"Zambia","ZMB","Educational attainment, at least completed upper secondary, population 25+, total (%) (cumulative)","SE.SEC.CUAT.UP.ZS","","","","","","","","","","","","","","","","","","","","","","","","","","","","","","","15.9228496551514","","","","","","","","","","","","","","","","","","","","","","","","","24.021322426791","","","19.9344501495361","","","","","","24.3801898956299","",
"Zimbabwe","ZWE","Educational attainment, at least completed upper secondary, population 25+, total (%) (cumulative)","SE.SEC.CUAT.UP.ZS","","","","","","","","","","","","","","","","","","","","","","","","","","","","","","","","","","","","","","","","","","","10.3575096130371","","","","","","","","","","6.08305978775024","","15.1919898986816","11.7817697525024","","12.2648897171021","","13.274299621582","","","","","","",
